
nti45.elf:     file format elf32-avr

Sections:
Idx Name          Size      VMA       LMA       File off  Algn
  0 .text         00002636  00000000  00000000  00000094  2**1
                  CONTENTS, ALLOC, LOAD, READONLY, CODE
  1 .data         00000008  00800060  00002636  000026ca  2**0
                  CONTENTS, ALLOC, LOAD, DATA
  2 .bss          00000006  00800068  00800068  000026d2  2**0
                  ALLOC
  3 .stab         00002154  00000000  00000000  000026d4  2**2
                  CONTENTS, READONLY, DEBUGGING
  4 .stabstr      00000e02  00000000  00000000  00004828  2**0
                  CONTENTS, READONLY, DEBUGGING
  5 .debug_aranges 00000140  00000000  00000000  0000562a  2**0
                  CONTENTS, READONLY, DEBUGGING
  6 .debug_pubnames 00000170  00000000  00000000  0000576a  2**0
                  CONTENTS, READONLY, DEBUGGING
  7 .debug_info   00001c49  00000000  00000000  000058da  2**0
                  CONTENTS, READONLY, DEBUGGING
  8 .debug_abbrev 00000eeb  00000000  00000000  00007523  2**0
                  CONTENTS, READONLY, DEBUGGING
  9 .debug_line   00000dad  00000000  00000000  0000840e  2**0
                  CONTENTS, READONLY, DEBUGGING
 10 .debug_frame  00000160  00000000  00000000  000091bc  2**2
                  CONTENTS, READONLY, DEBUGGING
 11 .debug_str    0000028d  00000000  00000000  0000931c  2**0
                  CONTENTS, READONLY, DEBUGGING
 12 .debug_loc    000007ce  00000000  00000000  000095a9  2**0
                  CONTENTS, READONLY, DEBUGGING
 13 .debug_ranges 00000050  00000000  00000000  00009d77  2**0
                  CONTENTS, READONLY, DEBUGGING

Disassembly of section .text:

00000000 <__vectors>:
       0:	0c 94 2a 00 	jmp	0x54	; 0x54 <__ctors_end>
       4:	0c 94 47 00 	jmp	0x8e	; 0x8e <__bad_interrupt>
       8:	0c 94 47 00 	jmp	0x8e	; 0x8e <__bad_interrupt>
       c:	0c 94 47 00 	jmp	0x8e	; 0x8e <__bad_interrupt>
      10:	0c 94 47 00 	jmp	0x8e	; 0x8e <__bad_interrupt>
      14:	0c 94 47 00 	jmp	0x8e	; 0x8e <__bad_interrupt>
      18:	0c 94 47 00 	jmp	0x8e	; 0x8e <__bad_interrupt>
      1c:	0c 94 47 00 	jmp	0x8e	; 0x8e <__bad_interrupt>
      20:	0c 94 47 00 	jmp	0x8e	; 0x8e <__bad_interrupt>
      24:	0c 94 47 00 	jmp	0x8e	; 0x8e <__bad_interrupt>
      28:	0c 94 21 07 	jmp	0xe42	; 0xe42 <__vector_10>
      2c:	0c 94 ee 06 	jmp	0xddc	; 0xddc <__vector_11>
      30:	0c 94 47 00 	jmp	0x8e	; 0x8e <__bad_interrupt>
      34:	0c 94 47 00 	jmp	0x8e	; 0x8e <__bad_interrupt>
      38:	0c 94 47 00 	jmp	0x8e	; 0x8e <__bad_interrupt>
      3c:	0c 94 47 00 	jmp	0x8e	; 0x8e <__bad_interrupt>
      40:	0c 94 47 00 	jmp	0x8e	; 0x8e <__bad_interrupt>
      44:	0c 94 47 00 	jmp	0x8e	; 0x8e <__bad_interrupt>
      48:	0c 94 47 00 	jmp	0x8e	; 0x8e <__bad_interrupt>
      4c:	0c 94 47 00 	jmp	0x8e	; 0x8e <__bad_interrupt>
      50:	0c 94 19 12 	jmp	0x2432	; 0x2432 <__vector_20>

00000054 <__ctors_end>:
      54:	11 24       	eor	r1, r1
      56:	1f be       	out	0x3f, r1	; 63
      58:	cf e5       	ldi	r28, 0x5F	; 95
      5a:	d8 e0       	ldi	r29, 0x08	; 8
      5c:	de bf       	out	0x3e, r29	; 62
      5e:	cd bf       	out	0x3d, r28	; 61

00000060 <__do_clear_bss>:
      60:	10 e0       	ldi	r17, 0x00	; 0
      62:	a8 e6       	ldi	r26, 0x68	; 104
      64:	b0 e0       	ldi	r27, 0x00	; 0
      66:	01 c0       	rjmp	.+2      	; 0x6a <.do_clear_bss_start>

00000068 <.do_clear_bss_loop>:
      68:	1d 92       	st	X+, r1

0000006a <.do_clear_bss_start>:
      6a:	ae 36       	cpi	r26, 0x6E	; 110
      6c:	b1 07       	cpc	r27, r17
      6e:	e1 f7       	brne	.-8      	; 0x68 <.do_clear_bss_loop>

00000070 <__do_copy_data>:
      70:	10 e0       	ldi	r17, 0x00	; 0
      72:	a0 e6       	ldi	r26, 0x60	; 96
      74:	b0 e0       	ldi	r27, 0x00	; 0
      76:	e6 e3       	ldi	r30, 0x36	; 54
      78:	f6 e2       	ldi	r31, 0x26	; 38
      7a:	02 c0       	rjmp	.+4      	; 0x80 <.do_copy_data_start>

0000007c <.do_copy_data_loop>:
      7c:	05 90       	lpm	r0, Z+
      7e:	0d 92       	st	X+, r0

00000080 <.do_copy_data_start>:
      80:	a8 36       	cpi	r26, 0x68	; 104
      82:	b1 07       	cpc	r27, r17
      84:	d9 f7       	brne	.-10     	; 0x7c <.do_copy_data_loop>
      86:	0e 94 4c 12 	call	0x2498	; 0x2498 <main>
      8a:	0c 94 19 13 	jmp	0x2632	; 0x2632 <_exit>

0000008e <__bad_interrupt>:
      8e:	0c 94 00 00 	jmp	0	; 0x0 <__vectors>

00000092 <__fixunssfsi>:
      92:	ef 92       	push	r14
      94:	ff 92       	push	r15
      96:	0f 93       	push	r16
      98:	1f 93       	push	r17
      9a:	7b 01       	movw	r14, r22
      9c:	8c 01       	movw	r16, r24
      9e:	20 e0       	ldi	r18, 0x00	; 0
      a0:	30 e0       	ldi	r19, 0x00	; 0
      a2:	40 e0       	ldi	r20, 0x00	; 0
      a4:	5f e4       	ldi	r21, 0x4F	; 79
      a6:	0e 94 49 03 	call	0x692	; 0x692 <__gesf2>
      aa:	88 23       	and	r24, r24
      ac:	8c f0       	brlt	.+34     	; 0xd0 <__fixunssfsi+0x3e>
      ae:	c8 01       	movw	r24, r16
      b0:	b7 01       	movw	r22, r14
      b2:	20 e0       	ldi	r18, 0x00	; 0
      b4:	30 e0       	ldi	r19, 0x00	; 0
      b6:	40 e0       	ldi	r20, 0x00	; 0
      b8:	5f e4       	ldi	r21, 0x4F	; 79
      ba:	0e 94 c1 01 	call	0x382	; 0x382 <__subsf3>
      be:	0e 94 a9 03 	call	0x752	; 0x752 <__fixsfsi>
      c2:	9b 01       	movw	r18, r22
      c4:	ac 01       	movw	r20, r24
      c6:	20 50       	subi	r18, 0x00	; 0
      c8:	30 40       	sbci	r19, 0x00	; 0
      ca:	40 40       	sbci	r20, 0x00	; 0
      cc:	50 48       	sbci	r21, 0x80	; 128
      ce:	06 c0       	rjmp	.+12     	; 0xdc <__fixunssfsi+0x4a>
      d0:	c8 01       	movw	r24, r16
      d2:	b7 01       	movw	r22, r14
      d4:	0e 94 a9 03 	call	0x752	; 0x752 <__fixsfsi>
      d8:	9b 01       	movw	r18, r22
      da:	ac 01       	movw	r20, r24
      dc:	b9 01       	movw	r22, r18
      de:	ca 01       	movw	r24, r20
      e0:	1f 91       	pop	r17
      e2:	0f 91       	pop	r16
      e4:	ff 90       	pop	r15
      e6:	ef 90       	pop	r14
      e8:	08 95       	ret

000000ea <_fpadd_parts>:
      ea:	a0 e0       	ldi	r26, 0x00	; 0
      ec:	b0 e0       	ldi	r27, 0x00	; 0
      ee:	eb e7       	ldi	r30, 0x7B	; 123
      f0:	f0 e0       	ldi	r31, 0x00	; 0
      f2:	0c 94 e2 12 	jmp	0x25c4	; 0x25c4 <__prologue_saves__>
      f6:	dc 01       	movw	r26, r24
      f8:	2b 01       	movw	r4, r22
      fa:	fa 01       	movw	r30, r20
      fc:	9c 91       	ld	r25, X
      fe:	92 30       	cpi	r25, 0x02	; 2
     100:	08 f4       	brcc	.+2      	; 0x104 <_fpadd_parts+0x1a>
     102:	39 c1       	rjmp	.+626    	; 0x376 <_fpadd_parts+0x28c>
     104:	eb 01       	movw	r28, r22
     106:	88 81       	ld	r24, Y
     108:	82 30       	cpi	r24, 0x02	; 2
     10a:	08 f4       	brcc	.+2      	; 0x10e <_fpadd_parts+0x24>
     10c:	33 c1       	rjmp	.+614    	; 0x374 <_fpadd_parts+0x28a>
     10e:	94 30       	cpi	r25, 0x04	; 4
     110:	69 f4       	brne	.+26     	; 0x12c <_fpadd_parts+0x42>
     112:	84 30       	cpi	r24, 0x04	; 4
     114:	09 f0       	breq	.+2      	; 0x118 <_fpadd_parts+0x2e>
     116:	2f c1       	rjmp	.+606    	; 0x376 <_fpadd_parts+0x28c>
     118:	11 96       	adiw	r26, 0x01	; 1
     11a:	9c 91       	ld	r25, X
     11c:	11 97       	sbiw	r26, 0x01	; 1
     11e:	89 81       	ldd	r24, Y+1	; 0x01
     120:	98 17       	cp	r25, r24
     122:	09 f4       	brne	.+2      	; 0x126 <_fpadd_parts+0x3c>
     124:	28 c1       	rjmp	.+592    	; 0x376 <_fpadd_parts+0x28c>
     126:	a0 e6       	ldi	r26, 0x60	; 96
     128:	b0 e0       	ldi	r27, 0x00	; 0
     12a:	25 c1       	rjmp	.+586    	; 0x376 <_fpadd_parts+0x28c>
     12c:	84 30       	cpi	r24, 0x04	; 4
     12e:	09 f4       	brne	.+2      	; 0x132 <_fpadd_parts+0x48>
     130:	21 c1       	rjmp	.+578    	; 0x374 <_fpadd_parts+0x28a>
     132:	82 30       	cpi	r24, 0x02	; 2
     134:	a9 f4       	brne	.+42     	; 0x160 <_fpadd_parts+0x76>
     136:	92 30       	cpi	r25, 0x02	; 2
     138:	09 f0       	breq	.+2      	; 0x13c <_fpadd_parts+0x52>
     13a:	1d c1       	rjmp	.+570    	; 0x376 <_fpadd_parts+0x28c>
     13c:	9a 01       	movw	r18, r20
     13e:	ad 01       	movw	r20, r26
     140:	88 e0       	ldi	r24, 0x08	; 8
     142:	ea 01       	movw	r28, r20
     144:	09 90       	ld	r0, Y+
     146:	ae 01       	movw	r20, r28
     148:	e9 01       	movw	r28, r18
     14a:	09 92       	st	Y+, r0
     14c:	9e 01       	movw	r18, r28
     14e:	81 50       	subi	r24, 0x01	; 1
     150:	c1 f7       	brne	.-16     	; 0x142 <_fpadd_parts+0x58>
     152:	e2 01       	movw	r28, r4
     154:	89 81       	ldd	r24, Y+1	; 0x01
     156:	11 96       	adiw	r26, 0x01	; 1
     158:	9c 91       	ld	r25, X
     15a:	89 23       	and	r24, r25
     15c:	81 83       	std	Z+1, r24	; 0x01
     15e:	08 c1       	rjmp	.+528    	; 0x370 <_fpadd_parts+0x286>
     160:	92 30       	cpi	r25, 0x02	; 2
     162:	09 f4       	brne	.+2      	; 0x166 <_fpadd_parts+0x7c>
     164:	07 c1       	rjmp	.+526    	; 0x374 <_fpadd_parts+0x28a>
     166:	12 96       	adiw	r26, 0x02	; 2
     168:	2d 90       	ld	r2, X+
     16a:	3c 90       	ld	r3, X
     16c:	13 97       	sbiw	r26, 0x03	; 3
     16e:	eb 01       	movw	r28, r22
     170:	8a 81       	ldd	r24, Y+2	; 0x02
     172:	9b 81       	ldd	r25, Y+3	; 0x03
     174:	14 96       	adiw	r26, 0x04	; 4
     176:	ad 90       	ld	r10, X+
     178:	bd 90       	ld	r11, X+
     17a:	cd 90       	ld	r12, X+
     17c:	dc 90       	ld	r13, X
     17e:	17 97       	sbiw	r26, 0x07	; 7
     180:	ec 80       	ldd	r14, Y+4	; 0x04
     182:	fd 80       	ldd	r15, Y+5	; 0x05
     184:	0e 81       	ldd	r16, Y+6	; 0x06
     186:	1f 81       	ldd	r17, Y+7	; 0x07
     188:	91 01       	movw	r18, r2
     18a:	28 1b       	sub	r18, r24
     18c:	39 0b       	sbc	r19, r25
     18e:	b9 01       	movw	r22, r18
     190:	37 ff       	sbrs	r19, 7
     192:	04 c0       	rjmp	.+8      	; 0x19c <_fpadd_parts+0xb2>
     194:	66 27       	eor	r22, r22
     196:	77 27       	eor	r23, r23
     198:	62 1b       	sub	r22, r18
     19a:	73 0b       	sbc	r23, r19
     19c:	60 32       	cpi	r22, 0x20	; 32
     19e:	71 05       	cpc	r23, r1
     1a0:	0c f0       	brlt	.+2      	; 0x1a4 <_fpadd_parts+0xba>
     1a2:	61 c0       	rjmp	.+194    	; 0x266 <_fpadd_parts+0x17c>
     1a4:	12 16       	cp	r1, r18
     1a6:	13 06       	cpc	r1, r19
     1a8:	6c f5       	brge	.+90     	; 0x204 <_fpadd_parts+0x11a>
     1aa:	37 01       	movw	r6, r14
     1ac:	48 01       	movw	r8, r16
     1ae:	06 2e       	mov	r0, r22
     1b0:	04 c0       	rjmp	.+8      	; 0x1ba <_fpadd_parts+0xd0>
     1b2:	96 94       	lsr	r9
     1b4:	87 94       	ror	r8
     1b6:	77 94       	ror	r7
     1b8:	67 94       	ror	r6
     1ba:	0a 94       	dec	r0
     1bc:	d2 f7       	brpl	.-12     	; 0x1b2 <_fpadd_parts+0xc8>
     1be:	21 e0       	ldi	r18, 0x01	; 1
     1c0:	30 e0       	ldi	r19, 0x00	; 0
     1c2:	40 e0       	ldi	r20, 0x00	; 0
     1c4:	50 e0       	ldi	r21, 0x00	; 0
     1c6:	04 c0       	rjmp	.+8      	; 0x1d0 <_fpadd_parts+0xe6>
     1c8:	22 0f       	add	r18, r18
     1ca:	33 1f       	adc	r19, r19
     1cc:	44 1f       	adc	r20, r20
     1ce:	55 1f       	adc	r21, r21
     1d0:	6a 95       	dec	r22
     1d2:	d2 f7       	brpl	.-12     	; 0x1c8 <_fpadd_parts+0xde>
     1d4:	21 50       	subi	r18, 0x01	; 1
     1d6:	30 40       	sbci	r19, 0x00	; 0
     1d8:	40 40       	sbci	r20, 0x00	; 0
     1da:	50 40       	sbci	r21, 0x00	; 0
     1dc:	2e 21       	and	r18, r14
     1de:	3f 21       	and	r19, r15
     1e0:	40 23       	and	r20, r16
     1e2:	51 23       	and	r21, r17
     1e4:	21 15       	cp	r18, r1
     1e6:	31 05       	cpc	r19, r1
     1e8:	41 05       	cpc	r20, r1
     1ea:	51 05       	cpc	r21, r1
     1ec:	21 f0       	breq	.+8      	; 0x1f6 <_fpadd_parts+0x10c>
     1ee:	21 e0       	ldi	r18, 0x01	; 1
     1f0:	30 e0       	ldi	r19, 0x00	; 0
     1f2:	40 e0       	ldi	r20, 0x00	; 0
     1f4:	50 e0       	ldi	r21, 0x00	; 0
     1f6:	79 01       	movw	r14, r18
     1f8:	8a 01       	movw	r16, r20
     1fa:	e6 28       	or	r14, r6
     1fc:	f7 28       	or	r15, r7
     1fe:	08 29       	or	r16, r8
     200:	19 29       	or	r17, r9
     202:	3c c0       	rjmp	.+120    	; 0x27c <_fpadd_parts+0x192>
     204:	23 2b       	or	r18, r19
     206:	d1 f1       	breq	.+116    	; 0x27c <_fpadd_parts+0x192>
     208:	26 0e       	add	r2, r22
     20a:	37 1e       	adc	r3, r23
     20c:	35 01       	movw	r6, r10
     20e:	46 01       	movw	r8, r12
     210:	06 2e       	mov	r0, r22
     212:	04 c0       	rjmp	.+8      	; 0x21c <_fpadd_parts+0x132>
     214:	96 94       	lsr	r9
     216:	87 94       	ror	r8
     218:	77 94       	ror	r7
     21a:	67 94       	ror	r6
     21c:	0a 94       	dec	r0
     21e:	d2 f7       	brpl	.-12     	; 0x214 <_fpadd_parts+0x12a>
     220:	21 e0       	ldi	r18, 0x01	; 1
     222:	30 e0       	ldi	r19, 0x00	; 0
     224:	40 e0       	ldi	r20, 0x00	; 0
     226:	50 e0       	ldi	r21, 0x00	; 0
     228:	04 c0       	rjmp	.+8      	; 0x232 <_fpadd_parts+0x148>
     22a:	22 0f       	add	r18, r18
     22c:	33 1f       	adc	r19, r19
     22e:	44 1f       	adc	r20, r20
     230:	55 1f       	adc	r21, r21
     232:	6a 95       	dec	r22
     234:	d2 f7       	brpl	.-12     	; 0x22a <_fpadd_parts+0x140>
     236:	21 50       	subi	r18, 0x01	; 1
     238:	30 40       	sbci	r19, 0x00	; 0
     23a:	40 40       	sbci	r20, 0x00	; 0
     23c:	50 40       	sbci	r21, 0x00	; 0
     23e:	2a 21       	and	r18, r10
     240:	3b 21       	and	r19, r11
     242:	4c 21       	and	r20, r12
     244:	5d 21       	and	r21, r13
     246:	21 15       	cp	r18, r1
     248:	31 05       	cpc	r19, r1
     24a:	41 05       	cpc	r20, r1
     24c:	51 05       	cpc	r21, r1
     24e:	21 f0       	breq	.+8      	; 0x258 <_fpadd_parts+0x16e>
     250:	21 e0       	ldi	r18, 0x01	; 1
     252:	30 e0       	ldi	r19, 0x00	; 0
     254:	40 e0       	ldi	r20, 0x00	; 0
     256:	50 e0       	ldi	r21, 0x00	; 0
     258:	59 01       	movw	r10, r18
     25a:	6a 01       	movw	r12, r20
     25c:	a6 28       	or	r10, r6
     25e:	b7 28       	or	r11, r7
     260:	c8 28       	or	r12, r8
     262:	d9 28       	or	r13, r9
     264:	0b c0       	rjmp	.+22     	; 0x27c <_fpadd_parts+0x192>
     266:	82 15       	cp	r24, r2
     268:	93 05       	cpc	r25, r3
     26a:	2c f0       	brlt	.+10     	; 0x276 <_fpadd_parts+0x18c>
     26c:	1c 01       	movw	r2, r24
     26e:	aa 24       	eor	r10, r10
     270:	bb 24       	eor	r11, r11
     272:	65 01       	movw	r12, r10
     274:	03 c0       	rjmp	.+6      	; 0x27c <_fpadd_parts+0x192>
     276:	ee 24       	eor	r14, r14
     278:	ff 24       	eor	r15, r15
     27a:	87 01       	movw	r16, r14
     27c:	11 96       	adiw	r26, 0x01	; 1
     27e:	9c 91       	ld	r25, X
     280:	d2 01       	movw	r26, r4
     282:	11 96       	adiw	r26, 0x01	; 1
     284:	8c 91       	ld	r24, X
     286:	98 17       	cp	r25, r24
     288:	09 f4       	brne	.+2      	; 0x28c <_fpadd_parts+0x1a2>
     28a:	45 c0       	rjmp	.+138    	; 0x316 <_fpadd_parts+0x22c>
     28c:	99 23       	and	r25, r25
     28e:	39 f0       	breq	.+14     	; 0x29e <_fpadd_parts+0x1b4>
     290:	a8 01       	movw	r20, r16
     292:	97 01       	movw	r18, r14
     294:	2a 19       	sub	r18, r10
     296:	3b 09       	sbc	r19, r11
     298:	4c 09       	sbc	r20, r12
     29a:	5d 09       	sbc	r21, r13
     29c:	06 c0       	rjmp	.+12     	; 0x2aa <_fpadd_parts+0x1c0>
     29e:	a6 01       	movw	r20, r12
     2a0:	95 01       	movw	r18, r10
     2a2:	2e 19       	sub	r18, r14
     2a4:	3f 09       	sbc	r19, r15
     2a6:	40 0b       	sbc	r20, r16
     2a8:	51 0b       	sbc	r21, r17
     2aa:	57 fd       	sbrc	r21, 7
     2ac:	08 c0       	rjmp	.+16     	; 0x2be <_fpadd_parts+0x1d4>
     2ae:	11 82       	std	Z+1, r1	; 0x01
     2b0:	33 82       	std	Z+3, r3	; 0x03
     2b2:	22 82       	std	Z+2, r2	; 0x02
     2b4:	24 83       	std	Z+4, r18	; 0x04
     2b6:	35 83       	std	Z+5, r19	; 0x05
     2b8:	46 83       	std	Z+6, r20	; 0x06
     2ba:	57 83       	std	Z+7, r21	; 0x07
     2bc:	1d c0       	rjmp	.+58     	; 0x2f8 <_fpadd_parts+0x20e>
     2be:	81 e0       	ldi	r24, 0x01	; 1
     2c0:	81 83       	std	Z+1, r24	; 0x01
     2c2:	33 82       	std	Z+3, r3	; 0x03
     2c4:	22 82       	std	Z+2, r2	; 0x02
     2c6:	88 27       	eor	r24, r24
     2c8:	99 27       	eor	r25, r25
     2ca:	dc 01       	movw	r26, r24
     2cc:	82 1b       	sub	r24, r18
     2ce:	93 0b       	sbc	r25, r19
     2d0:	a4 0b       	sbc	r26, r20
     2d2:	b5 0b       	sbc	r27, r21
     2d4:	84 83       	std	Z+4, r24	; 0x04
     2d6:	95 83       	std	Z+5, r25	; 0x05
     2d8:	a6 83       	std	Z+6, r26	; 0x06
     2da:	b7 83       	std	Z+7, r27	; 0x07
     2dc:	0d c0       	rjmp	.+26     	; 0x2f8 <_fpadd_parts+0x20e>
     2de:	22 0f       	add	r18, r18
     2e0:	33 1f       	adc	r19, r19
     2e2:	44 1f       	adc	r20, r20
     2e4:	55 1f       	adc	r21, r21
     2e6:	24 83       	std	Z+4, r18	; 0x04
     2e8:	35 83       	std	Z+5, r19	; 0x05
     2ea:	46 83       	std	Z+6, r20	; 0x06
     2ec:	57 83       	std	Z+7, r21	; 0x07
     2ee:	82 81       	ldd	r24, Z+2	; 0x02
     2f0:	93 81       	ldd	r25, Z+3	; 0x03
     2f2:	01 97       	sbiw	r24, 0x01	; 1
     2f4:	93 83       	std	Z+3, r25	; 0x03
     2f6:	82 83       	std	Z+2, r24	; 0x02
     2f8:	24 81       	ldd	r18, Z+4	; 0x04
     2fa:	35 81       	ldd	r19, Z+5	; 0x05
     2fc:	46 81       	ldd	r20, Z+6	; 0x06
     2fe:	57 81       	ldd	r21, Z+7	; 0x07
     300:	da 01       	movw	r26, r20
     302:	c9 01       	movw	r24, r18
     304:	01 97       	sbiw	r24, 0x01	; 1
     306:	a1 09       	sbc	r26, r1
     308:	b1 09       	sbc	r27, r1
     30a:	8f 5f       	subi	r24, 0xFF	; 255
     30c:	9f 4f       	sbci	r25, 0xFF	; 255
     30e:	af 4f       	sbci	r26, 0xFF	; 255
     310:	bf 43       	sbci	r27, 0x3F	; 63
     312:	28 f3       	brcs	.-54     	; 0x2de <_fpadd_parts+0x1f4>
     314:	0b c0       	rjmp	.+22     	; 0x32c <_fpadd_parts+0x242>
     316:	91 83       	std	Z+1, r25	; 0x01
     318:	33 82       	std	Z+3, r3	; 0x03
     31a:	22 82       	std	Z+2, r2	; 0x02
     31c:	ea 0c       	add	r14, r10
     31e:	fb 1c       	adc	r15, r11
     320:	0c 1d       	adc	r16, r12
     322:	1d 1d       	adc	r17, r13
     324:	e4 82       	std	Z+4, r14	; 0x04
     326:	f5 82       	std	Z+5, r15	; 0x05
     328:	06 83       	std	Z+6, r16	; 0x06
     32a:	17 83       	std	Z+7, r17	; 0x07
     32c:	83 e0       	ldi	r24, 0x03	; 3
     32e:	80 83       	st	Z, r24
     330:	24 81       	ldd	r18, Z+4	; 0x04
     332:	35 81       	ldd	r19, Z+5	; 0x05
     334:	46 81       	ldd	r20, Z+6	; 0x06
     336:	57 81       	ldd	r21, Z+7	; 0x07
     338:	57 ff       	sbrs	r21, 7
     33a:	1a c0       	rjmp	.+52     	; 0x370 <_fpadd_parts+0x286>
     33c:	c9 01       	movw	r24, r18
     33e:	aa 27       	eor	r26, r26
     340:	97 fd       	sbrc	r25, 7
     342:	a0 95       	com	r26
     344:	ba 2f       	mov	r27, r26
     346:	81 70       	andi	r24, 0x01	; 1
     348:	90 70       	andi	r25, 0x00	; 0
     34a:	a0 70       	andi	r26, 0x00	; 0
     34c:	b0 70       	andi	r27, 0x00	; 0
     34e:	56 95       	lsr	r21
     350:	47 95       	ror	r20
     352:	37 95       	ror	r19
     354:	27 95       	ror	r18
     356:	82 2b       	or	r24, r18
     358:	93 2b       	or	r25, r19
     35a:	a4 2b       	or	r26, r20
     35c:	b5 2b       	or	r27, r21
     35e:	84 83       	std	Z+4, r24	; 0x04
     360:	95 83       	std	Z+5, r25	; 0x05
     362:	a6 83       	std	Z+6, r26	; 0x06
     364:	b7 83       	std	Z+7, r27	; 0x07
     366:	82 81       	ldd	r24, Z+2	; 0x02
     368:	93 81       	ldd	r25, Z+3	; 0x03
     36a:	01 96       	adiw	r24, 0x01	; 1
     36c:	93 83       	std	Z+3, r25	; 0x03
     36e:	82 83       	std	Z+2, r24	; 0x02
     370:	df 01       	movw	r26, r30
     372:	01 c0       	rjmp	.+2      	; 0x376 <_fpadd_parts+0x28c>
     374:	d2 01       	movw	r26, r4
     376:	cd 01       	movw	r24, r26
     378:	cd b7       	in	r28, 0x3d	; 61
     37a:	de b7       	in	r29, 0x3e	; 62
     37c:	e2 e1       	ldi	r30, 0x12	; 18
     37e:	0c 94 fe 12 	jmp	0x25fc	; 0x25fc <__epilogue_restores__>

00000382 <__subsf3>:
     382:	a0 e2       	ldi	r26, 0x20	; 32
     384:	b0 e0       	ldi	r27, 0x00	; 0
     386:	e7 ec       	ldi	r30, 0xC7	; 199
     388:	f1 e0       	ldi	r31, 0x01	; 1
     38a:	0c 94 ee 12 	jmp	0x25dc	; 0x25dc <__prologue_saves__+0x18>
     38e:	69 83       	std	Y+1, r22	; 0x01
     390:	7a 83       	std	Y+2, r23	; 0x02
     392:	8b 83       	std	Y+3, r24	; 0x03
     394:	9c 83       	std	Y+4, r25	; 0x04
     396:	2d 83       	std	Y+5, r18	; 0x05
     398:	3e 83       	std	Y+6, r19	; 0x06
     39a:	4f 83       	std	Y+7, r20	; 0x07
     39c:	58 87       	std	Y+8, r21	; 0x08
     39e:	e9 e0       	ldi	r30, 0x09	; 9
     3a0:	ee 2e       	mov	r14, r30
     3a2:	f1 2c       	mov	r15, r1
     3a4:	ec 0e       	add	r14, r28
     3a6:	fd 1e       	adc	r15, r29
     3a8:	ce 01       	movw	r24, r28
     3aa:	01 96       	adiw	r24, 0x01	; 1
     3ac:	b7 01       	movw	r22, r14
     3ae:	0e 94 d2 04 	call	0x9a4	; 0x9a4 <__unpack_f>
     3b2:	8e 01       	movw	r16, r28
     3b4:	0f 5e       	subi	r16, 0xEF	; 239
     3b6:	1f 4f       	sbci	r17, 0xFF	; 255
     3b8:	ce 01       	movw	r24, r28
     3ba:	05 96       	adiw	r24, 0x05	; 5
     3bc:	b8 01       	movw	r22, r16
     3be:	0e 94 d2 04 	call	0x9a4	; 0x9a4 <__unpack_f>
     3c2:	8a 89       	ldd	r24, Y+18	; 0x12
     3c4:	91 e0       	ldi	r25, 0x01	; 1
     3c6:	89 27       	eor	r24, r25
     3c8:	8a 8b       	std	Y+18, r24	; 0x12
     3ca:	c7 01       	movw	r24, r14
     3cc:	b8 01       	movw	r22, r16
     3ce:	ae 01       	movw	r20, r28
     3d0:	47 5e       	subi	r20, 0xE7	; 231
     3d2:	5f 4f       	sbci	r21, 0xFF	; 255
     3d4:	0e 94 75 00 	call	0xea	; 0xea <_fpadd_parts>
     3d8:	0e 94 fd 03 	call	0x7fa	; 0x7fa <__pack_f>
     3dc:	a0 96       	adiw	r28, 0x20	; 32
     3de:	e6 e0       	ldi	r30, 0x06	; 6
     3e0:	0c 94 0a 13 	jmp	0x2614	; 0x2614 <__epilogue_restores__+0x18>

000003e4 <__addsf3>:
     3e4:	a0 e2       	ldi	r26, 0x20	; 32
     3e6:	b0 e0       	ldi	r27, 0x00	; 0
     3e8:	e8 ef       	ldi	r30, 0xF8	; 248
     3ea:	f1 e0       	ldi	r31, 0x01	; 1
     3ec:	0c 94 ee 12 	jmp	0x25dc	; 0x25dc <__prologue_saves__+0x18>
     3f0:	69 83       	std	Y+1, r22	; 0x01
     3f2:	7a 83       	std	Y+2, r23	; 0x02
     3f4:	8b 83       	std	Y+3, r24	; 0x03
     3f6:	9c 83       	std	Y+4, r25	; 0x04
     3f8:	2d 83       	std	Y+5, r18	; 0x05
     3fa:	3e 83       	std	Y+6, r19	; 0x06
     3fc:	4f 83       	std	Y+7, r20	; 0x07
     3fe:	58 87       	std	Y+8, r21	; 0x08
     400:	f9 e0       	ldi	r31, 0x09	; 9
     402:	ef 2e       	mov	r14, r31
     404:	f1 2c       	mov	r15, r1
     406:	ec 0e       	add	r14, r28
     408:	fd 1e       	adc	r15, r29
     40a:	ce 01       	movw	r24, r28
     40c:	01 96       	adiw	r24, 0x01	; 1
     40e:	b7 01       	movw	r22, r14
     410:	0e 94 d2 04 	call	0x9a4	; 0x9a4 <__unpack_f>
     414:	8e 01       	movw	r16, r28
     416:	0f 5e       	subi	r16, 0xEF	; 239
     418:	1f 4f       	sbci	r17, 0xFF	; 255
     41a:	ce 01       	movw	r24, r28
     41c:	05 96       	adiw	r24, 0x05	; 5
     41e:	b8 01       	movw	r22, r16
     420:	0e 94 d2 04 	call	0x9a4	; 0x9a4 <__unpack_f>
     424:	c7 01       	movw	r24, r14
     426:	b8 01       	movw	r22, r16
     428:	ae 01       	movw	r20, r28
     42a:	47 5e       	subi	r20, 0xE7	; 231
     42c:	5f 4f       	sbci	r21, 0xFF	; 255
     42e:	0e 94 75 00 	call	0xea	; 0xea <_fpadd_parts>
     432:	0e 94 fd 03 	call	0x7fa	; 0x7fa <__pack_f>
     436:	a0 96       	adiw	r28, 0x20	; 32
     438:	e6 e0       	ldi	r30, 0x06	; 6
     43a:	0c 94 0a 13 	jmp	0x2614	; 0x2614 <__epilogue_restores__+0x18>

0000043e <__mulsf3>:
     43e:	a0 e2       	ldi	r26, 0x20	; 32
     440:	b0 e0       	ldi	r27, 0x00	; 0
     442:	e5 e2       	ldi	r30, 0x25	; 37
     444:	f2 e0       	ldi	r31, 0x02	; 2
     446:	0c 94 e2 12 	jmp	0x25c4	; 0x25c4 <__prologue_saves__>
     44a:	69 83       	std	Y+1, r22	; 0x01
     44c:	7a 83       	std	Y+2, r23	; 0x02
     44e:	8b 83       	std	Y+3, r24	; 0x03
     450:	9c 83       	std	Y+4, r25	; 0x04
     452:	2d 83       	std	Y+5, r18	; 0x05
     454:	3e 83       	std	Y+6, r19	; 0x06
     456:	4f 83       	std	Y+7, r20	; 0x07
     458:	58 87       	std	Y+8, r21	; 0x08
     45a:	ce 01       	movw	r24, r28
     45c:	01 96       	adiw	r24, 0x01	; 1
     45e:	be 01       	movw	r22, r28
     460:	67 5f       	subi	r22, 0xF7	; 247
     462:	7f 4f       	sbci	r23, 0xFF	; 255
     464:	0e 94 d2 04 	call	0x9a4	; 0x9a4 <__unpack_f>
     468:	ce 01       	movw	r24, r28
     46a:	05 96       	adiw	r24, 0x05	; 5
     46c:	be 01       	movw	r22, r28
     46e:	6f 5e       	subi	r22, 0xEF	; 239
     470:	7f 4f       	sbci	r23, 0xFF	; 255
     472:	0e 94 d2 04 	call	0x9a4	; 0x9a4 <__unpack_f>
     476:	99 85       	ldd	r25, Y+9	; 0x09
     478:	92 30       	cpi	r25, 0x02	; 2
     47a:	88 f0       	brcs	.+34     	; 0x49e <__mulsf3+0x60>
     47c:	89 89       	ldd	r24, Y+17	; 0x11
     47e:	82 30       	cpi	r24, 0x02	; 2
     480:	c8 f0       	brcs	.+50     	; 0x4b4 <__mulsf3+0x76>
     482:	94 30       	cpi	r25, 0x04	; 4
     484:	19 f4       	brne	.+6      	; 0x48c <__mulsf3+0x4e>
     486:	82 30       	cpi	r24, 0x02	; 2
     488:	51 f4       	brne	.+20     	; 0x49e <__mulsf3+0x60>
     48a:	04 c0       	rjmp	.+8      	; 0x494 <__mulsf3+0x56>
     48c:	84 30       	cpi	r24, 0x04	; 4
     48e:	29 f4       	brne	.+10     	; 0x49a <__mulsf3+0x5c>
     490:	92 30       	cpi	r25, 0x02	; 2
     492:	81 f4       	brne	.+32     	; 0x4b4 <__mulsf3+0x76>
     494:	80 e6       	ldi	r24, 0x60	; 96
     496:	90 e0       	ldi	r25, 0x00	; 0
     498:	c6 c0       	rjmp	.+396    	; 0x626 <__mulsf3+0x1e8>
     49a:	92 30       	cpi	r25, 0x02	; 2
     49c:	49 f4       	brne	.+18     	; 0x4b0 <__mulsf3+0x72>
     49e:	20 e0       	ldi	r18, 0x00	; 0
     4a0:	9a 85       	ldd	r25, Y+10	; 0x0a
     4a2:	8a 89       	ldd	r24, Y+18	; 0x12
     4a4:	98 13       	cpse	r25, r24
     4a6:	21 e0       	ldi	r18, 0x01	; 1
     4a8:	2a 87       	std	Y+10, r18	; 0x0a
     4aa:	ce 01       	movw	r24, r28
     4ac:	09 96       	adiw	r24, 0x09	; 9
     4ae:	bb c0       	rjmp	.+374    	; 0x626 <__mulsf3+0x1e8>
     4b0:	82 30       	cpi	r24, 0x02	; 2
     4b2:	49 f4       	brne	.+18     	; 0x4c6 <__mulsf3+0x88>
     4b4:	20 e0       	ldi	r18, 0x00	; 0
     4b6:	9a 85       	ldd	r25, Y+10	; 0x0a
     4b8:	8a 89       	ldd	r24, Y+18	; 0x12
     4ba:	98 13       	cpse	r25, r24
     4bc:	21 e0       	ldi	r18, 0x01	; 1
     4be:	2a 8b       	std	Y+18, r18	; 0x12
     4c0:	ce 01       	movw	r24, r28
     4c2:	41 96       	adiw	r24, 0x11	; 17
     4c4:	b0 c0       	rjmp	.+352    	; 0x626 <__mulsf3+0x1e8>
     4c6:	2d 84       	ldd	r2, Y+13	; 0x0d
     4c8:	3e 84       	ldd	r3, Y+14	; 0x0e
     4ca:	4f 84       	ldd	r4, Y+15	; 0x0f
     4cc:	58 88       	ldd	r5, Y+16	; 0x10
     4ce:	6d 88       	ldd	r6, Y+21	; 0x15
     4d0:	7e 88       	ldd	r7, Y+22	; 0x16
     4d2:	8f 88       	ldd	r8, Y+23	; 0x17
     4d4:	98 8c       	ldd	r9, Y+24	; 0x18
     4d6:	ee 24       	eor	r14, r14
     4d8:	ff 24       	eor	r15, r15
     4da:	87 01       	movw	r16, r14
     4dc:	aa 24       	eor	r10, r10
     4de:	bb 24       	eor	r11, r11
     4e0:	65 01       	movw	r12, r10
     4e2:	40 e0       	ldi	r20, 0x00	; 0
     4e4:	50 e0       	ldi	r21, 0x00	; 0
     4e6:	60 e0       	ldi	r22, 0x00	; 0
     4e8:	70 e0       	ldi	r23, 0x00	; 0
     4ea:	e0 e0       	ldi	r30, 0x00	; 0
     4ec:	f0 e0       	ldi	r31, 0x00	; 0
     4ee:	c1 01       	movw	r24, r2
     4f0:	81 70       	andi	r24, 0x01	; 1
     4f2:	90 70       	andi	r25, 0x00	; 0
     4f4:	89 2b       	or	r24, r25
     4f6:	e9 f0       	breq	.+58     	; 0x532 <__mulsf3+0xf4>
     4f8:	e6 0c       	add	r14, r6
     4fa:	f7 1c       	adc	r15, r7
     4fc:	08 1d       	adc	r16, r8
     4fe:	19 1d       	adc	r17, r9
     500:	9a 01       	movw	r18, r20
     502:	ab 01       	movw	r20, r22
     504:	2a 0d       	add	r18, r10
     506:	3b 1d       	adc	r19, r11
     508:	4c 1d       	adc	r20, r12
     50a:	5d 1d       	adc	r21, r13
     50c:	80 e0       	ldi	r24, 0x00	; 0
     50e:	90 e0       	ldi	r25, 0x00	; 0
     510:	a0 e0       	ldi	r26, 0x00	; 0
     512:	b0 e0       	ldi	r27, 0x00	; 0
     514:	e6 14       	cp	r14, r6
     516:	f7 04       	cpc	r15, r7
     518:	08 05       	cpc	r16, r8
     51a:	19 05       	cpc	r17, r9
     51c:	20 f4       	brcc	.+8      	; 0x526 <__mulsf3+0xe8>
     51e:	81 e0       	ldi	r24, 0x01	; 1
     520:	90 e0       	ldi	r25, 0x00	; 0
     522:	a0 e0       	ldi	r26, 0x00	; 0
     524:	b0 e0       	ldi	r27, 0x00	; 0
     526:	ba 01       	movw	r22, r20
     528:	a9 01       	movw	r20, r18
     52a:	48 0f       	add	r20, r24
     52c:	59 1f       	adc	r21, r25
     52e:	6a 1f       	adc	r22, r26
     530:	7b 1f       	adc	r23, r27
     532:	aa 0c       	add	r10, r10
     534:	bb 1c       	adc	r11, r11
     536:	cc 1c       	adc	r12, r12
     538:	dd 1c       	adc	r13, r13
     53a:	97 fe       	sbrs	r9, 7
     53c:	08 c0       	rjmp	.+16     	; 0x54e <__mulsf3+0x110>
     53e:	81 e0       	ldi	r24, 0x01	; 1
     540:	90 e0       	ldi	r25, 0x00	; 0
     542:	a0 e0       	ldi	r26, 0x00	; 0
     544:	b0 e0       	ldi	r27, 0x00	; 0
     546:	a8 2a       	or	r10, r24
     548:	b9 2a       	or	r11, r25
     54a:	ca 2a       	or	r12, r26
     54c:	db 2a       	or	r13, r27
     54e:	31 96       	adiw	r30, 0x01	; 1
     550:	e0 32       	cpi	r30, 0x20	; 32
     552:	f1 05       	cpc	r31, r1
     554:	49 f0       	breq	.+18     	; 0x568 <__mulsf3+0x12a>
     556:	66 0c       	add	r6, r6
     558:	77 1c       	adc	r7, r7
     55a:	88 1c       	adc	r8, r8
     55c:	99 1c       	adc	r9, r9
     55e:	56 94       	lsr	r5
     560:	47 94       	ror	r4
     562:	37 94       	ror	r3
     564:	27 94       	ror	r2
     566:	c3 cf       	rjmp	.-122    	; 0x4ee <__mulsf3+0xb0>
     568:	fa 85       	ldd	r31, Y+10	; 0x0a
     56a:	ea 89       	ldd	r30, Y+18	; 0x12
     56c:	2b 89       	ldd	r18, Y+19	; 0x13
     56e:	3c 89       	ldd	r19, Y+20	; 0x14
     570:	8b 85       	ldd	r24, Y+11	; 0x0b
     572:	9c 85       	ldd	r25, Y+12	; 0x0c
     574:	28 0f       	add	r18, r24
     576:	39 1f       	adc	r19, r25
     578:	2e 5f       	subi	r18, 0xFE	; 254
     57a:	3f 4f       	sbci	r19, 0xFF	; 255
     57c:	17 c0       	rjmp	.+46     	; 0x5ac <__mulsf3+0x16e>
     57e:	ca 01       	movw	r24, r20
     580:	81 70       	andi	r24, 0x01	; 1
     582:	90 70       	andi	r25, 0x00	; 0
     584:	89 2b       	or	r24, r25
     586:	61 f0       	breq	.+24     	; 0x5a0 <__mulsf3+0x162>
     588:	16 95       	lsr	r17
     58a:	07 95       	ror	r16
     58c:	f7 94       	ror	r15
     58e:	e7 94       	ror	r14
     590:	80 e0       	ldi	r24, 0x00	; 0
     592:	90 e0       	ldi	r25, 0x00	; 0
     594:	a0 e0       	ldi	r26, 0x00	; 0
     596:	b0 e8       	ldi	r27, 0x80	; 128
     598:	e8 2a       	or	r14, r24
     59a:	f9 2a       	or	r15, r25
     59c:	0a 2b       	or	r16, r26
     59e:	1b 2b       	or	r17, r27
     5a0:	76 95       	lsr	r23
     5a2:	67 95       	ror	r22
     5a4:	57 95       	ror	r21
     5a6:	47 95       	ror	r20
     5a8:	2f 5f       	subi	r18, 0xFF	; 255
     5aa:	3f 4f       	sbci	r19, 0xFF	; 255
     5ac:	77 fd       	sbrc	r23, 7
     5ae:	e7 cf       	rjmp	.-50     	; 0x57e <__mulsf3+0x140>
     5b0:	0c c0       	rjmp	.+24     	; 0x5ca <__mulsf3+0x18c>
     5b2:	44 0f       	add	r20, r20
     5b4:	55 1f       	adc	r21, r21
     5b6:	66 1f       	adc	r22, r22
     5b8:	77 1f       	adc	r23, r23
     5ba:	17 fd       	sbrc	r17, 7
     5bc:	41 60       	ori	r20, 0x01	; 1
     5be:	ee 0c       	add	r14, r14
     5c0:	ff 1c       	adc	r15, r15
     5c2:	00 1f       	adc	r16, r16
     5c4:	11 1f       	adc	r17, r17
     5c6:	21 50       	subi	r18, 0x01	; 1
     5c8:	30 40       	sbci	r19, 0x00	; 0
     5ca:	40 30       	cpi	r20, 0x00	; 0
     5cc:	90 e0       	ldi	r25, 0x00	; 0
     5ce:	59 07       	cpc	r21, r25
     5d0:	90 e0       	ldi	r25, 0x00	; 0
     5d2:	69 07       	cpc	r22, r25
     5d4:	90 e4       	ldi	r25, 0x40	; 64
     5d6:	79 07       	cpc	r23, r25
     5d8:	60 f3       	brcs	.-40     	; 0x5b2 <__mulsf3+0x174>
     5da:	2b 8f       	std	Y+27, r18	; 0x1b
     5dc:	3c 8f       	std	Y+28, r19	; 0x1c
     5de:	db 01       	movw	r26, r22
     5e0:	ca 01       	movw	r24, r20
     5e2:	8f 77       	andi	r24, 0x7F	; 127
     5e4:	90 70       	andi	r25, 0x00	; 0
     5e6:	a0 70       	andi	r26, 0x00	; 0
     5e8:	b0 70       	andi	r27, 0x00	; 0
     5ea:	80 34       	cpi	r24, 0x40	; 64
     5ec:	91 05       	cpc	r25, r1
     5ee:	a1 05       	cpc	r26, r1
     5f0:	b1 05       	cpc	r27, r1
     5f2:	61 f4       	brne	.+24     	; 0x60c <__mulsf3+0x1ce>
     5f4:	47 fd       	sbrc	r20, 7
     5f6:	0a c0       	rjmp	.+20     	; 0x60c <__mulsf3+0x1ce>
     5f8:	e1 14       	cp	r14, r1
     5fa:	f1 04       	cpc	r15, r1
     5fc:	01 05       	cpc	r16, r1
     5fe:	11 05       	cpc	r17, r1
     600:	29 f0       	breq	.+10     	; 0x60c <__mulsf3+0x1ce>
     602:	40 5c       	subi	r20, 0xC0	; 192
     604:	5f 4f       	sbci	r21, 0xFF	; 255
     606:	6f 4f       	sbci	r22, 0xFF	; 255
     608:	7f 4f       	sbci	r23, 0xFF	; 255
     60a:	40 78       	andi	r20, 0x80	; 128
     60c:	1a 8e       	std	Y+26, r1	; 0x1a
     60e:	fe 17       	cp	r31, r30
     610:	11 f0       	breq	.+4      	; 0x616 <__mulsf3+0x1d8>
     612:	81 e0       	ldi	r24, 0x01	; 1
     614:	8a 8f       	std	Y+26, r24	; 0x1a
     616:	4d 8f       	std	Y+29, r20	; 0x1d
     618:	5e 8f       	std	Y+30, r21	; 0x1e
     61a:	6f 8f       	std	Y+31, r22	; 0x1f
     61c:	78 a3       	std	Y+32, r23	; 0x20
     61e:	83 e0       	ldi	r24, 0x03	; 3
     620:	89 8f       	std	Y+25, r24	; 0x19
     622:	ce 01       	movw	r24, r28
     624:	49 96       	adiw	r24, 0x19	; 25
     626:	0e 94 fd 03 	call	0x7fa	; 0x7fa <__pack_f>
     62a:	a0 96       	adiw	r28, 0x20	; 32
     62c:	e2 e1       	ldi	r30, 0x12	; 18
     62e:	0c 94 fe 12 	jmp	0x25fc	; 0x25fc <__epilogue_restores__>

00000632 <__gtsf2>:
     632:	a8 e1       	ldi	r26, 0x18	; 24
     634:	b0 e0       	ldi	r27, 0x00	; 0
     636:	ef e1       	ldi	r30, 0x1F	; 31
     638:	f3 e0       	ldi	r31, 0x03	; 3
     63a:	0c 94 ee 12 	jmp	0x25dc	; 0x25dc <__prologue_saves__+0x18>
     63e:	69 83       	std	Y+1, r22	; 0x01
     640:	7a 83       	std	Y+2, r23	; 0x02
     642:	8b 83       	std	Y+3, r24	; 0x03
     644:	9c 83       	std	Y+4, r25	; 0x04
     646:	2d 83       	std	Y+5, r18	; 0x05
     648:	3e 83       	std	Y+6, r19	; 0x06
     64a:	4f 83       	std	Y+7, r20	; 0x07
     64c:	58 87       	std	Y+8, r21	; 0x08
     64e:	89 e0       	ldi	r24, 0x09	; 9
     650:	e8 2e       	mov	r14, r24
     652:	f1 2c       	mov	r15, r1
     654:	ec 0e       	add	r14, r28
     656:	fd 1e       	adc	r15, r29
     658:	ce 01       	movw	r24, r28
     65a:	01 96       	adiw	r24, 0x01	; 1
     65c:	b7 01       	movw	r22, r14
     65e:	0e 94 d2 04 	call	0x9a4	; 0x9a4 <__unpack_f>
     662:	8e 01       	movw	r16, r28
     664:	0f 5e       	subi	r16, 0xEF	; 239
     666:	1f 4f       	sbci	r17, 0xFF	; 255
     668:	ce 01       	movw	r24, r28
     66a:	05 96       	adiw	r24, 0x05	; 5
     66c:	b8 01       	movw	r22, r16
     66e:	0e 94 d2 04 	call	0x9a4	; 0x9a4 <__unpack_f>
     672:	89 85       	ldd	r24, Y+9	; 0x09
     674:	82 30       	cpi	r24, 0x02	; 2
     676:	40 f0       	brcs	.+16     	; 0x688 <__gtsf2+0x56>
     678:	89 89       	ldd	r24, Y+17	; 0x11
     67a:	82 30       	cpi	r24, 0x02	; 2
     67c:	28 f0       	brcs	.+10     	; 0x688 <__gtsf2+0x56>
     67e:	c7 01       	movw	r24, r14
     680:	b8 01       	movw	r22, r16
     682:	0e 94 4a 05 	call	0xa94	; 0xa94 <__fpcmp_parts_f>
     686:	01 c0       	rjmp	.+2      	; 0x68a <__gtsf2+0x58>
     688:	8f ef       	ldi	r24, 0xFF	; 255
     68a:	68 96       	adiw	r28, 0x18	; 24
     68c:	e6 e0       	ldi	r30, 0x06	; 6
     68e:	0c 94 0a 13 	jmp	0x2614	; 0x2614 <__epilogue_restores__+0x18>

00000692 <__gesf2>:
     692:	a8 e1       	ldi	r26, 0x18	; 24
     694:	b0 e0       	ldi	r27, 0x00	; 0
     696:	ef e4       	ldi	r30, 0x4F	; 79
     698:	f3 e0       	ldi	r31, 0x03	; 3
     69a:	0c 94 ee 12 	jmp	0x25dc	; 0x25dc <__prologue_saves__+0x18>
     69e:	69 83       	std	Y+1, r22	; 0x01
     6a0:	7a 83       	std	Y+2, r23	; 0x02
     6a2:	8b 83       	std	Y+3, r24	; 0x03
     6a4:	9c 83       	std	Y+4, r25	; 0x04
     6a6:	2d 83       	std	Y+5, r18	; 0x05
     6a8:	3e 83       	std	Y+6, r19	; 0x06
     6aa:	4f 83       	std	Y+7, r20	; 0x07
     6ac:	58 87       	std	Y+8, r21	; 0x08
     6ae:	89 e0       	ldi	r24, 0x09	; 9
     6b0:	e8 2e       	mov	r14, r24
     6b2:	f1 2c       	mov	r15, r1
     6b4:	ec 0e       	add	r14, r28
     6b6:	fd 1e       	adc	r15, r29
     6b8:	ce 01       	movw	r24, r28
     6ba:	01 96       	adiw	r24, 0x01	; 1
     6bc:	b7 01       	movw	r22, r14
     6be:	0e 94 d2 04 	call	0x9a4	; 0x9a4 <__unpack_f>
     6c2:	8e 01       	movw	r16, r28
     6c4:	0f 5e       	subi	r16, 0xEF	; 239
     6c6:	1f 4f       	sbci	r17, 0xFF	; 255
     6c8:	ce 01       	movw	r24, r28
     6ca:	05 96       	adiw	r24, 0x05	; 5
     6cc:	b8 01       	movw	r22, r16
     6ce:	0e 94 d2 04 	call	0x9a4	; 0x9a4 <__unpack_f>
     6d2:	89 85       	ldd	r24, Y+9	; 0x09
     6d4:	82 30       	cpi	r24, 0x02	; 2
     6d6:	40 f0       	brcs	.+16     	; 0x6e8 <__gesf2+0x56>
     6d8:	89 89       	ldd	r24, Y+17	; 0x11
     6da:	82 30       	cpi	r24, 0x02	; 2
     6dc:	28 f0       	brcs	.+10     	; 0x6e8 <__gesf2+0x56>
     6de:	c7 01       	movw	r24, r14
     6e0:	b8 01       	movw	r22, r16
     6e2:	0e 94 4a 05 	call	0xa94	; 0xa94 <__fpcmp_parts_f>
     6e6:	01 c0       	rjmp	.+2      	; 0x6ea <__gesf2+0x58>
     6e8:	8f ef       	ldi	r24, 0xFF	; 255
     6ea:	68 96       	adiw	r28, 0x18	; 24
     6ec:	e6 e0       	ldi	r30, 0x06	; 6
     6ee:	0c 94 0a 13 	jmp	0x2614	; 0x2614 <__epilogue_restores__+0x18>

000006f2 <__ltsf2>:
     6f2:	a8 e1       	ldi	r26, 0x18	; 24
     6f4:	b0 e0       	ldi	r27, 0x00	; 0
     6f6:	ef e7       	ldi	r30, 0x7F	; 127
     6f8:	f3 e0       	ldi	r31, 0x03	; 3
     6fa:	0c 94 ee 12 	jmp	0x25dc	; 0x25dc <__prologue_saves__+0x18>
     6fe:	69 83       	std	Y+1, r22	; 0x01
     700:	7a 83       	std	Y+2, r23	; 0x02
     702:	8b 83       	std	Y+3, r24	; 0x03
     704:	9c 83       	std	Y+4, r25	; 0x04
     706:	2d 83       	std	Y+5, r18	; 0x05
     708:	3e 83       	std	Y+6, r19	; 0x06
     70a:	4f 83       	std	Y+7, r20	; 0x07
     70c:	58 87       	std	Y+8, r21	; 0x08
     70e:	89 e0       	ldi	r24, 0x09	; 9
     710:	e8 2e       	mov	r14, r24
     712:	f1 2c       	mov	r15, r1
     714:	ec 0e       	add	r14, r28
     716:	fd 1e       	adc	r15, r29
     718:	ce 01       	movw	r24, r28
     71a:	01 96       	adiw	r24, 0x01	; 1
     71c:	b7 01       	movw	r22, r14
     71e:	0e 94 d2 04 	call	0x9a4	; 0x9a4 <__unpack_f>
     722:	8e 01       	movw	r16, r28
     724:	0f 5e       	subi	r16, 0xEF	; 239
     726:	1f 4f       	sbci	r17, 0xFF	; 255
     728:	ce 01       	movw	r24, r28
     72a:	05 96       	adiw	r24, 0x05	; 5
     72c:	b8 01       	movw	r22, r16
     72e:	0e 94 d2 04 	call	0x9a4	; 0x9a4 <__unpack_f>
     732:	89 85       	ldd	r24, Y+9	; 0x09
     734:	82 30       	cpi	r24, 0x02	; 2
     736:	40 f0       	brcs	.+16     	; 0x748 <__ltsf2+0x56>
     738:	89 89       	ldd	r24, Y+17	; 0x11
     73a:	82 30       	cpi	r24, 0x02	; 2
     73c:	28 f0       	brcs	.+10     	; 0x748 <__ltsf2+0x56>
     73e:	c7 01       	movw	r24, r14
     740:	b8 01       	movw	r22, r16
     742:	0e 94 4a 05 	call	0xa94	; 0xa94 <__fpcmp_parts_f>
     746:	01 c0       	rjmp	.+2      	; 0x74a <__ltsf2+0x58>
     748:	81 e0       	ldi	r24, 0x01	; 1
     74a:	68 96       	adiw	r28, 0x18	; 24
     74c:	e6 e0       	ldi	r30, 0x06	; 6
     74e:	0c 94 0a 13 	jmp	0x2614	; 0x2614 <__epilogue_restores__+0x18>

00000752 <__fixsfsi>:
     752:	ac e0       	ldi	r26, 0x0C	; 12
     754:	b0 e0       	ldi	r27, 0x00	; 0
     756:	ef ea       	ldi	r30, 0xAF	; 175
     758:	f3 e0       	ldi	r31, 0x03	; 3
     75a:	0c 94 f2 12 	jmp	0x25e4	; 0x25e4 <__prologue_saves__+0x20>
     75e:	69 83       	std	Y+1, r22	; 0x01
     760:	7a 83       	std	Y+2, r23	; 0x02
     762:	8b 83       	std	Y+3, r24	; 0x03
     764:	9c 83       	std	Y+4, r25	; 0x04
     766:	ce 01       	movw	r24, r28
     768:	01 96       	adiw	r24, 0x01	; 1
     76a:	be 01       	movw	r22, r28
     76c:	6b 5f       	subi	r22, 0xFB	; 251
     76e:	7f 4f       	sbci	r23, 0xFF	; 255
     770:	0e 94 d2 04 	call	0x9a4	; 0x9a4 <__unpack_f>
     774:	8d 81       	ldd	r24, Y+5	; 0x05
     776:	82 30       	cpi	r24, 0x02	; 2
     778:	61 f1       	breq	.+88     	; 0x7d2 <__fixsfsi+0x80>
     77a:	82 30       	cpi	r24, 0x02	; 2
     77c:	50 f1       	brcs	.+84     	; 0x7d2 <__fixsfsi+0x80>
     77e:	84 30       	cpi	r24, 0x04	; 4
     780:	21 f4       	brne	.+8      	; 0x78a <__fixsfsi+0x38>
     782:	8e 81       	ldd	r24, Y+6	; 0x06
     784:	88 23       	and	r24, r24
     786:	51 f1       	breq	.+84     	; 0x7dc <__fixsfsi+0x8a>
     788:	2e c0       	rjmp	.+92     	; 0x7e6 <__fixsfsi+0x94>
     78a:	2f 81       	ldd	r18, Y+7	; 0x07
     78c:	38 85       	ldd	r19, Y+8	; 0x08
     78e:	37 fd       	sbrc	r19, 7
     790:	20 c0       	rjmp	.+64     	; 0x7d2 <__fixsfsi+0x80>
     792:	6e 81       	ldd	r22, Y+6	; 0x06
     794:	2f 31       	cpi	r18, 0x1F	; 31
     796:	31 05       	cpc	r19, r1
     798:	1c f0       	brlt	.+6      	; 0x7a0 <__fixsfsi+0x4e>
     79a:	66 23       	and	r22, r22
     79c:	f9 f0       	breq	.+62     	; 0x7dc <__fixsfsi+0x8a>
     79e:	23 c0       	rjmp	.+70     	; 0x7e6 <__fixsfsi+0x94>
     7a0:	8e e1       	ldi	r24, 0x1E	; 30
     7a2:	90 e0       	ldi	r25, 0x00	; 0
     7a4:	82 1b       	sub	r24, r18
     7a6:	93 0b       	sbc	r25, r19
     7a8:	29 85       	ldd	r18, Y+9	; 0x09
     7aa:	3a 85       	ldd	r19, Y+10	; 0x0a
     7ac:	4b 85       	ldd	r20, Y+11	; 0x0b
     7ae:	5c 85       	ldd	r21, Y+12	; 0x0c
     7b0:	04 c0       	rjmp	.+8      	; 0x7ba <__fixsfsi+0x68>
     7b2:	56 95       	lsr	r21
     7b4:	47 95       	ror	r20
     7b6:	37 95       	ror	r19
     7b8:	27 95       	ror	r18
     7ba:	8a 95       	dec	r24
     7bc:	d2 f7       	brpl	.-12     	; 0x7b2 <__fixsfsi+0x60>
     7be:	66 23       	and	r22, r22
     7c0:	b1 f0       	breq	.+44     	; 0x7ee <__fixsfsi+0x9c>
     7c2:	50 95       	com	r21
     7c4:	40 95       	com	r20
     7c6:	30 95       	com	r19
     7c8:	21 95       	neg	r18
     7ca:	3f 4f       	sbci	r19, 0xFF	; 255
     7cc:	4f 4f       	sbci	r20, 0xFF	; 255
     7ce:	5f 4f       	sbci	r21, 0xFF	; 255
     7d0:	0e c0       	rjmp	.+28     	; 0x7ee <__fixsfsi+0x9c>
     7d2:	20 e0       	ldi	r18, 0x00	; 0
     7d4:	30 e0       	ldi	r19, 0x00	; 0
     7d6:	40 e0       	ldi	r20, 0x00	; 0
     7d8:	50 e0       	ldi	r21, 0x00	; 0
     7da:	09 c0       	rjmp	.+18     	; 0x7ee <__fixsfsi+0x9c>
     7dc:	2f ef       	ldi	r18, 0xFF	; 255
     7de:	3f ef       	ldi	r19, 0xFF	; 255
     7e0:	4f ef       	ldi	r20, 0xFF	; 255
     7e2:	5f e7       	ldi	r21, 0x7F	; 127
     7e4:	04 c0       	rjmp	.+8      	; 0x7ee <__fixsfsi+0x9c>
     7e6:	20 e0       	ldi	r18, 0x00	; 0
     7e8:	30 e0       	ldi	r19, 0x00	; 0
     7ea:	40 e0       	ldi	r20, 0x00	; 0
     7ec:	50 e8       	ldi	r21, 0x80	; 128
     7ee:	b9 01       	movw	r22, r18
     7f0:	ca 01       	movw	r24, r20
     7f2:	2c 96       	adiw	r28, 0x0c	; 12
     7f4:	e2 e0       	ldi	r30, 0x02	; 2
     7f6:	0c 94 0e 13 	jmp	0x261c	; 0x261c <__epilogue_restores__+0x20>

000007fa <__pack_f>:
     7fa:	df 92       	push	r13
     7fc:	ef 92       	push	r14
     7fe:	ff 92       	push	r15
     800:	0f 93       	push	r16
     802:	1f 93       	push	r17
     804:	fc 01       	movw	r30, r24
     806:	e4 80       	ldd	r14, Z+4	; 0x04
     808:	f5 80       	ldd	r15, Z+5	; 0x05
     80a:	06 81       	ldd	r16, Z+6	; 0x06
     80c:	17 81       	ldd	r17, Z+7	; 0x07
     80e:	d1 80       	ldd	r13, Z+1	; 0x01
     810:	80 81       	ld	r24, Z
     812:	82 30       	cpi	r24, 0x02	; 2
     814:	48 f4       	brcc	.+18     	; 0x828 <__pack_f+0x2e>
     816:	80 e0       	ldi	r24, 0x00	; 0
     818:	90 e0       	ldi	r25, 0x00	; 0
     81a:	a0 e1       	ldi	r26, 0x10	; 16
     81c:	b0 e0       	ldi	r27, 0x00	; 0
     81e:	e8 2a       	or	r14, r24
     820:	f9 2a       	or	r15, r25
     822:	0a 2b       	or	r16, r26
     824:	1b 2b       	or	r17, r27
     826:	a5 c0       	rjmp	.+330    	; 0x972 <__stack+0x113>
     828:	84 30       	cpi	r24, 0x04	; 4
     82a:	09 f4       	brne	.+2      	; 0x82e <__pack_f+0x34>
     82c:	9f c0       	rjmp	.+318    	; 0x96c <__stack+0x10d>
     82e:	82 30       	cpi	r24, 0x02	; 2
     830:	21 f4       	brne	.+8      	; 0x83a <__pack_f+0x40>
     832:	ee 24       	eor	r14, r14
     834:	ff 24       	eor	r15, r15
     836:	87 01       	movw	r16, r14
     838:	05 c0       	rjmp	.+10     	; 0x844 <__pack_f+0x4a>
     83a:	e1 14       	cp	r14, r1
     83c:	f1 04       	cpc	r15, r1
     83e:	01 05       	cpc	r16, r1
     840:	11 05       	cpc	r17, r1
     842:	19 f4       	brne	.+6      	; 0x84a <__pack_f+0x50>
     844:	e0 e0       	ldi	r30, 0x00	; 0
     846:	f0 e0       	ldi	r31, 0x00	; 0
     848:	96 c0       	rjmp	.+300    	; 0x976 <__stack+0x117>
     84a:	62 81       	ldd	r22, Z+2	; 0x02
     84c:	73 81       	ldd	r23, Z+3	; 0x03
     84e:	9f ef       	ldi	r25, 0xFF	; 255
     850:	62 38       	cpi	r22, 0x82	; 130
     852:	79 07       	cpc	r23, r25
     854:	0c f0       	brlt	.+2      	; 0x858 <__pack_f+0x5e>
     856:	5b c0       	rjmp	.+182    	; 0x90e <__stack+0xaf>
     858:	22 e8       	ldi	r18, 0x82	; 130
     85a:	3f ef       	ldi	r19, 0xFF	; 255
     85c:	26 1b       	sub	r18, r22
     85e:	37 0b       	sbc	r19, r23
     860:	2a 31       	cpi	r18, 0x1A	; 26
     862:	31 05       	cpc	r19, r1
     864:	2c f0       	brlt	.+10     	; 0x870 <__stack+0x11>
     866:	20 e0       	ldi	r18, 0x00	; 0
     868:	30 e0       	ldi	r19, 0x00	; 0
     86a:	40 e0       	ldi	r20, 0x00	; 0
     86c:	50 e0       	ldi	r21, 0x00	; 0
     86e:	2a c0       	rjmp	.+84     	; 0x8c4 <__stack+0x65>
     870:	b8 01       	movw	r22, r16
     872:	a7 01       	movw	r20, r14
     874:	02 2e       	mov	r0, r18
     876:	04 c0       	rjmp	.+8      	; 0x880 <__stack+0x21>
     878:	76 95       	lsr	r23
     87a:	67 95       	ror	r22
     87c:	57 95       	ror	r21
     87e:	47 95       	ror	r20
     880:	0a 94       	dec	r0
     882:	d2 f7       	brpl	.-12     	; 0x878 <__stack+0x19>
     884:	81 e0       	ldi	r24, 0x01	; 1
     886:	90 e0       	ldi	r25, 0x00	; 0
     888:	a0 e0       	ldi	r26, 0x00	; 0
     88a:	b0 e0       	ldi	r27, 0x00	; 0
     88c:	04 c0       	rjmp	.+8      	; 0x896 <__stack+0x37>
     88e:	88 0f       	add	r24, r24
     890:	99 1f       	adc	r25, r25
     892:	aa 1f       	adc	r26, r26
     894:	bb 1f       	adc	r27, r27
     896:	2a 95       	dec	r18
     898:	d2 f7       	brpl	.-12     	; 0x88e <__stack+0x2f>
     89a:	01 97       	sbiw	r24, 0x01	; 1
     89c:	a1 09       	sbc	r26, r1
     89e:	b1 09       	sbc	r27, r1
     8a0:	8e 21       	and	r24, r14
     8a2:	9f 21       	and	r25, r15
     8a4:	a0 23       	and	r26, r16
     8a6:	b1 23       	and	r27, r17
     8a8:	00 97       	sbiw	r24, 0x00	; 0
     8aa:	a1 05       	cpc	r26, r1
     8ac:	b1 05       	cpc	r27, r1
     8ae:	21 f0       	breq	.+8      	; 0x8b8 <__stack+0x59>
     8b0:	81 e0       	ldi	r24, 0x01	; 1
     8b2:	90 e0       	ldi	r25, 0x00	; 0
     8b4:	a0 e0       	ldi	r26, 0x00	; 0
     8b6:	b0 e0       	ldi	r27, 0x00	; 0
     8b8:	9a 01       	movw	r18, r20
     8ba:	ab 01       	movw	r20, r22
     8bc:	28 2b       	or	r18, r24
     8be:	39 2b       	or	r19, r25
     8c0:	4a 2b       	or	r20, r26
     8c2:	5b 2b       	or	r21, r27
     8c4:	da 01       	movw	r26, r20
     8c6:	c9 01       	movw	r24, r18
     8c8:	8f 77       	andi	r24, 0x7F	; 127
     8ca:	90 70       	andi	r25, 0x00	; 0
     8cc:	a0 70       	andi	r26, 0x00	; 0
     8ce:	b0 70       	andi	r27, 0x00	; 0
     8d0:	80 34       	cpi	r24, 0x40	; 64
     8d2:	91 05       	cpc	r25, r1
     8d4:	a1 05       	cpc	r26, r1
     8d6:	b1 05       	cpc	r27, r1
     8d8:	39 f4       	brne	.+14     	; 0x8e8 <__stack+0x89>
     8da:	27 ff       	sbrs	r18, 7
     8dc:	09 c0       	rjmp	.+18     	; 0x8f0 <__stack+0x91>
     8de:	20 5c       	subi	r18, 0xC0	; 192
     8e0:	3f 4f       	sbci	r19, 0xFF	; 255
     8e2:	4f 4f       	sbci	r20, 0xFF	; 255
     8e4:	5f 4f       	sbci	r21, 0xFF	; 255
     8e6:	04 c0       	rjmp	.+8      	; 0x8f0 <__stack+0x91>
     8e8:	21 5c       	subi	r18, 0xC1	; 193
     8ea:	3f 4f       	sbci	r19, 0xFF	; 255
     8ec:	4f 4f       	sbci	r20, 0xFF	; 255
     8ee:	5f 4f       	sbci	r21, 0xFF	; 255
     8f0:	e0 e0       	ldi	r30, 0x00	; 0
     8f2:	f0 e0       	ldi	r31, 0x00	; 0
     8f4:	20 30       	cpi	r18, 0x00	; 0
     8f6:	a0 e0       	ldi	r26, 0x00	; 0
     8f8:	3a 07       	cpc	r19, r26
     8fa:	a0 e0       	ldi	r26, 0x00	; 0
     8fc:	4a 07       	cpc	r20, r26
     8fe:	a0 e4       	ldi	r26, 0x40	; 64
     900:	5a 07       	cpc	r21, r26
     902:	10 f0       	brcs	.+4      	; 0x908 <__stack+0xa9>
     904:	e1 e0       	ldi	r30, 0x01	; 1
     906:	f0 e0       	ldi	r31, 0x00	; 0
     908:	79 01       	movw	r14, r18
     90a:	8a 01       	movw	r16, r20
     90c:	27 c0       	rjmp	.+78     	; 0x95c <__stack+0xfd>
     90e:	60 38       	cpi	r22, 0x80	; 128
     910:	71 05       	cpc	r23, r1
     912:	64 f5       	brge	.+88     	; 0x96c <__stack+0x10d>
     914:	fb 01       	movw	r30, r22
     916:	e1 58       	subi	r30, 0x81	; 129
     918:	ff 4f       	sbci	r31, 0xFF	; 255
     91a:	d8 01       	movw	r26, r16
     91c:	c7 01       	movw	r24, r14
     91e:	8f 77       	andi	r24, 0x7F	; 127
     920:	90 70       	andi	r25, 0x00	; 0
     922:	a0 70       	andi	r26, 0x00	; 0
     924:	b0 70       	andi	r27, 0x00	; 0
     926:	80 34       	cpi	r24, 0x40	; 64
     928:	91 05       	cpc	r25, r1
     92a:	a1 05       	cpc	r26, r1
     92c:	b1 05       	cpc	r27, r1
     92e:	39 f4       	brne	.+14     	; 0x93e <__stack+0xdf>
     930:	e7 fe       	sbrs	r14, 7
     932:	0d c0       	rjmp	.+26     	; 0x94e <__stack+0xef>
     934:	80 e4       	ldi	r24, 0x40	; 64
     936:	90 e0       	ldi	r25, 0x00	; 0
     938:	a0 e0       	ldi	r26, 0x00	; 0
     93a:	b0 e0       	ldi	r27, 0x00	; 0
     93c:	04 c0       	rjmp	.+8      	; 0x946 <__stack+0xe7>
     93e:	8f e3       	ldi	r24, 0x3F	; 63
     940:	90 e0       	ldi	r25, 0x00	; 0
     942:	a0 e0       	ldi	r26, 0x00	; 0
     944:	b0 e0       	ldi	r27, 0x00	; 0
     946:	e8 0e       	add	r14, r24
     948:	f9 1e       	adc	r15, r25
     94a:	0a 1f       	adc	r16, r26
     94c:	1b 1f       	adc	r17, r27
     94e:	17 ff       	sbrs	r17, 7
     950:	05 c0       	rjmp	.+10     	; 0x95c <__stack+0xfd>
     952:	16 95       	lsr	r17
     954:	07 95       	ror	r16
     956:	f7 94       	ror	r15
     958:	e7 94       	ror	r14
     95a:	31 96       	adiw	r30, 0x01	; 1
     95c:	87 e0       	ldi	r24, 0x07	; 7
     95e:	16 95       	lsr	r17
     960:	07 95       	ror	r16
     962:	f7 94       	ror	r15
     964:	e7 94       	ror	r14
     966:	8a 95       	dec	r24
     968:	d1 f7       	brne	.-12     	; 0x95e <__stack+0xff>
     96a:	05 c0       	rjmp	.+10     	; 0x976 <__stack+0x117>
     96c:	ee 24       	eor	r14, r14
     96e:	ff 24       	eor	r15, r15
     970:	87 01       	movw	r16, r14
     972:	ef ef       	ldi	r30, 0xFF	; 255
     974:	f0 e0       	ldi	r31, 0x00	; 0
     976:	6e 2f       	mov	r22, r30
     978:	67 95       	ror	r22
     97a:	66 27       	eor	r22, r22
     97c:	67 95       	ror	r22
     97e:	90 2f       	mov	r25, r16
     980:	9f 77       	andi	r25, 0x7F	; 127
     982:	d7 94       	ror	r13
     984:	dd 24       	eor	r13, r13
     986:	d7 94       	ror	r13
     988:	8e 2f       	mov	r24, r30
     98a:	86 95       	lsr	r24
     98c:	49 2f       	mov	r20, r25
     98e:	46 2b       	or	r20, r22
     990:	58 2f       	mov	r21, r24
     992:	5d 29       	or	r21, r13
     994:	b7 01       	movw	r22, r14
     996:	ca 01       	movw	r24, r20
     998:	1f 91       	pop	r17
     99a:	0f 91       	pop	r16
     99c:	ff 90       	pop	r15
     99e:	ef 90       	pop	r14
     9a0:	df 90       	pop	r13
     9a2:	08 95       	ret

000009a4 <__unpack_f>:
     9a4:	fc 01       	movw	r30, r24
     9a6:	db 01       	movw	r26, r22
     9a8:	40 81       	ld	r20, Z
     9aa:	51 81       	ldd	r21, Z+1	; 0x01
     9ac:	22 81       	ldd	r18, Z+2	; 0x02
     9ae:	62 2f       	mov	r22, r18
     9b0:	6f 77       	andi	r22, 0x7F	; 127
     9b2:	70 e0       	ldi	r23, 0x00	; 0
     9b4:	22 1f       	adc	r18, r18
     9b6:	22 27       	eor	r18, r18
     9b8:	22 1f       	adc	r18, r18
     9ba:	93 81       	ldd	r25, Z+3	; 0x03
     9bc:	89 2f       	mov	r24, r25
     9be:	88 0f       	add	r24, r24
     9c0:	82 2b       	or	r24, r18
     9c2:	28 2f       	mov	r18, r24
     9c4:	30 e0       	ldi	r19, 0x00	; 0
     9c6:	99 1f       	adc	r25, r25
     9c8:	99 27       	eor	r25, r25
     9ca:	99 1f       	adc	r25, r25
     9cc:	11 96       	adiw	r26, 0x01	; 1
     9ce:	9c 93       	st	X, r25
     9d0:	11 97       	sbiw	r26, 0x01	; 1
     9d2:	21 15       	cp	r18, r1
     9d4:	31 05       	cpc	r19, r1
     9d6:	a9 f5       	brne	.+106    	; 0xa42 <__unpack_f+0x9e>
     9d8:	41 15       	cp	r20, r1
     9da:	51 05       	cpc	r21, r1
     9dc:	61 05       	cpc	r22, r1
     9de:	71 05       	cpc	r23, r1
     9e0:	11 f4       	brne	.+4      	; 0x9e6 <__unpack_f+0x42>
     9e2:	82 e0       	ldi	r24, 0x02	; 2
     9e4:	37 c0       	rjmp	.+110    	; 0xa54 <__unpack_f+0xb0>
     9e6:	82 e8       	ldi	r24, 0x82	; 130
     9e8:	9f ef       	ldi	r25, 0xFF	; 255
     9ea:	13 96       	adiw	r26, 0x03	; 3
     9ec:	9c 93       	st	X, r25
     9ee:	8e 93       	st	-X, r24
     9f0:	12 97       	sbiw	r26, 0x02	; 2
     9f2:	9a 01       	movw	r18, r20
     9f4:	ab 01       	movw	r20, r22
     9f6:	67 e0       	ldi	r22, 0x07	; 7
     9f8:	22 0f       	add	r18, r18
     9fa:	33 1f       	adc	r19, r19
     9fc:	44 1f       	adc	r20, r20
     9fe:	55 1f       	adc	r21, r21
     a00:	6a 95       	dec	r22
     a02:	d1 f7       	brne	.-12     	; 0x9f8 <__unpack_f+0x54>
     a04:	83 e0       	ldi	r24, 0x03	; 3
     a06:	8c 93       	st	X, r24
     a08:	0d c0       	rjmp	.+26     	; 0xa24 <__unpack_f+0x80>
     a0a:	22 0f       	add	r18, r18
     a0c:	33 1f       	adc	r19, r19
     a0e:	44 1f       	adc	r20, r20
     a10:	55 1f       	adc	r21, r21
     a12:	12 96       	adiw	r26, 0x02	; 2
     a14:	8d 91       	ld	r24, X+
     a16:	9c 91       	ld	r25, X
     a18:	13 97       	sbiw	r26, 0x03	; 3
     a1a:	01 97       	sbiw	r24, 0x01	; 1
     a1c:	13 96       	adiw	r26, 0x03	; 3
     a1e:	9c 93       	st	X, r25
     a20:	8e 93       	st	-X, r24
     a22:	12 97       	sbiw	r26, 0x02	; 2
     a24:	20 30       	cpi	r18, 0x00	; 0
     a26:	80 e0       	ldi	r24, 0x00	; 0
     a28:	38 07       	cpc	r19, r24
     a2a:	80 e0       	ldi	r24, 0x00	; 0
     a2c:	48 07       	cpc	r20, r24
     a2e:	80 e4       	ldi	r24, 0x40	; 64
     a30:	58 07       	cpc	r21, r24
     a32:	58 f3       	brcs	.-42     	; 0xa0a <__unpack_f+0x66>
     a34:	14 96       	adiw	r26, 0x04	; 4
     a36:	2d 93       	st	X+, r18
     a38:	3d 93       	st	X+, r19
     a3a:	4d 93       	st	X+, r20
     a3c:	5c 93       	st	X, r21
     a3e:	17 97       	sbiw	r26, 0x07	; 7
     a40:	08 95       	ret
     a42:	2f 3f       	cpi	r18, 0xFF	; 255
     a44:	31 05       	cpc	r19, r1
     a46:	79 f4       	brne	.+30     	; 0xa66 <__unpack_f+0xc2>
     a48:	41 15       	cp	r20, r1
     a4a:	51 05       	cpc	r21, r1
     a4c:	61 05       	cpc	r22, r1
     a4e:	71 05       	cpc	r23, r1
     a50:	19 f4       	brne	.+6      	; 0xa58 <__unpack_f+0xb4>
     a52:	84 e0       	ldi	r24, 0x04	; 4
     a54:	8c 93       	st	X, r24
     a56:	08 95       	ret
     a58:	64 ff       	sbrs	r22, 4
     a5a:	03 c0       	rjmp	.+6      	; 0xa62 <__unpack_f+0xbe>
     a5c:	81 e0       	ldi	r24, 0x01	; 1
     a5e:	8c 93       	st	X, r24
     a60:	12 c0       	rjmp	.+36     	; 0xa86 <__unpack_f+0xe2>
     a62:	1c 92       	st	X, r1
     a64:	10 c0       	rjmp	.+32     	; 0xa86 <__unpack_f+0xe2>
     a66:	2f 57       	subi	r18, 0x7F	; 127
     a68:	30 40       	sbci	r19, 0x00	; 0
     a6a:	13 96       	adiw	r26, 0x03	; 3
     a6c:	3c 93       	st	X, r19
     a6e:	2e 93       	st	-X, r18
     a70:	12 97       	sbiw	r26, 0x02	; 2
     a72:	83 e0       	ldi	r24, 0x03	; 3
     a74:	8c 93       	st	X, r24
     a76:	87 e0       	ldi	r24, 0x07	; 7
     a78:	44 0f       	add	r20, r20
     a7a:	55 1f       	adc	r21, r21
     a7c:	66 1f       	adc	r22, r22
     a7e:	77 1f       	adc	r23, r23
     a80:	8a 95       	dec	r24
     a82:	d1 f7       	brne	.-12     	; 0xa78 <__unpack_f+0xd4>
     a84:	70 64       	ori	r23, 0x40	; 64
     a86:	14 96       	adiw	r26, 0x04	; 4
     a88:	4d 93       	st	X+, r20
     a8a:	5d 93       	st	X+, r21
     a8c:	6d 93       	st	X+, r22
     a8e:	7c 93       	st	X, r23
     a90:	17 97       	sbiw	r26, 0x07	; 7
     a92:	08 95       	ret

00000a94 <__fpcmp_parts_f>:
     a94:	1f 93       	push	r17
     a96:	dc 01       	movw	r26, r24
     a98:	fb 01       	movw	r30, r22
     a9a:	9c 91       	ld	r25, X
     a9c:	92 30       	cpi	r25, 0x02	; 2
     a9e:	08 f4       	brcc	.+2      	; 0xaa2 <__fpcmp_parts_f+0xe>
     aa0:	47 c0       	rjmp	.+142    	; 0xb30 <__fpcmp_parts_f+0x9c>
     aa2:	80 81       	ld	r24, Z
     aa4:	82 30       	cpi	r24, 0x02	; 2
     aa6:	08 f4       	brcc	.+2      	; 0xaaa <__fpcmp_parts_f+0x16>
     aa8:	43 c0       	rjmp	.+134    	; 0xb30 <__fpcmp_parts_f+0x9c>
     aaa:	94 30       	cpi	r25, 0x04	; 4
     aac:	51 f4       	brne	.+20     	; 0xac2 <__fpcmp_parts_f+0x2e>
     aae:	11 96       	adiw	r26, 0x01	; 1
     ab0:	1c 91       	ld	r17, X
     ab2:	84 30       	cpi	r24, 0x04	; 4
     ab4:	99 f5       	brne	.+102    	; 0xb1c <__fpcmp_parts_f+0x88>
     ab6:	81 81       	ldd	r24, Z+1	; 0x01
     ab8:	68 2f       	mov	r22, r24
     aba:	70 e0       	ldi	r23, 0x00	; 0
     abc:	61 1b       	sub	r22, r17
     abe:	71 09       	sbc	r23, r1
     ac0:	3f c0       	rjmp	.+126    	; 0xb40 <__fpcmp_parts_f+0xac>
     ac2:	84 30       	cpi	r24, 0x04	; 4
     ac4:	21 f0       	breq	.+8      	; 0xace <__fpcmp_parts_f+0x3a>
     ac6:	92 30       	cpi	r25, 0x02	; 2
     ac8:	31 f4       	brne	.+12     	; 0xad6 <__fpcmp_parts_f+0x42>
     aca:	82 30       	cpi	r24, 0x02	; 2
     acc:	b9 f1       	breq	.+110    	; 0xb3c <__fpcmp_parts_f+0xa8>
     ace:	81 81       	ldd	r24, Z+1	; 0x01
     ad0:	88 23       	and	r24, r24
     ad2:	89 f1       	breq	.+98     	; 0xb36 <__fpcmp_parts_f+0xa2>
     ad4:	2d c0       	rjmp	.+90     	; 0xb30 <__fpcmp_parts_f+0x9c>
     ad6:	11 96       	adiw	r26, 0x01	; 1
     ad8:	1c 91       	ld	r17, X
     ada:	11 97       	sbiw	r26, 0x01	; 1
     adc:	82 30       	cpi	r24, 0x02	; 2
     ade:	f1 f0       	breq	.+60     	; 0xb1c <__fpcmp_parts_f+0x88>
     ae0:	81 81       	ldd	r24, Z+1	; 0x01
     ae2:	18 17       	cp	r17, r24
     ae4:	d9 f4       	brne	.+54     	; 0xb1c <__fpcmp_parts_f+0x88>
     ae6:	12 96       	adiw	r26, 0x02	; 2
     ae8:	2d 91       	ld	r18, X+
     aea:	3c 91       	ld	r19, X
     aec:	13 97       	sbiw	r26, 0x03	; 3
     aee:	82 81       	ldd	r24, Z+2	; 0x02
     af0:	93 81       	ldd	r25, Z+3	; 0x03
     af2:	82 17       	cp	r24, r18
     af4:	93 07       	cpc	r25, r19
     af6:	94 f0       	brlt	.+36     	; 0xb1c <__fpcmp_parts_f+0x88>
     af8:	28 17       	cp	r18, r24
     afa:	39 07       	cpc	r19, r25
     afc:	bc f0       	brlt	.+46     	; 0xb2c <__fpcmp_parts_f+0x98>
     afe:	14 96       	adiw	r26, 0x04	; 4
     b00:	8d 91       	ld	r24, X+
     b02:	9d 91       	ld	r25, X+
     b04:	0d 90       	ld	r0, X+
     b06:	bc 91       	ld	r27, X
     b08:	a0 2d       	mov	r26, r0
     b0a:	24 81       	ldd	r18, Z+4	; 0x04
     b0c:	35 81       	ldd	r19, Z+5	; 0x05
     b0e:	46 81       	ldd	r20, Z+6	; 0x06
     b10:	57 81       	ldd	r21, Z+7	; 0x07
     b12:	28 17       	cp	r18, r24
     b14:	39 07       	cpc	r19, r25
     b16:	4a 07       	cpc	r20, r26
     b18:	5b 07       	cpc	r21, r27
     b1a:	18 f4       	brcc	.+6      	; 0xb22 <__fpcmp_parts_f+0x8e>
     b1c:	11 23       	and	r17, r17
     b1e:	41 f0       	breq	.+16     	; 0xb30 <__fpcmp_parts_f+0x9c>
     b20:	0a c0       	rjmp	.+20     	; 0xb36 <__fpcmp_parts_f+0xa2>
     b22:	82 17       	cp	r24, r18
     b24:	93 07       	cpc	r25, r19
     b26:	a4 07       	cpc	r26, r20
     b28:	b5 07       	cpc	r27, r21
     b2a:	40 f4       	brcc	.+16     	; 0xb3c <__fpcmp_parts_f+0xa8>
     b2c:	11 23       	and	r17, r17
     b2e:	19 f0       	breq	.+6      	; 0xb36 <__fpcmp_parts_f+0xa2>
     b30:	61 e0       	ldi	r22, 0x01	; 1
     b32:	70 e0       	ldi	r23, 0x00	; 0
     b34:	05 c0       	rjmp	.+10     	; 0xb40 <__fpcmp_parts_f+0xac>
     b36:	6f ef       	ldi	r22, 0xFF	; 255
     b38:	7f ef       	ldi	r23, 0xFF	; 255
     b3a:	02 c0       	rjmp	.+4      	; 0xb40 <__fpcmp_parts_f+0xac>
     b3c:	60 e0       	ldi	r22, 0x00	; 0
     b3e:	70 e0       	ldi	r23, 0x00	; 0
     b40:	cb 01       	movw	r24, r22
     b42:	1f 91       	pop	r17
     b44:	08 95       	ret

00000b46 <USART_voidInitialization>:
#include "USART_int.h"
#include "USART_private.h"
#include "USART_config.h"

void USART_voidInitialization(void)
{
     b46:	df 93       	push	r29
     b48:	cf 93       	push	r28
     b4a:	cd b7       	in	r28, 0x3d	; 61
     b4c:	de b7       	in	r29, 0x3e	; 62
#if USART_MODE == ASYNC_MODE
	CLR_BIT(UCSRC, UMSEL);
     b4e:	a0 e4       	ldi	r26, 0x40	; 64
     b50:	b0 e0       	ldi	r27, 0x00	; 0
     b52:	e0 e4       	ldi	r30, 0x40	; 64
     b54:	f0 e0       	ldi	r31, 0x00	; 0
     b56:	80 81       	ld	r24, Z
     b58:	8f 7b       	andi	r24, 0xBF	; 191
     b5a:	8c 93       	st	X, r24

	#if (USART_SPEED == DOUBLE_SPEED)
		SET_BIT(UCSRA, U2X);
	#elif (USART_SPEED == NORMAL_SPEED)
		CLR_BIT(UCSRA, U2X);
     b5c:	ab e2       	ldi	r26, 0x2B	; 43
     b5e:	b0 e0       	ldi	r27, 0x00	; 0
     b60:	eb e2       	ldi	r30, 0x2B	; 43
     b62:	f0 e0       	ldi	r31, 0x00	; 0
     b64:	80 81       	ld	r24, Z
     b66:	8d 7f       	andi	r24, 0xFD	; 253
     b68:	8c 93       	st	X, r24
	#endif

	UBRRL = USART_BAUDRATE;
     b6a:	e9 e2       	ldi	r30, 0x29	; 41
     b6c:	f0 e0       	ldi	r31, 0x00	; 0
     b6e:	83 e3       	ldi	r24, 0x33	; 51
     b70:	80 83       	st	Z, r24
		CLR_BIT(UCSRC, UCPOL);
	#endif
#endif

#if (USART_PARITY == PARITY_DISABLE)
	CLR_BIT(UCSRC, UPM0);
     b72:	a0 e4       	ldi	r26, 0x40	; 64
     b74:	b0 e0       	ldi	r27, 0x00	; 0
     b76:	e0 e4       	ldi	r30, 0x40	; 64
     b78:	f0 e0       	ldi	r31, 0x00	; 0
     b7a:	80 81       	ld	r24, Z
     b7c:	8f 7e       	andi	r24, 0xEF	; 239
     b7e:	8c 93       	st	X, r24
	CLR_BIT(UCSRC, UPM1);
     b80:	a0 e4       	ldi	r26, 0x40	; 64
     b82:	b0 e0       	ldi	r27, 0x00	; 0
     b84:	e0 e4       	ldi	r30, 0x40	; 64
     b86:	f0 e0       	ldi	r31, 0x00	; 0
     b88:	80 81       	ld	r24, Z
     b8a:	8f 7d       	andi	r24, 0xDF	; 223
     b8c:	8c 93       	st	X, r24
	SET_BIT(UCSRC, UPM0);
	SET_BIT(UCSRC, UPM1);
#endif

#if (USART_STOP_BIT == ONE_STOP_BIT)
	CLR_BIT(UCSRC, USBS);
     b8e:	a0 e4       	ldi	r26, 0x40	; 64
     b90:	b0 e0       	ldi	r27, 0x00	; 0
     b92:	e0 e4       	ldi	r30, 0x40	; 64
     b94:	f0 e0       	ldi	r31, 0x00	; 0
     b96:	80 81       	ld	r24, Z
     b98:	87 7f       	andi	r24, 0xF7	; 247
     b9a:	8c 93       	st	X, r24
	CLR_BIT(UCSRB, UCSZ2);
	SET_BIT(UCSRC, UCSZ1);
	CLR_BIT(UCSRC, UCSZ0);

#elif (USART_DATA_SIZE == DATA_8_BIT)
	CLR_BIT(UCSRB, UCSZ2);
     b9c:	aa e2       	ldi	r26, 0x2A	; 42
     b9e:	b0 e0       	ldi	r27, 0x00	; 0
     ba0:	ea e2       	ldi	r30, 0x2A	; 42
     ba2:	f0 e0       	ldi	r31, 0x00	; 0
     ba4:	80 81       	ld	r24, Z
     ba6:	8b 7f       	andi	r24, 0xFB	; 251
     ba8:	8c 93       	st	X, r24
	SET_BIT(UCSRC, UCSZ1);
     baa:	a0 e4       	ldi	r26, 0x40	; 64
     bac:	b0 e0       	ldi	r27, 0x00	; 0
     bae:	e0 e4       	ldi	r30, 0x40	; 64
     bb0:	f0 e0       	ldi	r31, 0x00	; 0
     bb2:	80 81       	ld	r24, Z
     bb4:	84 60       	ori	r24, 0x04	; 4
     bb6:	8c 93       	st	X, r24
	SET_BIT(UCSRC, UCSZ0);
     bb8:	a0 e4       	ldi	r26, 0x40	; 64
     bba:	b0 e0       	ldi	r27, 0x00	; 0
     bbc:	e0 e4       	ldi	r30, 0x40	; 64
     bbe:	f0 e0       	ldi	r31, 0x00	; 0
     bc0:	80 81       	ld	r24, Z
     bc2:	82 60       	ori	r24, 0x02	; 2
     bc4:	8c 93       	st	X, r24
	SET_BIT(UCSRB, UCSZ2);
	SET_BIT(UCSRC, UCSZ1);
	SET_BIT(UCSRC, UCSZ0);
#endif

	SET_BIT(UCSRB, RXEN);
     bc6:	aa e2       	ldi	r26, 0x2A	; 42
     bc8:	b0 e0       	ldi	r27, 0x00	; 0
     bca:	ea e2       	ldi	r30, 0x2A	; 42
     bcc:	f0 e0       	ldi	r31, 0x00	; 0
     bce:	80 81       	ld	r24, Z
     bd0:	80 61       	ori	r24, 0x10	; 16
     bd2:	8c 93       	st	X, r24
	SET_BIT(UCSRB, TXEN);
     bd4:	aa e2       	ldi	r26, 0x2A	; 42
     bd6:	b0 e0       	ldi	r27, 0x00	; 0
     bd8:	ea e2       	ldi	r30, 0x2A	; 42
     bda:	f0 e0       	ldi	r31, 0x00	; 0
     bdc:	80 81       	ld	r24, Z
     bde:	88 60       	ori	r24, 0x08	; 8
     be0:	8c 93       	st	X, r24
}
     be2:	cf 91       	pop	r28
     be4:	df 91       	pop	r29
     be6:	08 95       	ret

00000be8 <USART_voidTransmit>:

void USART_voidTransmit(u8 u8Data)
{
     be8:	df 93       	push	r29
     bea:	cf 93       	push	r28
     bec:	0f 92       	push	r0
     bee:	cd b7       	in	r28, 0x3d	; 61
     bf0:	de b7       	in	r29, 0x3e	; 62
     bf2:	89 83       	std	Y+1, r24	; 0x01
	while(GET_BIT(UCSRA, UDRE) == 0);
     bf4:	eb e2       	ldi	r30, 0x2B	; 43
     bf6:	f0 e0       	ldi	r31, 0x00	; 0
     bf8:	80 81       	ld	r24, Z
     bfa:	82 95       	swap	r24
     bfc:	86 95       	lsr	r24
     bfe:	87 70       	andi	r24, 0x07	; 7
     c00:	88 2f       	mov	r24, r24
     c02:	90 e0       	ldi	r25, 0x00	; 0
     c04:	81 70       	andi	r24, 0x01	; 1
     c06:	90 70       	andi	r25, 0x00	; 0
     c08:	00 97       	sbiw	r24, 0x00	; 0
     c0a:	a1 f3       	breq	.-24     	; 0xbf4 <USART_voidTransmit+0xc>

	UDR = u8Data;
     c0c:	ec e2       	ldi	r30, 0x2C	; 44
     c0e:	f0 e0       	ldi	r31, 0x00	; 0
     c10:	89 81       	ldd	r24, Y+1	; 0x01
     c12:	80 83       	st	Z, r24
}
     c14:	0f 90       	pop	r0
     c16:	cf 91       	pop	r28
     c18:	df 91       	pop	r29
     c1a:	08 95       	ret

00000c1c <USART_u8Receive>:

u8 USART_u8Receive(void)
{
     c1c:	df 93       	push	r29
     c1e:	cf 93       	push	r28
     c20:	cd b7       	in	r28, 0x3d	; 61
     c22:	de b7       	in	r29, 0x3e	; 62
	while(GET_BIT(UCSRA, RXC) == 0);
     c24:	eb e2       	ldi	r30, 0x2B	; 43
     c26:	f0 e0       	ldi	r31, 0x00	; 0
     c28:	80 81       	ld	r24, Z
     c2a:	88 23       	and	r24, r24
     c2c:	dc f7       	brge	.-10     	; 0xc24 <USART_u8Receive+0x8>

	return UDR;
     c2e:	ec e2       	ldi	r30, 0x2C	; 44
     c30:	f0 e0       	ldi	r31, 0x00	; 0
     c32:	80 81       	ld	r24, Z
}
     c34:	cf 91       	pop	r28
     c36:	df 91       	pop	r29
     c38:	08 95       	ret

00000c3a <TIM0_voidInit>:

static pf FunctionAddress1 = 0;
static pf FunctionAddress2 = 0;

void TIM0_voidInit(void)
{
     c3a:	df 93       	push	r29
     c3c:	cf 93       	push	r28
     c3e:	cd b7       	in	r28, 0x3d	; 61
     c40:	de b7       	in	r29, 0x3e	; 62
#if (TIMER0_MODE == NORMAL_MODE)

	CLR_BIT(TCCR0,WGM00);
     c42:	a3 e5       	ldi	r26, 0x53	; 83
     c44:	b0 e0       	ldi	r27, 0x00	; 0
     c46:	e3 e5       	ldi	r30, 0x53	; 83
     c48:	f0 e0       	ldi	r31, 0x00	; 0
     c4a:	80 81       	ld	r24, Z
     c4c:	8f 7b       	andi	r24, 0xBF	; 191
     c4e:	8c 93       	st	X, r24
	CLR_BIT(TCCR0,WGM01);
     c50:	a3 e5       	ldi	r26, 0x53	; 83
     c52:	b0 e0       	ldi	r27, 0x00	; 0
     c54:	e3 e5       	ldi	r30, 0x53	; 83
     c56:	f0 e0       	ldi	r31, 0x00	; 0
     c58:	80 81       	ld	r24, Z
     c5a:	87 7f       	andi	r24, 0xF7	; 247
     c5c:	8c 93       	st	X, r24
	CLR_BIT(TCCR0,WGM00);
	SET_BIT(TCCR0,WGM01);

#endif

	TCCR0 &= 0xF8;
     c5e:	a3 e5       	ldi	r26, 0x53	; 83
     c60:	b0 e0       	ldi	r27, 0x00	; 0
     c62:	e3 e5       	ldi	r30, 0x53	; 83
     c64:	f0 e0       	ldi	r31, 0x00	; 0
     c66:	80 81       	ld	r24, Z
     c68:	88 7f       	andi	r24, 0xF8	; 248
     c6a:	8c 93       	st	X, r24
	TCCR0 |= TIMER0_PRESCALER;
     c6c:	a3 e5       	ldi	r26, 0x53	; 83
     c6e:	b0 e0       	ldi	r27, 0x00	; 0
     c70:	e3 e5       	ldi	r30, 0x53	; 83
     c72:	f0 e0       	ldi	r31, 0x00	; 0
     c74:	80 81       	ld	r24, Z
     c76:	83 60       	ori	r24, 0x03	; 3
     c78:	8c 93       	st	X, r24

	CLR_BIT(TIMSK,TOIE0);
     c7a:	a9 e5       	ldi	r26, 0x59	; 89
     c7c:	b0 e0       	ldi	r27, 0x00	; 0
     c7e:	e9 e5       	ldi	r30, 0x59	; 89
     c80:	f0 e0       	ldi	r31, 0x00	; 0
     c82:	80 81       	ld	r24, Z
     c84:	8e 7f       	andi	r24, 0xFE	; 254
     c86:	8c 93       	st	X, r24
	CLR_BIT(TIMSK,OCIE0);
     c88:	a9 e5       	ldi	r26, 0x59	; 89
     c8a:	b0 e0       	ldi	r27, 0x00	; 0
     c8c:	e9 e5       	ldi	r30, 0x59	; 89
     c8e:	f0 e0       	ldi	r31, 0x00	; 0
     c90:	80 81       	ld	r24, Z
     c92:	8d 7f       	andi	r24, 0xFD	; 253
     c94:	8c 93       	st	X, r24

	SET_BIT(TIFR,TOV0);
     c96:	a8 e5       	ldi	r26, 0x58	; 88
     c98:	b0 e0       	ldi	r27, 0x00	; 0
     c9a:	e8 e5       	ldi	r30, 0x58	; 88
     c9c:	f0 e0       	ldi	r31, 0x00	; 0
     c9e:	80 81       	ld	r24, Z
     ca0:	81 60       	ori	r24, 0x01	; 1
     ca2:	8c 93       	st	X, r24
	SET_BIT(TIFR,OCF0);
     ca4:	a8 e5       	ldi	r26, 0x58	; 88
     ca6:	b0 e0       	ldi	r27, 0x00	; 0
     ca8:	e8 e5       	ldi	r30, 0x58	; 88
     caa:	f0 e0       	ldi	r31, 0x00	; 0
     cac:	80 81       	ld	r24, Z
     cae:	82 60       	ori	r24, 0x02	; 2
     cb0:	8c 93       	st	X, r24

	TCNT0 = 0;
     cb2:	e2 e5       	ldi	r30, 0x52	; 82
     cb4:	f0 e0       	ldi	r31, 0x00	; 0
     cb6:	10 82       	st	Z, r1
	OCR0 = 0;
     cb8:	ec e5       	ldi	r30, 0x5C	; 92
     cba:	f0 e0       	ldi	r31, 0x00	; 0
     cbc:	10 82       	st	Z, r1
}
     cbe:	cf 91       	pop	r28
     cc0:	df 91       	pop	r29
     cc2:	08 95       	ret

00000cc4 <TIM0_voidEnableOVInterrupt>:

void TIM0_voidEnableOVInterrupt(void)
{
     cc4:	df 93       	push	r29
     cc6:	cf 93       	push	r28
     cc8:	cd b7       	in	r28, 0x3d	; 61
     cca:	de b7       	in	r29, 0x3e	; 62
	SET_BIT(TIMSK,TOIE0);
     ccc:	a9 e5       	ldi	r26, 0x59	; 89
     cce:	b0 e0       	ldi	r27, 0x00	; 0
     cd0:	e9 e5       	ldi	r30, 0x59	; 89
     cd2:	f0 e0       	ldi	r31, 0x00	; 0
     cd4:	80 81       	ld	r24, Z
     cd6:	81 60       	ori	r24, 0x01	; 1
     cd8:	8c 93       	st	X, r24
}
     cda:	cf 91       	pop	r28
     cdc:	df 91       	pop	r29
     cde:	08 95       	ret

00000ce0 <TIM0_voidDisableOVInterrupt>:

void TIM0_voidDisableOVInterrupt(void)
{
     ce0:	df 93       	push	r29
     ce2:	cf 93       	push	r28
     ce4:	cd b7       	in	r28, 0x3d	; 61
     ce6:	de b7       	in	r29, 0x3e	; 62
	CLR_BIT(TIMSK,TOIE0);
     ce8:	a9 e5       	ldi	r26, 0x59	; 89
     cea:	b0 e0       	ldi	r27, 0x00	; 0
     cec:	e9 e5       	ldi	r30, 0x59	; 89
     cee:	f0 e0       	ldi	r31, 0x00	; 0
     cf0:	80 81       	ld	r24, Z
     cf2:	8e 7f       	andi	r24, 0xFE	; 254
     cf4:	8c 93       	st	X, r24
}
     cf6:	cf 91       	pop	r28
     cf8:	df 91       	pop	r29
     cfa:	08 95       	ret

00000cfc <TIM0_voidSetOVReg>:

void TIM0_voidSetOVReg(u8 Copy_u8OVRegValue)
{
     cfc:	df 93       	push	r29
     cfe:	cf 93       	push	r28
     d00:	0f 92       	push	r0
     d02:	cd b7       	in	r28, 0x3d	; 61
     d04:	de b7       	in	r29, 0x3e	; 62
     d06:	89 83       	std	Y+1, r24	; 0x01
	TCNT0 = Copy_u8OVRegValue;
     d08:	e2 e5       	ldi	r30, 0x52	; 82
     d0a:	f0 e0       	ldi	r31, 0x00	; 0
     d0c:	89 81       	ldd	r24, Y+1	; 0x01
     d0e:	80 83       	st	Z, r24
}
     d10:	0f 90       	pop	r0
     d12:	cf 91       	pop	r28
     d14:	df 91       	pop	r29
     d16:	08 95       	ret

00000d18 <TIM0_u8ReadOVReg>:

u8 TIM0_u8ReadOVReg(void)
{
     d18:	df 93       	push	r29
     d1a:	cf 93       	push	r28
     d1c:	cd b7       	in	r28, 0x3d	; 61
     d1e:	de b7       	in	r29, 0x3e	; 62
	return TCNT0;
     d20:	e2 e5       	ldi	r30, 0x52	; 82
     d22:	f0 e0       	ldi	r31, 0x00	; 0
     d24:	80 81       	ld	r24, Z
}
     d26:	cf 91       	pop	r28
     d28:	df 91       	pop	r29
     d2a:	08 95       	ret

00000d2c <TIM0_voidEnableCTCInterrupt>:

void TIM0_voidEnableCTCInterrupt(void)
{
     d2c:	df 93       	push	r29
     d2e:	cf 93       	push	r28
     d30:	cd b7       	in	r28, 0x3d	; 61
     d32:	de b7       	in	r29, 0x3e	; 62
	SET_BIT(TIMSK,OCIE0);
     d34:	a9 e5       	ldi	r26, 0x59	; 89
     d36:	b0 e0       	ldi	r27, 0x00	; 0
     d38:	e9 e5       	ldi	r30, 0x59	; 89
     d3a:	f0 e0       	ldi	r31, 0x00	; 0
     d3c:	80 81       	ld	r24, Z
     d3e:	82 60       	ori	r24, 0x02	; 2
     d40:	8c 93       	st	X, r24
}
     d42:	cf 91       	pop	r28
     d44:	df 91       	pop	r29
     d46:	08 95       	ret

00000d48 <TIM0_voidDisableCTCInterrupt>:

void TIM0_voidDisableCTCInterrupt(void)
{
     d48:	df 93       	push	r29
     d4a:	cf 93       	push	r28
     d4c:	cd b7       	in	r28, 0x3d	; 61
     d4e:	de b7       	in	r29, 0x3e	; 62
	CLR_BIT(TIMSK,OCIE0);
     d50:	a9 e5       	ldi	r26, 0x59	; 89
     d52:	b0 e0       	ldi	r27, 0x00	; 0
     d54:	e9 e5       	ldi	r30, 0x59	; 89
     d56:	f0 e0       	ldi	r31, 0x00	; 0
     d58:	80 81       	ld	r24, Z
     d5a:	8d 7f       	andi	r24, 0xFD	; 253
     d5c:	8c 93       	st	X, r24
}
     d5e:	cf 91       	pop	r28
     d60:	df 91       	pop	r29
     d62:	08 95       	ret

00000d64 <TIM0_voidSetCTCReg>:

void TIM0_voidSetCTCReg(u8 Copy_u8CTCRegValue)
{
     d64:	df 93       	push	r29
     d66:	cf 93       	push	r28
     d68:	0f 92       	push	r0
     d6a:	cd b7       	in	r28, 0x3d	; 61
     d6c:	de b7       	in	r29, 0x3e	; 62
     d6e:	89 83       	std	Y+1, r24	; 0x01
	OCR0 = Copy_u8CTCRegValue;
     d70:	ec e5       	ldi	r30, 0x5C	; 92
     d72:	f0 e0       	ldi	r31, 0x00	; 0
     d74:	89 81       	ldd	r24, Y+1	; 0x01
     d76:	80 83       	st	Z, r24
}
     d78:	0f 90       	pop	r0
     d7a:	cf 91       	pop	r28
     d7c:	df 91       	pop	r29
     d7e:	08 95       	ret

00000d80 <TIM0_u8ReadCTCReg>:

u8 TIM0_u8ReadCTCReg(void)
{
     d80:	df 93       	push	r29
     d82:	cf 93       	push	r28
     d84:	cd b7       	in	r28, 0x3d	; 61
     d86:	de b7       	in	r29, 0x3e	; 62
	return OCR0;
     d88:	ec e5       	ldi	r30, 0x5C	; 92
     d8a:	f0 e0       	ldi	r31, 0x00	; 0
     d8c:	80 81       	ld	r24, Z
}
     d8e:	cf 91       	pop	r28
     d90:	df 91       	pop	r29
     d92:	08 95       	ret

00000d94 <TIM0_voidOVSetCallBack>:

void TIM0_voidOVSetCallBack(pf OVFunctionAddress)
{
     d94:	df 93       	push	r29
     d96:	cf 93       	push	r28
     d98:	00 d0       	rcall	.+0      	; 0xd9a <TIM0_voidOVSetCallBack+0x6>
     d9a:	cd b7       	in	r28, 0x3d	; 61
     d9c:	de b7       	in	r29, 0x3e	; 62
     d9e:	9a 83       	std	Y+2, r25	; 0x02
     da0:	89 83       	std	Y+1, r24	; 0x01
	FunctionAddress1 = OVFunctionAddress;
     da2:	89 81       	ldd	r24, Y+1	; 0x01
     da4:	9a 81       	ldd	r25, Y+2	; 0x02
     da6:	90 93 69 00 	sts	0x0069, r25
     daa:	80 93 68 00 	sts	0x0068, r24
}
     dae:	0f 90       	pop	r0
     db0:	0f 90       	pop	r0
     db2:	cf 91       	pop	r28
     db4:	df 91       	pop	r29
     db6:	08 95       	ret

00000db8 <TIM0_voidCTCSetCallBack>:

void TIM0_voidCTCSetCallBack(pf CTCFunctionAddress)
{
     db8:	df 93       	push	r29
     dba:	cf 93       	push	r28
     dbc:	00 d0       	rcall	.+0      	; 0xdbe <TIM0_voidCTCSetCallBack+0x6>
     dbe:	cd b7       	in	r28, 0x3d	; 61
     dc0:	de b7       	in	r29, 0x3e	; 62
     dc2:	9a 83       	std	Y+2, r25	; 0x02
     dc4:	89 83       	std	Y+1, r24	; 0x01
	FunctionAddress2 = CTCFunctionAddress;
     dc6:	89 81       	ldd	r24, Y+1	; 0x01
     dc8:	9a 81       	ldd	r25, Y+2	; 0x02
     dca:	90 93 6b 00 	sts	0x006B, r25
     dce:	80 93 6a 00 	sts	0x006A, r24
}
     dd2:	0f 90       	pop	r0
     dd4:	0f 90       	pop	r0
     dd6:	cf 91       	pop	r28
     dd8:	df 91       	pop	r29
     dda:	08 95       	ret

00000ddc <__vector_11>:

void __vector_11(void) __attribute__((signal,used));
void __vector_11(void)
{
     ddc:	1f 92       	push	r1
     dde:	0f 92       	push	r0
     de0:	0f b6       	in	r0, 0x3f	; 63
     de2:	0f 92       	push	r0
     de4:	11 24       	eor	r1, r1
     de6:	2f 93       	push	r18
     de8:	3f 93       	push	r19
     dea:	4f 93       	push	r20
     dec:	5f 93       	push	r21
     dee:	6f 93       	push	r22
     df0:	7f 93       	push	r23
     df2:	8f 93       	push	r24
     df4:	9f 93       	push	r25
     df6:	af 93       	push	r26
     df8:	bf 93       	push	r27
     dfa:	ef 93       	push	r30
     dfc:	ff 93       	push	r31
     dfe:	df 93       	push	r29
     e00:	cf 93       	push	r28
     e02:	cd b7       	in	r28, 0x3d	; 61
     e04:	de b7       	in	r29, 0x3e	; 62
	if(FunctionAddress1 != 0)
     e06:	80 91 68 00 	lds	r24, 0x0068
     e0a:	90 91 69 00 	lds	r25, 0x0069
     e0e:	00 97       	sbiw	r24, 0x00	; 0
     e10:	29 f0       	breq	.+10     	; 0xe1c <__vector_11+0x40>
	{
		FunctionAddress1();
     e12:	e0 91 68 00 	lds	r30, 0x0068
     e16:	f0 91 69 00 	lds	r31, 0x0069
     e1a:	09 95       	icall
	}
}
     e1c:	cf 91       	pop	r28
     e1e:	df 91       	pop	r29
     e20:	ff 91       	pop	r31
     e22:	ef 91       	pop	r30
     e24:	bf 91       	pop	r27
     e26:	af 91       	pop	r26
     e28:	9f 91       	pop	r25
     e2a:	8f 91       	pop	r24
     e2c:	7f 91       	pop	r23
     e2e:	6f 91       	pop	r22
     e30:	5f 91       	pop	r21
     e32:	4f 91       	pop	r20
     e34:	3f 91       	pop	r19
     e36:	2f 91       	pop	r18
     e38:	0f 90       	pop	r0
     e3a:	0f be       	out	0x3f, r0	; 63
     e3c:	0f 90       	pop	r0
     e3e:	1f 90       	pop	r1
     e40:	18 95       	reti

00000e42 <__vector_10>:

void __vector_10(void) __attribute__((signal,used));
void __vector_10(void)
{
     e42:	1f 92       	push	r1
     e44:	0f 92       	push	r0
     e46:	0f b6       	in	r0, 0x3f	; 63
     e48:	0f 92       	push	r0
     e4a:	11 24       	eor	r1, r1
     e4c:	2f 93       	push	r18
     e4e:	3f 93       	push	r19
     e50:	4f 93       	push	r20
     e52:	5f 93       	push	r21
     e54:	6f 93       	push	r22
     e56:	7f 93       	push	r23
     e58:	8f 93       	push	r24
     e5a:	9f 93       	push	r25
     e5c:	af 93       	push	r26
     e5e:	bf 93       	push	r27
     e60:	ef 93       	push	r30
     e62:	ff 93       	push	r31
     e64:	df 93       	push	r29
     e66:	cf 93       	push	r28
     e68:	cd b7       	in	r28, 0x3d	; 61
     e6a:	de b7       	in	r29, 0x3e	; 62
	if(FunctionAddress2 != 0)
     e6c:	80 91 6a 00 	lds	r24, 0x006A
     e70:	90 91 6b 00 	lds	r25, 0x006B
     e74:	00 97       	sbiw	r24, 0x00	; 0
     e76:	29 f0       	breq	.+10     	; 0xe82 <__vector_10+0x40>
	{
		FunctionAddress2();
     e78:	e0 91 6a 00 	lds	r30, 0x006A
     e7c:	f0 91 6b 00 	lds	r31, 0x006B
     e80:	09 95       	icall
	}
}
     e82:	cf 91       	pop	r28
     e84:	df 91       	pop	r29
     e86:	ff 91       	pop	r31
     e88:	ef 91       	pop	r30
     e8a:	bf 91       	pop	r27
     e8c:	af 91       	pop	r26
     e8e:	9f 91       	pop	r25
     e90:	8f 91       	pop	r24
     e92:	7f 91       	pop	r23
     e94:	6f 91       	pop	r22
     e96:	5f 91       	pop	r21
     e98:	4f 91       	pop	r20
     e9a:	3f 91       	pop	r19
     e9c:	2f 91       	pop	r18
     e9e:	0f 90       	pop	r0
     ea0:	0f be       	out	0x3f, r0	; 63
     ea2:	0f 90       	pop	r0
     ea4:	1f 90       	pop	r1
     ea6:	18 95       	reti

00000ea8 <LCD_voidLCDInit>:
#include "LCD_config.h"
#include "LCD_private.h"
#include "LCD_int.h"

void LCD_voidLCDInit(void)
{
     ea8:	0f 93       	push	r16
     eaa:	1f 93       	push	r17
     eac:	df 93       	push	r29
     eae:	cf 93       	push	r28
     eb0:	cd b7       	in	r28, 0x3d	; 61
     eb2:	de b7       	in	r29, 0x3e	; 62
     eb4:	c6 54       	subi	r28, 0x46	; 70
     eb6:	d0 40       	sbci	r29, 0x00	; 0
     eb8:	0f b6       	in	r0, 0x3f	; 63
     eba:	f8 94       	cli
     ebc:	de bf       	out	0x3e, r29	; 62
     ebe:	0f be       	out	0x3f, r0	; 63
     ec0:	cd bf       	out	0x3d, r28	; 61
     ec2:	fe 01       	movw	r30, r28
     ec4:	ed 5b       	subi	r30, 0xBD	; 189
     ec6:	ff 4f       	sbci	r31, 0xFF	; 255
     ec8:	80 e0       	ldi	r24, 0x00	; 0
     eca:	90 e0       	ldi	r25, 0x00	; 0
     ecc:	a0 ef       	ldi	r26, 0xF0	; 240
     ece:	b1 e4       	ldi	r27, 0x41	; 65
     ed0:	80 83       	st	Z, r24
     ed2:	91 83       	std	Z+1, r25	; 0x01
     ed4:	a2 83       	std	Z+2, r26	; 0x02
     ed6:	b3 83       	std	Z+3, r27	; 0x03
 */
void
_delay_ms(double __ms)
{
	uint16_t __ticks;
	double __tmp = ((F_CPU) / 4e3) * __ms;
     ed8:	8e 01       	movw	r16, r28
     eda:	01 5c       	subi	r16, 0xC1	; 193
     edc:	1f 4f       	sbci	r17, 0xFF	; 255
     ede:	fe 01       	movw	r30, r28
     ee0:	ed 5b       	subi	r30, 0xBD	; 189
     ee2:	ff 4f       	sbci	r31, 0xFF	; 255
     ee4:	60 81       	ld	r22, Z
     ee6:	71 81       	ldd	r23, Z+1	; 0x01
     ee8:	82 81       	ldd	r24, Z+2	; 0x02
     eea:	93 81       	ldd	r25, Z+3	; 0x03
     eec:	20 e0       	ldi	r18, 0x00	; 0
     eee:	30 e0       	ldi	r19, 0x00	; 0
     ef0:	4a ef       	ldi	r20, 0xFA	; 250
     ef2:	54 e4       	ldi	r21, 0x44	; 68
     ef4:	0e 94 1f 02 	call	0x43e	; 0x43e <__mulsf3>
     ef8:	dc 01       	movw	r26, r24
     efa:	cb 01       	movw	r24, r22
     efc:	f8 01       	movw	r30, r16
     efe:	80 83       	st	Z, r24
     f00:	91 83       	std	Z+1, r25	; 0x01
     f02:	a2 83       	std	Z+2, r26	; 0x02
     f04:	b3 83       	std	Z+3, r27	; 0x03
	if (__tmp < 1.0)
     f06:	fe 01       	movw	r30, r28
     f08:	ff 96       	adiw	r30, 0x3f	; 63
     f0a:	60 81       	ld	r22, Z
     f0c:	71 81       	ldd	r23, Z+1	; 0x01
     f0e:	82 81       	ldd	r24, Z+2	; 0x02
     f10:	93 81       	ldd	r25, Z+3	; 0x03
     f12:	20 e0       	ldi	r18, 0x00	; 0
     f14:	30 e0       	ldi	r19, 0x00	; 0
     f16:	40 e8       	ldi	r20, 0x80	; 128
     f18:	5f e3       	ldi	r21, 0x3F	; 63
     f1a:	0e 94 79 03 	call	0x6f2	; 0x6f2 <__ltsf2>
     f1e:	88 23       	and	r24, r24
     f20:	2c f4       	brge	.+10     	; 0xf2c <LCD_voidLCDInit+0x84>
		__ticks = 1;
     f22:	81 e0       	ldi	r24, 0x01	; 1
     f24:	90 e0       	ldi	r25, 0x00	; 0
     f26:	9e af       	std	Y+62, r25	; 0x3e
     f28:	8d af       	std	Y+61, r24	; 0x3d
     f2a:	46 c0       	rjmp	.+140    	; 0xfb8 <LCD_voidLCDInit+0x110>
	else if (__tmp > 65535)
     f2c:	fe 01       	movw	r30, r28
     f2e:	ff 96       	adiw	r30, 0x3f	; 63
     f30:	60 81       	ld	r22, Z
     f32:	71 81       	ldd	r23, Z+1	; 0x01
     f34:	82 81       	ldd	r24, Z+2	; 0x02
     f36:	93 81       	ldd	r25, Z+3	; 0x03
     f38:	20 e0       	ldi	r18, 0x00	; 0
     f3a:	3f ef       	ldi	r19, 0xFF	; 255
     f3c:	4f e7       	ldi	r20, 0x7F	; 127
     f3e:	57 e4       	ldi	r21, 0x47	; 71
     f40:	0e 94 19 03 	call	0x632	; 0x632 <__gtsf2>
     f44:	18 16       	cp	r1, r24
     f46:	64 f5       	brge	.+88     	; 0xfa0 <LCD_voidLCDInit+0xf8>
	{
		//	__ticks = requested delay in 1/10 ms
		__ticks = (uint16_t) (__ms * 10.0);
     f48:	fe 01       	movw	r30, r28
     f4a:	ed 5b       	subi	r30, 0xBD	; 189
     f4c:	ff 4f       	sbci	r31, 0xFF	; 255
     f4e:	60 81       	ld	r22, Z
     f50:	71 81       	ldd	r23, Z+1	; 0x01
     f52:	82 81       	ldd	r24, Z+2	; 0x02
     f54:	93 81       	ldd	r25, Z+3	; 0x03
     f56:	20 e0       	ldi	r18, 0x00	; 0
     f58:	30 e0       	ldi	r19, 0x00	; 0
     f5a:	40 e2       	ldi	r20, 0x20	; 32
     f5c:	51 e4       	ldi	r21, 0x41	; 65
     f5e:	0e 94 1f 02 	call	0x43e	; 0x43e <__mulsf3>
     f62:	dc 01       	movw	r26, r24
     f64:	cb 01       	movw	r24, r22
     f66:	bc 01       	movw	r22, r24
     f68:	cd 01       	movw	r24, r26
     f6a:	0e 94 49 00 	call	0x92	; 0x92 <__fixunssfsi>
     f6e:	dc 01       	movw	r26, r24
     f70:	cb 01       	movw	r24, r22
     f72:	9e af       	std	Y+62, r25	; 0x3e
     f74:	8d af       	std	Y+61, r24	; 0x3d
     f76:	0f c0       	rjmp	.+30     	; 0xf96 <LCD_voidLCDInit+0xee>
     f78:	88 ec       	ldi	r24, 0xC8	; 200
     f7a:	90 e0       	ldi	r25, 0x00	; 0
     f7c:	9c af       	std	Y+60, r25	; 0x3c
     f7e:	8b af       	std	Y+59, r24	; 0x3b
    milliseconds can be achieved.
 */
void
_delay_loop_2(uint16_t __count)
{
	__asm__ volatile (
     f80:	8b ad       	ldd	r24, Y+59	; 0x3b
     f82:	9c ad       	ldd	r25, Y+60	; 0x3c
     f84:	01 97       	sbiw	r24, 0x01	; 1
     f86:	f1 f7       	brne	.-4      	; 0xf84 <LCD_voidLCDInit+0xdc>
     f88:	9c af       	std	Y+60, r25	; 0x3c
     f8a:	8b af       	std	Y+59, r24	; 0x3b
		while(__ticks)
		{
			// wait 1/10 ms
			_delay_loop_2(((F_CPU) / 4e3) / 10);
			__ticks --;
     f8c:	8d ad       	ldd	r24, Y+61	; 0x3d
     f8e:	9e ad       	ldd	r25, Y+62	; 0x3e
     f90:	01 97       	sbiw	r24, 0x01	; 1
     f92:	9e af       	std	Y+62, r25	; 0x3e
     f94:	8d af       	std	Y+61, r24	; 0x3d
		__ticks = 1;
	else if (__tmp > 65535)
	{
		//	__ticks = requested delay in 1/10 ms
		__ticks = (uint16_t) (__ms * 10.0);
		while(__ticks)
     f96:	8d ad       	ldd	r24, Y+61	; 0x3d
     f98:	9e ad       	ldd	r25, Y+62	; 0x3e
     f9a:	00 97       	sbiw	r24, 0x00	; 0
     f9c:	69 f7       	brne	.-38     	; 0xf78 <LCD_voidLCDInit+0xd0>
     f9e:	16 c0       	rjmp	.+44     	; 0xfcc <LCD_voidLCDInit+0x124>
			__ticks --;
		}
		return;
	}
	else
		__ticks = (uint16_t)__tmp;
     fa0:	fe 01       	movw	r30, r28
     fa2:	ff 96       	adiw	r30, 0x3f	; 63
     fa4:	60 81       	ld	r22, Z
     fa6:	71 81       	ldd	r23, Z+1	; 0x01
     fa8:	82 81       	ldd	r24, Z+2	; 0x02
     faa:	93 81       	ldd	r25, Z+3	; 0x03
     fac:	0e 94 49 00 	call	0x92	; 0x92 <__fixunssfsi>
     fb0:	dc 01       	movw	r26, r24
     fb2:	cb 01       	movw	r24, r22
     fb4:	9e af       	std	Y+62, r25	; 0x3e
     fb6:	8d af       	std	Y+61, r24	; 0x3d
     fb8:	8d ad       	ldd	r24, Y+61	; 0x3d
     fba:	9e ad       	ldd	r25, Y+62	; 0x3e
     fbc:	9a af       	std	Y+58, r25	; 0x3a
     fbe:	89 af       	std	Y+57, r24	; 0x39
     fc0:	89 ad       	ldd	r24, Y+57	; 0x39
     fc2:	9a ad       	ldd	r25, Y+58	; 0x3a
     fc4:	01 97       	sbiw	r24, 0x01	; 1
     fc6:	f1 f7       	brne	.-4      	; 0xfc4 <LCD_voidLCDInit+0x11c>
     fc8:	9a af       	std	Y+58, r25	; 0x3a
     fca:	89 af       	std	Y+57, r24	; 0x39
    _delay_ms(30);

    LCD_voidSendCommand(0x38);
     fcc:	88 e3       	ldi	r24, 0x38	; 56
     fce:	0e 94 c6 09 	call	0x138c	; 0x138c <LCD_voidSendCommand>
     fd2:	80 e0       	ldi	r24, 0x00	; 0
     fd4:	90 e0       	ldi	r25, 0x00	; 0
     fd6:	a0 e8       	ldi	r26, 0x80	; 128
     fd8:	bf e3       	ldi	r27, 0x3F	; 63
     fda:	8d ab       	std	Y+53, r24	; 0x35
     fdc:	9e ab       	std	Y+54, r25	; 0x36
     fde:	af ab       	std	Y+55, r26	; 0x37
     fe0:	b8 af       	std	Y+56, r27	; 0x38
 */
void
_delay_ms(double __ms)
{
	uint16_t __ticks;
	double __tmp = ((F_CPU) / 4e3) * __ms;
     fe2:	6d a9       	ldd	r22, Y+53	; 0x35
     fe4:	7e a9       	ldd	r23, Y+54	; 0x36
     fe6:	8f a9       	ldd	r24, Y+55	; 0x37
     fe8:	98 ad       	ldd	r25, Y+56	; 0x38
     fea:	20 e0       	ldi	r18, 0x00	; 0
     fec:	30 e0       	ldi	r19, 0x00	; 0
     fee:	4a ef       	ldi	r20, 0xFA	; 250
     ff0:	54 e4       	ldi	r21, 0x44	; 68
     ff2:	0e 94 1f 02 	call	0x43e	; 0x43e <__mulsf3>
     ff6:	dc 01       	movw	r26, r24
     ff8:	cb 01       	movw	r24, r22
     ffa:	89 ab       	std	Y+49, r24	; 0x31
     ffc:	9a ab       	std	Y+50, r25	; 0x32
     ffe:	ab ab       	std	Y+51, r26	; 0x33
    1000:	bc ab       	std	Y+52, r27	; 0x34
	if (__tmp < 1.0)
    1002:	69 a9       	ldd	r22, Y+49	; 0x31
    1004:	7a a9       	ldd	r23, Y+50	; 0x32
    1006:	8b a9       	ldd	r24, Y+51	; 0x33
    1008:	9c a9       	ldd	r25, Y+52	; 0x34
    100a:	20 e0       	ldi	r18, 0x00	; 0
    100c:	30 e0       	ldi	r19, 0x00	; 0
    100e:	40 e8       	ldi	r20, 0x80	; 128
    1010:	5f e3       	ldi	r21, 0x3F	; 63
    1012:	0e 94 79 03 	call	0x6f2	; 0x6f2 <__ltsf2>
    1016:	88 23       	and	r24, r24
    1018:	2c f4       	brge	.+10     	; 0x1024 <LCD_voidLCDInit+0x17c>
		__ticks = 1;
    101a:	81 e0       	ldi	r24, 0x01	; 1
    101c:	90 e0       	ldi	r25, 0x00	; 0
    101e:	98 ab       	std	Y+48, r25	; 0x30
    1020:	8f a7       	std	Y+47, r24	; 0x2f
    1022:	3f c0       	rjmp	.+126    	; 0x10a2 <LCD_voidLCDInit+0x1fa>
	else if (__tmp > 65535)
    1024:	69 a9       	ldd	r22, Y+49	; 0x31
    1026:	7a a9       	ldd	r23, Y+50	; 0x32
    1028:	8b a9       	ldd	r24, Y+51	; 0x33
    102a:	9c a9       	ldd	r25, Y+52	; 0x34
    102c:	20 e0       	ldi	r18, 0x00	; 0
    102e:	3f ef       	ldi	r19, 0xFF	; 255
    1030:	4f e7       	ldi	r20, 0x7F	; 127
    1032:	57 e4       	ldi	r21, 0x47	; 71
    1034:	0e 94 19 03 	call	0x632	; 0x632 <__gtsf2>
    1038:	18 16       	cp	r1, r24
    103a:	4c f5       	brge	.+82     	; 0x108e <LCD_voidLCDInit+0x1e6>
	{
		//	__ticks = requested delay in 1/10 ms
		__ticks = (uint16_t) (__ms * 10.0);
    103c:	6d a9       	ldd	r22, Y+53	; 0x35
    103e:	7e a9       	ldd	r23, Y+54	; 0x36
    1040:	8f a9       	ldd	r24, Y+55	; 0x37
    1042:	98 ad       	ldd	r25, Y+56	; 0x38
    1044:	20 e0       	ldi	r18, 0x00	; 0
    1046:	30 e0       	ldi	r19, 0x00	; 0
    1048:	40 e2       	ldi	r20, 0x20	; 32
    104a:	51 e4       	ldi	r21, 0x41	; 65
    104c:	0e 94 1f 02 	call	0x43e	; 0x43e <__mulsf3>
    1050:	dc 01       	movw	r26, r24
    1052:	cb 01       	movw	r24, r22
    1054:	bc 01       	movw	r22, r24
    1056:	cd 01       	movw	r24, r26
    1058:	0e 94 49 00 	call	0x92	; 0x92 <__fixunssfsi>
    105c:	dc 01       	movw	r26, r24
    105e:	cb 01       	movw	r24, r22
    1060:	98 ab       	std	Y+48, r25	; 0x30
    1062:	8f a7       	std	Y+47, r24	; 0x2f
    1064:	0f c0       	rjmp	.+30     	; 0x1084 <LCD_voidLCDInit+0x1dc>
    1066:	88 ec       	ldi	r24, 0xC8	; 200
    1068:	90 e0       	ldi	r25, 0x00	; 0
    106a:	9e a7       	std	Y+46, r25	; 0x2e
    106c:	8d a7       	std	Y+45, r24	; 0x2d
    106e:	8d a5       	ldd	r24, Y+45	; 0x2d
    1070:	9e a5       	ldd	r25, Y+46	; 0x2e
    1072:	01 97       	sbiw	r24, 0x01	; 1
    1074:	f1 f7       	brne	.-4      	; 0x1072 <LCD_voidLCDInit+0x1ca>
    1076:	9e a7       	std	Y+46, r25	; 0x2e
    1078:	8d a7       	std	Y+45, r24	; 0x2d
		while(__ticks)
		{
			// wait 1/10 ms
			_delay_loop_2(((F_CPU) / 4e3) / 10);
			__ticks --;
    107a:	8f a5       	ldd	r24, Y+47	; 0x2f
    107c:	98 a9       	ldd	r25, Y+48	; 0x30
    107e:	01 97       	sbiw	r24, 0x01	; 1
    1080:	98 ab       	std	Y+48, r25	; 0x30
    1082:	8f a7       	std	Y+47, r24	; 0x2f
		__ticks = 1;
	else if (__tmp > 65535)
	{
		//	__ticks = requested delay in 1/10 ms
		__ticks = (uint16_t) (__ms * 10.0);
		while(__ticks)
    1084:	8f a5       	ldd	r24, Y+47	; 0x2f
    1086:	98 a9       	ldd	r25, Y+48	; 0x30
    1088:	00 97       	sbiw	r24, 0x00	; 0
    108a:	69 f7       	brne	.-38     	; 0x1066 <LCD_voidLCDInit+0x1be>
    108c:	14 c0       	rjmp	.+40     	; 0x10b6 <LCD_voidLCDInit+0x20e>
			__ticks --;
		}
		return;
	}
	else
		__ticks = (uint16_t)__tmp;
    108e:	69 a9       	ldd	r22, Y+49	; 0x31
    1090:	7a a9       	ldd	r23, Y+50	; 0x32
    1092:	8b a9       	ldd	r24, Y+51	; 0x33
    1094:	9c a9       	ldd	r25, Y+52	; 0x34
    1096:	0e 94 49 00 	call	0x92	; 0x92 <__fixunssfsi>
    109a:	dc 01       	movw	r26, r24
    109c:	cb 01       	movw	r24, r22
    109e:	98 ab       	std	Y+48, r25	; 0x30
    10a0:	8f a7       	std	Y+47, r24	; 0x2f
    10a2:	8f a5       	ldd	r24, Y+47	; 0x2f
    10a4:	98 a9       	ldd	r25, Y+48	; 0x30
    10a6:	9c a7       	std	Y+44, r25	; 0x2c
    10a8:	8b a7       	std	Y+43, r24	; 0x2b
    10aa:	8b a5       	ldd	r24, Y+43	; 0x2b
    10ac:	9c a5       	ldd	r25, Y+44	; 0x2c
    10ae:	01 97       	sbiw	r24, 0x01	; 1
    10b0:	f1 f7       	brne	.-4      	; 0x10ae <LCD_voidLCDInit+0x206>
    10b2:	9c a7       	std	Y+44, r25	; 0x2c
    10b4:	8b a7       	std	Y+43, r24	; 0x2b
    _delay_ms(1);

    LCD_voidSendCommand(0x0C);
    10b6:	8c e0       	ldi	r24, 0x0C	; 12
    10b8:	0e 94 c6 09 	call	0x138c	; 0x138c <LCD_voidSendCommand>
    10bc:	80 e0       	ldi	r24, 0x00	; 0
    10be:	90 e0       	ldi	r25, 0x00	; 0
    10c0:	a0 e8       	ldi	r26, 0x80	; 128
    10c2:	bf e3       	ldi	r27, 0x3F	; 63
    10c4:	8f a3       	std	Y+39, r24	; 0x27
    10c6:	98 a7       	std	Y+40, r25	; 0x28
    10c8:	a9 a7       	std	Y+41, r26	; 0x29
    10ca:	ba a7       	std	Y+42, r27	; 0x2a
 */
void
_delay_ms(double __ms)
{
	uint16_t __ticks;
	double __tmp = ((F_CPU) / 4e3) * __ms;
    10cc:	6f a1       	ldd	r22, Y+39	; 0x27
    10ce:	78 a5       	ldd	r23, Y+40	; 0x28
    10d0:	89 a5       	ldd	r24, Y+41	; 0x29
    10d2:	9a a5       	ldd	r25, Y+42	; 0x2a
    10d4:	20 e0       	ldi	r18, 0x00	; 0
    10d6:	30 e0       	ldi	r19, 0x00	; 0
    10d8:	4a ef       	ldi	r20, 0xFA	; 250
    10da:	54 e4       	ldi	r21, 0x44	; 68
    10dc:	0e 94 1f 02 	call	0x43e	; 0x43e <__mulsf3>
    10e0:	dc 01       	movw	r26, r24
    10e2:	cb 01       	movw	r24, r22
    10e4:	8b a3       	std	Y+35, r24	; 0x23
    10e6:	9c a3       	std	Y+36, r25	; 0x24
    10e8:	ad a3       	std	Y+37, r26	; 0x25
    10ea:	be a3       	std	Y+38, r27	; 0x26
	if (__tmp < 1.0)
    10ec:	6b a1       	ldd	r22, Y+35	; 0x23
    10ee:	7c a1       	ldd	r23, Y+36	; 0x24
    10f0:	8d a1       	ldd	r24, Y+37	; 0x25
    10f2:	9e a1       	ldd	r25, Y+38	; 0x26
    10f4:	20 e0       	ldi	r18, 0x00	; 0
    10f6:	30 e0       	ldi	r19, 0x00	; 0
    10f8:	40 e8       	ldi	r20, 0x80	; 128
    10fa:	5f e3       	ldi	r21, 0x3F	; 63
    10fc:	0e 94 79 03 	call	0x6f2	; 0x6f2 <__ltsf2>
    1100:	88 23       	and	r24, r24
    1102:	2c f4       	brge	.+10     	; 0x110e <LCD_voidLCDInit+0x266>
		__ticks = 1;
    1104:	81 e0       	ldi	r24, 0x01	; 1
    1106:	90 e0       	ldi	r25, 0x00	; 0
    1108:	9a a3       	std	Y+34, r25	; 0x22
    110a:	89 a3       	std	Y+33, r24	; 0x21
    110c:	3f c0       	rjmp	.+126    	; 0x118c <LCD_voidLCDInit+0x2e4>
	else if (__tmp > 65535)
    110e:	6b a1       	ldd	r22, Y+35	; 0x23
    1110:	7c a1       	ldd	r23, Y+36	; 0x24
    1112:	8d a1       	ldd	r24, Y+37	; 0x25
    1114:	9e a1       	ldd	r25, Y+38	; 0x26
    1116:	20 e0       	ldi	r18, 0x00	; 0
    1118:	3f ef       	ldi	r19, 0xFF	; 255
    111a:	4f e7       	ldi	r20, 0x7F	; 127
    111c:	57 e4       	ldi	r21, 0x47	; 71
    111e:	0e 94 19 03 	call	0x632	; 0x632 <__gtsf2>
    1122:	18 16       	cp	r1, r24
    1124:	4c f5       	brge	.+82     	; 0x1178 <LCD_voidLCDInit+0x2d0>
	{
		//	__ticks = requested delay in 1/10 ms
		__ticks = (uint16_t) (__ms * 10.0);
    1126:	6f a1       	ldd	r22, Y+39	; 0x27
    1128:	78 a5       	ldd	r23, Y+40	; 0x28
    112a:	89 a5       	ldd	r24, Y+41	; 0x29
    112c:	9a a5       	ldd	r25, Y+42	; 0x2a
    112e:	20 e0       	ldi	r18, 0x00	; 0
    1130:	30 e0       	ldi	r19, 0x00	; 0
    1132:	40 e2       	ldi	r20, 0x20	; 32
    1134:	51 e4       	ldi	r21, 0x41	; 65
    1136:	0e 94 1f 02 	call	0x43e	; 0x43e <__mulsf3>
    113a:	dc 01       	movw	r26, r24
    113c:	cb 01       	movw	r24, r22
    113e:	bc 01       	movw	r22, r24
    1140:	cd 01       	movw	r24, r26
    1142:	0e 94 49 00 	call	0x92	; 0x92 <__fixunssfsi>
    1146:	dc 01       	movw	r26, r24
    1148:	cb 01       	movw	r24, r22
    114a:	9a a3       	std	Y+34, r25	; 0x22
    114c:	89 a3       	std	Y+33, r24	; 0x21
    114e:	0f c0       	rjmp	.+30     	; 0x116e <LCD_voidLCDInit+0x2c6>
    1150:	88 ec       	ldi	r24, 0xC8	; 200
    1152:	90 e0       	ldi	r25, 0x00	; 0
    1154:	98 a3       	std	Y+32, r25	; 0x20
    1156:	8f 8f       	std	Y+31, r24	; 0x1f
    1158:	8f 8d       	ldd	r24, Y+31	; 0x1f
    115a:	98 a1       	ldd	r25, Y+32	; 0x20
    115c:	01 97       	sbiw	r24, 0x01	; 1
    115e:	f1 f7       	brne	.-4      	; 0x115c <LCD_voidLCDInit+0x2b4>
    1160:	98 a3       	std	Y+32, r25	; 0x20
    1162:	8f 8f       	std	Y+31, r24	; 0x1f
		while(__ticks)
		{
			// wait 1/10 ms
			_delay_loop_2(((F_CPU) / 4e3) / 10);
			__ticks --;
    1164:	89 a1       	ldd	r24, Y+33	; 0x21
    1166:	9a a1       	ldd	r25, Y+34	; 0x22
    1168:	01 97       	sbiw	r24, 0x01	; 1
    116a:	9a a3       	std	Y+34, r25	; 0x22
    116c:	89 a3       	std	Y+33, r24	; 0x21
		__ticks = 1;
	else if (__tmp > 65535)
	{
		//	__ticks = requested delay in 1/10 ms
		__ticks = (uint16_t) (__ms * 10.0);
		while(__ticks)
    116e:	89 a1       	ldd	r24, Y+33	; 0x21
    1170:	9a a1       	ldd	r25, Y+34	; 0x22
    1172:	00 97       	sbiw	r24, 0x00	; 0
    1174:	69 f7       	brne	.-38     	; 0x1150 <LCD_voidLCDInit+0x2a8>
    1176:	14 c0       	rjmp	.+40     	; 0x11a0 <LCD_voidLCDInit+0x2f8>
			__ticks --;
		}
		return;
	}
	else
		__ticks = (uint16_t)__tmp;
    1178:	6b a1       	ldd	r22, Y+35	; 0x23
    117a:	7c a1       	ldd	r23, Y+36	; 0x24
    117c:	8d a1       	ldd	r24, Y+37	; 0x25
    117e:	9e a1       	ldd	r25, Y+38	; 0x26
    1180:	0e 94 49 00 	call	0x92	; 0x92 <__fixunssfsi>
    1184:	dc 01       	movw	r26, r24
    1186:	cb 01       	movw	r24, r22
    1188:	9a a3       	std	Y+34, r25	; 0x22
    118a:	89 a3       	std	Y+33, r24	; 0x21
    118c:	89 a1       	ldd	r24, Y+33	; 0x21
    118e:	9a a1       	ldd	r25, Y+34	; 0x22
    1190:	9e 8f       	std	Y+30, r25	; 0x1e
    1192:	8d 8f       	std	Y+29, r24	; 0x1d
    1194:	8d 8d       	ldd	r24, Y+29	; 0x1d
    1196:	9e 8d       	ldd	r25, Y+30	; 0x1e
    1198:	01 97       	sbiw	r24, 0x01	; 1
    119a:	f1 f7       	brne	.-4      	; 0x1198 <LCD_voidLCDInit+0x2f0>
    119c:	9e 8f       	std	Y+30, r25	; 0x1e
    119e:	8d 8f       	std	Y+29, r24	; 0x1d
    _delay_ms(1);

    LCD_voidSendCommand(0x01);
    11a0:	81 e0       	ldi	r24, 0x01	; 1
    11a2:	0e 94 c6 09 	call	0x138c	; 0x138c <LCD_voidSendCommand>
    11a6:	80 e0       	ldi	r24, 0x00	; 0
    11a8:	90 e0       	ldi	r25, 0x00	; 0
    11aa:	a0 e0       	ldi	r26, 0x00	; 0
    11ac:	b0 e4       	ldi	r27, 0x40	; 64
    11ae:	89 8f       	std	Y+25, r24	; 0x19
    11b0:	9a 8f       	std	Y+26, r25	; 0x1a
    11b2:	ab 8f       	std	Y+27, r26	; 0x1b
    11b4:	bc 8f       	std	Y+28, r27	; 0x1c
 */
void
_delay_ms(double __ms)
{
	uint16_t __ticks;
	double __tmp = ((F_CPU) / 4e3) * __ms;
    11b6:	69 8d       	ldd	r22, Y+25	; 0x19
    11b8:	7a 8d       	ldd	r23, Y+26	; 0x1a
    11ba:	8b 8d       	ldd	r24, Y+27	; 0x1b
    11bc:	9c 8d       	ldd	r25, Y+28	; 0x1c
    11be:	20 e0       	ldi	r18, 0x00	; 0
    11c0:	30 e0       	ldi	r19, 0x00	; 0
    11c2:	4a ef       	ldi	r20, 0xFA	; 250
    11c4:	54 e4       	ldi	r21, 0x44	; 68
    11c6:	0e 94 1f 02 	call	0x43e	; 0x43e <__mulsf3>
    11ca:	dc 01       	movw	r26, r24
    11cc:	cb 01       	movw	r24, r22
    11ce:	8d 8b       	std	Y+21, r24	; 0x15
    11d0:	9e 8b       	std	Y+22, r25	; 0x16
    11d2:	af 8b       	std	Y+23, r26	; 0x17
    11d4:	b8 8f       	std	Y+24, r27	; 0x18
	if (__tmp < 1.0)
    11d6:	6d 89       	ldd	r22, Y+21	; 0x15
    11d8:	7e 89       	ldd	r23, Y+22	; 0x16
    11da:	8f 89       	ldd	r24, Y+23	; 0x17
    11dc:	98 8d       	ldd	r25, Y+24	; 0x18
    11de:	20 e0       	ldi	r18, 0x00	; 0
    11e0:	30 e0       	ldi	r19, 0x00	; 0
    11e2:	40 e8       	ldi	r20, 0x80	; 128
    11e4:	5f e3       	ldi	r21, 0x3F	; 63
    11e6:	0e 94 79 03 	call	0x6f2	; 0x6f2 <__ltsf2>
    11ea:	88 23       	and	r24, r24
    11ec:	2c f4       	brge	.+10     	; 0x11f8 <LCD_voidLCDInit+0x350>
		__ticks = 1;
    11ee:	81 e0       	ldi	r24, 0x01	; 1
    11f0:	90 e0       	ldi	r25, 0x00	; 0
    11f2:	9c 8b       	std	Y+20, r25	; 0x14
    11f4:	8b 8b       	std	Y+19, r24	; 0x13
    11f6:	3f c0       	rjmp	.+126    	; 0x1276 <LCD_voidLCDInit+0x3ce>
	else if (__tmp > 65535)
    11f8:	6d 89       	ldd	r22, Y+21	; 0x15
    11fa:	7e 89       	ldd	r23, Y+22	; 0x16
    11fc:	8f 89       	ldd	r24, Y+23	; 0x17
    11fe:	98 8d       	ldd	r25, Y+24	; 0x18
    1200:	20 e0       	ldi	r18, 0x00	; 0
    1202:	3f ef       	ldi	r19, 0xFF	; 255
    1204:	4f e7       	ldi	r20, 0x7F	; 127
    1206:	57 e4       	ldi	r21, 0x47	; 71
    1208:	0e 94 19 03 	call	0x632	; 0x632 <__gtsf2>
    120c:	18 16       	cp	r1, r24
    120e:	4c f5       	brge	.+82     	; 0x1262 <LCD_voidLCDInit+0x3ba>
	{
		//	__ticks = requested delay in 1/10 ms
		__ticks = (uint16_t) (__ms * 10.0);
    1210:	69 8d       	ldd	r22, Y+25	; 0x19
    1212:	7a 8d       	ldd	r23, Y+26	; 0x1a
    1214:	8b 8d       	ldd	r24, Y+27	; 0x1b
    1216:	9c 8d       	ldd	r25, Y+28	; 0x1c
    1218:	20 e0       	ldi	r18, 0x00	; 0
    121a:	30 e0       	ldi	r19, 0x00	; 0
    121c:	40 e2       	ldi	r20, 0x20	; 32
    121e:	51 e4       	ldi	r21, 0x41	; 65
    1220:	0e 94 1f 02 	call	0x43e	; 0x43e <__mulsf3>
    1224:	dc 01       	movw	r26, r24
    1226:	cb 01       	movw	r24, r22
    1228:	bc 01       	movw	r22, r24
    122a:	cd 01       	movw	r24, r26
    122c:	0e 94 49 00 	call	0x92	; 0x92 <__fixunssfsi>
    1230:	dc 01       	movw	r26, r24
    1232:	cb 01       	movw	r24, r22
    1234:	9c 8b       	std	Y+20, r25	; 0x14
    1236:	8b 8b       	std	Y+19, r24	; 0x13
    1238:	0f c0       	rjmp	.+30     	; 0x1258 <LCD_voidLCDInit+0x3b0>
    123a:	88 ec       	ldi	r24, 0xC8	; 200
    123c:	90 e0       	ldi	r25, 0x00	; 0
    123e:	9a 8b       	std	Y+18, r25	; 0x12
    1240:	89 8b       	std	Y+17, r24	; 0x11
    1242:	89 89       	ldd	r24, Y+17	; 0x11
    1244:	9a 89       	ldd	r25, Y+18	; 0x12
    1246:	01 97       	sbiw	r24, 0x01	; 1
    1248:	f1 f7       	brne	.-4      	; 0x1246 <LCD_voidLCDInit+0x39e>
    124a:	9a 8b       	std	Y+18, r25	; 0x12
    124c:	89 8b       	std	Y+17, r24	; 0x11
		while(__ticks)
		{
			// wait 1/10 ms
			_delay_loop_2(((F_CPU) / 4e3) / 10);
			__ticks --;
    124e:	8b 89       	ldd	r24, Y+19	; 0x13
    1250:	9c 89       	ldd	r25, Y+20	; 0x14
    1252:	01 97       	sbiw	r24, 0x01	; 1
    1254:	9c 8b       	std	Y+20, r25	; 0x14
    1256:	8b 8b       	std	Y+19, r24	; 0x13
		__ticks = 1;
	else if (__tmp > 65535)
	{
		//	__ticks = requested delay in 1/10 ms
		__ticks = (uint16_t) (__ms * 10.0);
		while(__ticks)
    1258:	8b 89       	ldd	r24, Y+19	; 0x13
    125a:	9c 89       	ldd	r25, Y+20	; 0x14
    125c:	00 97       	sbiw	r24, 0x00	; 0
    125e:	69 f7       	brne	.-38     	; 0x123a <LCD_voidLCDInit+0x392>
    1260:	14 c0       	rjmp	.+40     	; 0x128a <LCD_voidLCDInit+0x3e2>
			__ticks --;
		}
		return;
	}
	else
		__ticks = (uint16_t)__tmp;
    1262:	6d 89       	ldd	r22, Y+21	; 0x15
    1264:	7e 89       	ldd	r23, Y+22	; 0x16
    1266:	8f 89       	ldd	r24, Y+23	; 0x17
    1268:	98 8d       	ldd	r25, Y+24	; 0x18
    126a:	0e 94 49 00 	call	0x92	; 0x92 <__fixunssfsi>
    126e:	dc 01       	movw	r26, r24
    1270:	cb 01       	movw	r24, r22
    1272:	9c 8b       	std	Y+20, r25	; 0x14
    1274:	8b 8b       	std	Y+19, r24	; 0x13
    1276:	8b 89       	ldd	r24, Y+19	; 0x13
    1278:	9c 89       	ldd	r25, Y+20	; 0x14
    127a:	98 8b       	std	Y+16, r25	; 0x10
    127c:	8f 87       	std	Y+15, r24	; 0x0f
    127e:	8f 85       	ldd	r24, Y+15	; 0x0f
    1280:	98 89       	ldd	r25, Y+16	; 0x10
    1282:	01 97       	sbiw	r24, 0x01	; 1
    1284:	f1 f7       	brne	.-4      	; 0x1282 <LCD_voidLCDInit+0x3da>
    1286:	98 8b       	std	Y+16, r25	; 0x10
    1288:	8f 87       	std	Y+15, r24	; 0x0f
    _delay_ms(2);

    LCD_voidSendCommand(0x06);
    128a:	86 e0       	ldi	r24, 0x06	; 6
    128c:	0e 94 c6 09 	call	0x138c	; 0x138c <LCD_voidSendCommand>
    1290:	80 e0       	ldi	r24, 0x00	; 0
    1292:	90 e0       	ldi	r25, 0x00	; 0
    1294:	a0 e8       	ldi	r26, 0x80	; 128
    1296:	bf e3       	ldi	r27, 0x3F	; 63
    1298:	8b 87       	std	Y+11, r24	; 0x0b
    129a:	9c 87       	std	Y+12, r25	; 0x0c
    129c:	ad 87       	std	Y+13, r26	; 0x0d
    129e:	be 87       	std	Y+14, r27	; 0x0e
 */
void
_delay_ms(double __ms)
{
	uint16_t __ticks;
	double __tmp = ((F_CPU) / 4e3) * __ms;
    12a0:	6b 85       	ldd	r22, Y+11	; 0x0b
    12a2:	7c 85       	ldd	r23, Y+12	; 0x0c
    12a4:	8d 85       	ldd	r24, Y+13	; 0x0d
    12a6:	9e 85       	ldd	r25, Y+14	; 0x0e
    12a8:	20 e0       	ldi	r18, 0x00	; 0
    12aa:	30 e0       	ldi	r19, 0x00	; 0
    12ac:	4a ef       	ldi	r20, 0xFA	; 250
    12ae:	54 e4       	ldi	r21, 0x44	; 68
    12b0:	0e 94 1f 02 	call	0x43e	; 0x43e <__mulsf3>
    12b4:	dc 01       	movw	r26, r24
    12b6:	cb 01       	movw	r24, r22
    12b8:	8f 83       	std	Y+7, r24	; 0x07
    12ba:	98 87       	std	Y+8, r25	; 0x08
    12bc:	a9 87       	std	Y+9, r26	; 0x09
    12be:	ba 87       	std	Y+10, r27	; 0x0a
	if (__tmp < 1.0)
    12c0:	6f 81       	ldd	r22, Y+7	; 0x07
    12c2:	78 85       	ldd	r23, Y+8	; 0x08
    12c4:	89 85       	ldd	r24, Y+9	; 0x09
    12c6:	9a 85       	ldd	r25, Y+10	; 0x0a
    12c8:	20 e0       	ldi	r18, 0x00	; 0
    12ca:	30 e0       	ldi	r19, 0x00	; 0
    12cc:	40 e8       	ldi	r20, 0x80	; 128
    12ce:	5f e3       	ldi	r21, 0x3F	; 63
    12d0:	0e 94 79 03 	call	0x6f2	; 0x6f2 <__ltsf2>
    12d4:	88 23       	and	r24, r24
    12d6:	2c f4       	brge	.+10     	; 0x12e2 <LCD_voidLCDInit+0x43a>
		__ticks = 1;
    12d8:	81 e0       	ldi	r24, 0x01	; 1
    12da:	90 e0       	ldi	r25, 0x00	; 0
    12dc:	9e 83       	std	Y+6, r25	; 0x06
    12de:	8d 83       	std	Y+5, r24	; 0x05
    12e0:	3f c0       	rjmp	.+126    	; 0x1360 <LCD_voidLCDInit+0x4b8>
	else if (__tmp > 65535)
    12e2:	6f 81       	ldd	r22, Y+7	; 0x07
    12e4:	78 85       	ldd	r23, Y+8	; 0x08
    12e6:	89 85       	ldd	r24, Y+9	; 0x09
    12e8:	9a 85       	ldd	r25, Y+10	; 0x0a
    12ea:	20 e0       	ldi	r18, 0x00	; 0
    12ec:	3f ef       	ldi	r19, 0xFF	; 255
    12ee:	4f e7       	ldi	r20, 0x7F	; 127
    12f0:	57 e4       	ldi	r21, 0x47	; 71
    12f2:	0e 94 19 03 	call	0x632	; 0x632 <__gtsf2>
    12f6:	18 16       	cp	r1, r24
    12f8:	4c f5       	brge	.+82     	; 0x134c <LCD_voidLCDInit+0x4a4>
	{
		//	__ticks = requested delay in 1/10 ms
		__ticks = (uint16_t) (__ms * 10.0);
    12fa:	6b 85       	ldd	r22, Y+11	; 0x0b
    12fc:	7c 85       	ldd	r23, Y+12	; 0x0c
    12fe:	8d 85       	ldd	r24, Y+13	; 0x0d
    1300:	9e 85       	ldd	r25, Y+14	; 0x0e
    1302:	20 e0       	ldi	r18, 0x00	; 0
    1304:	30 e0       	ldi	r19, 0x00	; 0
    1306:	40 e2       	ldi	r20, 0x20	; 32
    1308:	51 e4       	ldi	r21, 0x41	; 65
    130a:	0e 94 1f 02 	call	0x43e	; 0x43e <__mulsf3>
    130e:	dc 01       	movw	r26, r24
    1310:	cb 01       	movw	r24, r22
    1312:	bc 01       	movw	r22, r24
    1314:	cd 01       	movw	r24, r26
    1316:	0e 94 49 00 	call	0x92	; 0x92 <__fixunssfsi>
    131a:	dc 01       	movw	r26, r24
    131c:	cb 01       	movw	r24, r22
    131e:	9e 83       	std	Y+6, r25	; 0x06
    1320:	8d 83       	std	Y+5, r24	; 0x05
    1322:	0f c0       	rjmp	.+30     	; 0x1342 <LCD_voidLCDInit+0x49a>
    1324:	88 ec       	ldi	r24, 0xC8	; 200
    1326:	90 e0       	ldi	r25, 0x00	; 0
    1328:	9c 83       	std	Y+4, r25	; 0x04
    132a:	8b 83       	std	Y+3, r24	; 0x03
    132c:	8b 81       	ldd	r24, Y+3	; 0x03
    132e:	9c 81       	ldd	r25, Y+4	; 0x04
    1330:	01 97       	sbiw	r24, 0x01	; 1
    1332:	f1 f7       	brne	.-4      	; 0x1330 <LCD_voidLCDInit+0x488>
    1334:	9c 83       	std	Y+4, r25	; 0x04
    1336:	8b 83       	std	Y+3, r24	; 0x03
		while(__ticks)
		{
			// wait 1/10 ms
			_delay_loop_2(((F_CPU) / 4e3) / 10);
			__ticks --;
    1338:	8d 81       	ldd	r24, Y+5	; 0x05
    133a:	9e 81       	ldd	r25, Y+6	; 0x06
    133c:	01 97       	sbiw	r24, 0x01	; 1
    133e:	9e 83       	std	Y+6, r25	; 0x06
    1340:	8d 83       	std	Y+5, r24	; 0x05
		__ticks = 1;
	else if (__tmp > 65535)
	{
		//	__ticks = requested delay in 1/10 ms
		__ticks = (uint16_t) (__ms * 10.0);
		while(__ticks)
    1342:	8d 81       	ldd	r24, Y+5	; 0x05
    1344:	9e 81       	ldd	r25, Y+6	; 0x06
    1346:	00 97       	sbiw	r24, 0x00	; 0
    1348:	69 f7       	brne	.-38     	; 0x1324 <LCD_voidLCDInit+0x47c>
    134a:	14 c0       	rjmp	.+40     	; 0x1374 <LCD_voidLCDInit+0x4cc>
			__ticks --;
		}
		return;
	}
	else
		__ticks = (uint16_t)__tmp;
    134c:	6f 81       	ldd	r22, Y+7	; 0x07
    134e:	78 85       	ldd	r23, Y+8	; 0x08
    1350:	89 85       	ldd	r24, Y+9	; 0x09
    1352:	9a 85       	ldd	r25, Y+10	; 0x0a
    1354:	0e 94 49 00 	call	0x92	; 0x92 <__fixunssfsi>
    1358:	dc 01       	movw	r26, r24
    135a:	cb 01       	movw	r24, r22
    135c:	9e 83       	std	Y+6, r25	; 0x06
    135e:	8d 83       	std	Y+5, r24	; 0x05
    1360:	8d 81       	ldd	r24, Y+5	; 0x05
    1362:	9e 81       	ldd	r25, Y+6	; 0x06
    1364:	9a 83       	std	Y+2, r25	; 0x02
    1366:	89 83       	std	Y+1, r24	; 0x01
    1368:	89 81       	ldd	r24, Y+1	; 0x01
    136a:	9a 81       	ldd	r25, Y+2	; 0x02
    136c:	01 97       	sbiw	r24, 0x01	; 1
    136e:	f1 f7       	brne	.-4      	; 0x136c <LCD_voidLCDInit+0x4c4>
    1370:	9a 83       	std	Y+2, r25	; 0x02
    1372:	89 83       	std	Y+1, r24	; 0x01
    _delay_ms(1);
}
    1374:	ca 5b       	subi	r28, 0xBA	; 186
    1376:	df 4f       	sbci	r29, 0xFF	; 255
    1378:	0f b6       	in	r0, 0x3f	; 63
    137a:	f8 94       	cli
    137c:	de bf       	out	0x3e, r29	; 62
    137e:	0f be       	out	0x3f, r0	; 63
    1380:	cd bf       	out	0x3d, r28	; 61
    1382:	cf 91       	pop	r28
    1384:	df 91       	pop	r29
    1386:	1f 91       	pop	r17
    1388:	0f 91       	pop	r16
    138a:	08 95       	ret

0000138c <LCD_voidSendCommand>:

void LCD_voidSendCommand(u8 u8CMD)
{
    138c:	df 93       	push	r29
    138e:	cf 93       	push	r28
    1390:	cd b7       	in	r28, 0x3d	; 61
    1392:	de b7       	in	r29, 0x3e	; 62
    1394:	2f 97       	sbiw	r28, 0x0f	; 15
    1396:	0f b6       	in	r0, 0x3f	; 63
    1398:	f8 94       	cli
    139a:	de bf       	out	0x3e, r29	; 62
    139c:	0f be       	out	0x3f, r0	; 63
    139e:	cd bf       	out	0x3d, r28	; 61
    13a0:	8f 87       	std	Y+15, r24	; 0x0f
    DIO_voidSetPinValue(LCD_CTRL_PORT,LCD_RS_PIN,LOW);
    13a2:	81 e0       	ldi	r24, 0x01	; 1
    13a4:	60 e0       	ldi	r22, 0x00	; 0
    13a6:	40 e0       	ldi	r20, 0x00	; 0
    13a8:	0e 94 ac 0e 	call	0x1d58	; 0x1d58 <DIO_voidSetPinValue>
    DIO_voidSetPinValue(LCD_CTRL_PORT,LCD_RW_PIN,LOW);
    13ac:	81 e0       	ldi	r24, 0x01	; 1
    13ae:	61 e0       	ldi	r22, 0x01	; 1
    13b0:	40 e0       	ldi	r20, 0x00	; 0
    13b2:	0e 94 ac 0e 	call	0x1d58	; 0x1d58 <DIO_voidSetPinValue>

    LCD_voidPutonBus(u8CMD);
    13b6:	8f 85       	ldd	r24, Y+15	; 0x0f
    13b8:	0e 94 00 0b 	call	0x1600	; 0x1600 <LCD_voidPutonBus>

    DIO_voidSetPinValue(LCD_CTRL_PORT,LCD_EN_PIN,HIGH);
    13bc:	81 e0       	ldi	r24, 0x01	; 1
    13be:	62 e0       	ldi	r22, 0x02	; 2
    13c0:	41 e0       	ldi	r20, 0x01	; 1
    13c2:	0e 94 ac 0e 	call	0x1d58	; 0x1d58 <DIO_voidSetPinValue>
    13c6:	80 e0       	ldi	r24, 0x00	; 0
    13c8:	90 e0       	ldi	r25, 0x00	; 0
    13ca:	a0 e0       	ldi	r26, 0x00	; 0
    13cc:	b0 e4       	ldi	r27, 0x40	; 64
    13ce:	8b 87       	std	Y+11, r24	; 0x0b
    13d0:	9c 87       	std	Y+12, r25	; 0x0c
    13d2:	ad 87       	std	Y+13, r26	; 0x0d
    13d4:	be 87       	std	Y+14, r27	; 0x0e
 */
void
_delay_ms(double __ms)
{
	uint16_t __ticks;
	double __tmp = ((F_CPU) / 4e3) * __ms;
    13d6:	6b 85       	ldd	r22, Y+11	; 0x0b
    13d8:	7c 85       	ldd	r23, Y+12	; 0x0c
    13da:	8d 85       	ldd	r24, Y+13	; 0x0d
    13dc:	9e 85       	ldd	r25, Y+14	; 0x0e
    13de:	20 e0       	ldi	r18, 0x00	; 0
    13e0:	30 e0       	ldi	r19, 0x00	; 0
    13e2:	4a ef       	ldi	r20, 0xFA	; 250
    13e4:	54 e4       	ldi	r21, 0x44	; 68
    13e6:	0e 94 1f 02 	call	0x43e	; 0x43e <__mulsf3>
    13ea:	dc 01       	movw	r26, r24
    13ec:	cb 01       	movw	r24, r22
    13ee:	8f 83       	std	Y+7, r24	; 0x07
    13f0:	98 87       	std	Y+8, r25	; 0x08
    13f2:	a9 87       	std	Y+9, r26	; 0x09
    13f4:	ba 87       	std	Y+10, r27	; 0x0a
	if (__tmp < 1.0)
    13f6:	6f 81       	ldd	r22, Y+7	; 0x07
    13f8:	78 85       	ldd	r23, Y+8	; 0x08
    13fa:	89 85       	ldd	r24, Y+9	; 0x09
    13fc:	9a 85       	ldd	r25, Y+10	; 0x0a
    13fe:	20 e0       	ldi	r18, 0x00	; 0
    1400:	30 e0       	ldi	r19, 0x00	; 0
    1402:	40 e8       	ldi	r20, 0x80	; 128
    1404:	5f e3       	ldi	r21, 0x3F	; 63
    1406:	0e 94 79 03 	call	0x6f2	; 0x6f2 <__ltsf2>
    140a:	88 23       	and	r24, r24
    140c:	2c f4       	brge	.+10     	; 0x1418 <LCD_voidSendCommand+0x8c>
		__ticks = 1;
    140e:	81 e0       	ldi	r24, 0x01	; 1
    1410:	90 e0       	ldi	r25, 0x00	; 0
    1412:	9e 83       	std	Y+6, r25	; 0x06
    1414:	8d 83       	std	Y+5, r24	; 0x05
    1416:	3f c0       	rjmp	.+126    	; 0x1496 <LCD_voidSendCommand+0x10a>
	else if (__tmp > 65535)
    1418:	6f 81       	ldd	r22, Y+7	; 0x07
    141a:	78 85       	ldd	r23, Y+8	; 0x08
    141c:	89 85       	ldd	r24, Y+9	; 0x09
    141e:	9a 85       	ldd	r25, Y+10	; 0x0a
    1420:	20 e0       	ldi	r18, 0x00	; 0
    1422:	3f ef       	ldi	r19, 0xFF	; 255
    1424:	4f e7       	ldi	r20, 0x7F	; 127
    1426:	57 e4       	ldi	r21, 0x47	; 71
    1428:	0e 94 19 03 	call	0x632	; 0x632 <__gtsf2>
    142c:	18 16       	cp	r1, r24
    142e:	4c f5       	brge	.+82     	; 0x1482 <LCD_voidSendCommand+0xf6>
	{
		//	__ticks = requested delay in 1/10 ms
		__ticks = (uint16_t) (__ms * 10.0);
    1430:	6b 85       	ldd	r22, Y+11	; 0x0b
    1432:	7c 85       	ldd	r23, Y+12	; 0x0c
    1434:	8d 85       	ldd	r24, Y+13	; 0x0d
    1436:	9e 85       	ldd	r25, Y+14	; 0x0e
    1438:	20 e0       	ldi	r18, 0x00	; 0
    143a:	30 e0       	ldi	r19, 0x00	; 0
    143c:	40 e2       	ldi	r20, 0x20	; 32
    143e:	51 e4       	ldi	r21, 0x41	; 65
    1440:	0e 94 1f 02 	call	0x43e	; 0x43e <__mulsf3>
    1444:	dc 01       	movw	r26, r24
    1446:	cb 01       	movw	r24, r22
    1448:	bc 01       	movw	r22, r24
    144a:	cd 01       	movw	r24, r26
    144c:	0e 94 49 00 	call	0x92	; 0x92 <__fixunssfsi>
    1450:	dc 01       	movw	r26, r24
    1452:	cb 01       	movw	r24, r22
    1454:	9e 83       	std	Y+6, r25	; 0x06
    1456:	8d 83       	std	Y+5, r24	; 0x05
    1458:	0f c0       	rjmp	.+30     	; 0x1478 <LCD_voidSendCommand+0xec>
    145a:	88 ec       	ldi	r24, 0xC8	; 200
    145c:	90 e0       	ldi	r25, 0x00	; 0
    145e:	9c 83       	std	Y+4, r25	; 0x04
    1460:	8b 83       	std	Y+3, r24	; 0x03
    1462:	8b 81       	ldd	r24, Y+3	; 0x03
    1464:	9c 81       	ldd	r25, Y+4	; 0x04
    1466:	01 97       	sbiw	r24, 0x01	; 1
    1468:	f1 f7       	brne	.-4      	; 0x1466 <LCD_voidSendCommand+0xda>
    146a:	9c 83       	std	Y+4, r25	; 0x04
    146c:	8b 83       	std	Y+3, r24	; 0x03
		while(__ticks)
		{
			// wait 1/10 ms
			_delay_loop_2(((F_CPU) / 4e3) / 10);
			__ticks --;
    146e:	8d 81       	ldd	r24, Y+5	; 0x05
    1470:	9e 81       	ldd	r25, Y+6	; 0x06
    1472:	01 97       	sbiw	r24, 0x01	; 1
    1474:	9e 83       	std	Y+6, r25	; 0x06
    1476:	8d 83       	std	Y+5, r24	; 0x05
		__ticks = 1;
	else if (__tmp > 65535)
	{
		//	__ticks = requested delay in 1/10 ms
		__ticks = (uint16_t) (__ms * 10.0);
		while(__ticks)
    1478:	8d 81       	ldd	r24, Y+5	; 0x05
    147a:	9e 81       	ldd	r25, Y+6	; 0x06
    147c:	00 97       	sbiw	r24, 0x00	; 0
    147e:	69 f7       	brne	.-38     	; 0x145a <LCD_voidSendCommand+0xce>
    1480:	14 c0       	rjmp	.+40     	; 0x14aa <LCD_voidSendCommand+0x11e>
			__ticks --;
		}
		return;
	}
	else
		__ticks = (uint16_t)__tmp;
    1482:	6f 81       	ldd	r22, Y+7	; 0x07
    1484:	78 85       	ldd	r23, Y+8	; 0x08
    1486:	89 85       	ldd	r24, Y+9	; 0x09
    1488:	9a 85       	ldd	r25, Y+10	; 0x0a
    148a:	0e 94 49 00 	call	0x92	; 0x92 <__fixunssfsi>
    148e:	dc 01       	movw	r26, r24
    1490:	cb 01       	movw	r24, r22
    1492:	9e 83       	std	Y+6, r25	; 0x06
    1494:	8d 83       	std	Y+5, r24	; 0x05
    1496:	8d 81       	ldd	r24, Y+5	; 0x05
    1498:	9e 81       	ldd	r25, Y+6	; 0x06
    149a:	9a 83       	std	Y+2, r25	; 0x02
    149c:	89 83       	std	Y+1, r24	; 0x01
    149e:	89 81       	ldd	r24, Y+1	; 0x01
    14a0:	9a 81       	ldd	r25, Y+2	; 0x02
    14a2:	01 97       	sbiw	r24, 0x01	; 1
    14a4:	f1 f7       	brne	.-4      	; 0x14a2 <LCD_voidSendCommand+0x116>
    14a6:	9a 83       	std	Y+2, r25	; 0x02
    14a8:	89 83       	std	Y+1, r24	; 0x01
    _delay_ms(2);
    DIO_voidSetPinValue(LCD_CTRL_PORT,LCD_EN_PIN,LOW);
    14aa:	81 e0       	ldi	r24, 0x01	; 1
    14ac:	62 e0       	ldi	r22, 0x02	; 2
    14ae:	40 e0       	ldi	r20, 0x00	; 0
    14b0:	0e 94 ac 0e 	call	0x1d58	; 0x1d58 <DIO_voidSetPinValue>
}
    14b4:	2f 96       	adiw	r28, 0x0f	; 15
    14b6:	0f b6       	in	r0, 0x3f	; 63
    14b8:	f8 94       	cli
    14ba:	de bf       	out	0x3e, r29	; 62
    14bc:	0f be       	out	0x3f, r0	; 63
    14be:	cd bf       	out	0x3d, r28	; 61
    14c0:	cf 91       	pop	r28
    14c2:	df 91       	pop	r29
    14c4:	08 95       	ret

000014c6 <LCD_voidSendData>:

void LCD_voidSendData(u8 u8Data)
{
    14c6:	df 93       	push	r29
    14c8:	cf 93       	push	r28
    14ca:	cd b7       	in	r28, 0x3d	; 61
    14cc:	de b7       	in	r29, 0x3e	; 62
    14ce:	2f 97       	sbiw	r28, 0x0f	; 15
    14d0:	0f b6       	in	r0, 0x3f	; 63
    14d2:	f8 94       	cli
    14d4:	de bf       	out	0x3e, r29	; 62
    14d6:	0f be       	out	0x3f, r0	; 63
    14d8:	cd bf       	out	0x3d, r28	; 61
    14da:	8f 87       	std	Y+15, r24	; 0x0f
    DIO_voidSetPinValue(LCD_CTRL_PORT,LCD_RS_PIN,HIGH);
    14dc:	81 e0       	ldi	r24, 0x01	; 1
    14de:	60 e0       	ldi	r22, 0x00	; 0
    14e0:	41 e0       	ldi	r20, 0x01	; 1
    14e2:	0e 94 ac 0e 	call	0x1d58	; 0x1d58 <DIO_voidSetPinValue>
    DIO_voidSetPinValue(LCD_CTRL_PORT,LCD_RW_PIN,LOW);
    14e6:	81 e0       	ldi	r24, 0x01	; 1
    14e8:	61 e0       	ldi	r22, 0x01	; 1
    14ea:	40 e0       	ldi	r20, 0x00	; 0
    14ec:	0e 94 ac 0e 	call	0x1d58	; 0x1d58 <DIO_voidSetPinValue>

    LCD_voidPutonBus(u8Data);
    14f0:	8f 85       	ldd	r24, Y+15	; 0x0f
    14f2:	0e 94 00 0b 	call	0x1600	; 0x1600 <LCD_voidPutonBus>

    DIO_voidSetPinValue(LCD_CTRL_PORT,LCD_EN_PIN,HIGH);
    14f6:	81 e0       	ldi	r24, 0x01	; 1
    14f8:	62 e0       	ldi	r22, 0x02	; 2
    14fa:	41 e0       	ldi	r20, 0x01	; 1
    14fc:	0e 94 ac 0e 	call	0x1d58	; 0x1d58 <DIO_voidSetPinValue>
    1500:	80 e0       	ldi	r24, 0x00	; 0
    1502:	90 e0       	ldi	r25, 0x00	; 0
    1504:	a0 e0       	ldi	r26, 0x00	; 0
    1506:	b0 e4       	ldi	r27, 0x40	; 64
    1508:	8b 87       	std	Y+11, r24	; 0x0b
    150a:	9c 87       	std	Y+12, r25	; 0x0c
    150c:	ad 87       	std	Y+13, r26	; 0x0d
    150e:	be 87       	std	Y+14, r27	; 0x0e
 */
void
_delay_ms(double __ms)
{
	uint16_t __ticks;
	double __tmp = ((F_CPU) / 4e3) * __ms;
    1510:	6b 85       	ldd	r22, Y+11	; 0x0b
    1512:	7c 85       	ldd	r23, Y+12	; 0x0c
    1514:	8d 85       	ldd	r24, Y+13	; 0x0d
    1516:	9e 85       	ldd	r25, Y+14	; 0x0e
    1518:	20 e0       	ldi	r18, 0x00	; 0
    151a:	30 e0       	ldi	r19, 0x00	; 0
    151c:	4a ef       	ldi	r20, 0xFA	; 250
    151e:	54 e4       	ldi	r21, 0x44	; 68
    1520:	0e 94 1f 02 	call	0x43e	; 0x43e <__mulsf3>
    1524:	dc 01       	movw	r26, r24
    1526:	cb 01       	movw	r24, r22
    1528:	8f 83       	std	Y+7, r24	; 0x07
    152a:	98 87       	std	Y+8, r25	; 0x08
    152c:	a9 87       	std	Y+9, r26	; 0x09
    152e:	ba 87       	std	Y+10, r27	; 0x0a
	if (__tmp < 1.0)
    1530:	6f 81       	ldd	r22, Y+7	; 0x07
    1532:	78 85       	ldd	r23, Y+8	; 0x08
    1534:	89 85       	ldd	r24, Y+9	; 0x09
    1536:	9a 85       	ldd	r25, Y+10	; 0x0a
    1538:	20 e0       	ldi	r18, 0x00	; 0
    153a:	30 e0       	ldi	r19, 0x00	; 0
    153c:	40 e8       	ldi	r20, 0x80	; 128
    153e:	5f e3       	ldi	r21, 0x3F	; 63
    1540:	0e 94 79 03 	call	0x6f2	; 0x6f2 <__ltsf2>
    1544:	88 23       	and	r24, r24
    1546:	2c f4       	brge	.+10     	; 0x1552 <LCD_voidSendData+0x8c>
		__ticks = 1;
    1548:	81 e0       	ldi	r24, 0x01	; 1
    154a:	90 e0       	ldi	r25, 0x00	; 0
    154c:	9e 83       	std	Y+6, r25	; 0x06
    154e:	8d 83       	std	Y+5, r24	; 0x05
    1550:	3f c0       	rjmp	.+126    	; 0x15d0 <LCD_voidSendData+0x10a>
	else if (__tmp > 65535)
    1552:	6f 81       	ldd	r22, Y+7	; 0x07
    1554:	78 85       	ldd	r23, Y+8	; 0x08
    1556:	89 85       	ldd	r24, Y+9	; 0x09
    1558:	9a 85       	ldd	r25, Y+10	; 0x0a
    155a:	20 e0       	ldi	r18, 0x00	; 0
    155c:	3f ef       	ldi	r19, 0xFF	; 255
    155e:	4f e7       	ldi	r20, 0x7F	; 127
    1560:	57 e4       	ldi	r21, 0x47	; 71
    1562:	0e 94 19 03 	call	0x632	; 0x632 <__gtsf2>
    1566:	18 16       	cp	r1, r24
    1568:	4c f5       	brge	.+82     	; 0x15bc <LCD_voidSendData+0xf6>
	{
		//	__ticks = requested delay in 1/10 ms
		__ticks = (uint16_t) (__ms * 10.0);
    156a:	6b 85       	ldd	r22, Y+11	; 0x0b
    156c:	7c 85       	ldd	r23, Y+12	; 0x0c
    156e:	8d 85       	ldd	r24, Y+13	; 0x0d
    1570:	9e 85       	ldd	r25, Y+14	; 0x0e
    1572:	20 e0       	ldi	r18, 0x00	; 0
    1574:	30 e0       	ldi	r19, 0x00	; 0
    1576:	40 e2       	ldi	r20, 0x20	; 32
    1578:	51 e4       	ldi	r21, 0x41	; 65
    157a:	0e 94 1f 02 	call	0x43e	; 0x43e <__mulsf3>
    157e:	dc 01       	movw	r26, r24
    1580:	cb 01       	movw	r24, r22
    1582:	bc 01       	movw	r22, r24
    1584:	cd 01       	movw	r24, r26
    1586:	0e 94 49 00 	call	0x92	; 0x92 <__fixunssfsi>
    158a:	dc 01       	movw	r26, r24
    158c:	cb 01       	movw	r24, r22
    158e:	9e 83       	std	Y+6, r25	; 0x06
    1590:	8d 83       	std	Y+5, r24	; 0x05
    1592:	0f c0       	rjmp	.+30     	; 0x15b2 <LCD_voidSendData+0xec>
    1594:	88 ec       	ldi	r24, 0xC8	; 200
    1596:	90 e0       	ldi	r25, 0x00	; 0
    1598:	9c 83       	std	Y+4, r25	; 0x04
    159a:	8b 83       	std	Y+3, r24	; 0x03
    159c:	8b 81       	ldd	r24, Y+3	; 0x03
    159e:	9c 81       	ldd	r25, Y+4	; 0x04
    15a0:	01 97       	sbiw	r24, 0x01	; 1
    15a2:	f1 f7       	brne	.-4      	; 0x15a0 <LCD_voidSendData+0xda>
    15a4:	9c 83       	std	Y+4, r25	; 0x04
    15a6:	8b 83       	std	Y+3, r24	; 0x03
		while(__ticks)
		{
			// wait 1/10 ms
			_delay_loop_2(((F_CPU) / 4e3) / 10);
			__ticks --;
    15a8:	8d 81       	ldd	r24, Y+5	; 0x05
    15aa:	9e 81       	ldd	r25, Y+6	; 0x06
    15ac:	01 97       	sbiw	r24, 0x01	; 1
    15ae:	9e 83       	std	Y+6, r25	; 0x06
    15b0:	8d 83       	std	Y+5, r24	; 0x05
		__ticks = 1;
	else if (__tmp > 65535)
	{
		//	__ticks = requested delay in 1/10 ms
		__ticks = (uint16_t) (__ms * 10.0);
		while(__ticks)
    15b2:	8d 81       	ldd	r24, Y+5	; 0x05
    15b4:	9e 81       	ldd	r25, Y+6	; 0x06
    15b6:	00 97       	sbiw	r24, 0x00	; 0
    15b8:	69 f7       	brne	.-38     	; 0x1594 <LCD_voidSendData+0xce>
    15ba:	14 c0       	rjmp	.+40     	; 0x15e4 <LCD_voidSendData+0x11e>
			__ticks --;
		}
		return;
	}
	else
		__ticks = (uint16_t)__tmp;
    15bc:	6f 81       	ldd	r22, Y+7	; 0x07
    15be:	78 85       	ldd	r23, Y+8	; 0x08
    15c0:	89 85       	ldd	r24, Y+9	; 0x09
    15c2:	9a 85       	ldd	r25, Y+10	; 0x0a
    15c4:	0e 94 49 00 	call	0x92	; 0x92 <__fixunssfsi>
    15c8:	dc 01       	movw	r26, r24
    15ca:	cb 01       	movw	r24, r22
    15cc:	9e 83       	std	Y+6, r25	; 0x06
    15ce:	8d 83       	std	Y+5, r24	; 0x05
    15d0:	8d 81       	ldd	r24, Y+5	; 0x05
    15d2:	9e 81       	ldd	r25, Y+6	; 0x06
    15d4:	9a 83       	std	Y+2, r25	; 0x02
    15d6:	89 83       	std	Y+1, r24	; 0x01
    15d8:	89 81       	ldd	r24, Y+1	; 0x01
    15da:	9a 81       	ldd	r25, Y+2	; 0x02
    15dc:	01 97       	sbiw	r24, 0x01	; 1
    15de:	f1 f7       	brne	.-4      	; 0x15dc <LCD_voidSendData+0x116>
    15e0:	9a 83       	std	Y+2, r25	; 0x02
    15e2:	89 83       	std	Y+1, r24	; 0x01
    _delay_ms(2);
    DIO_voidSetPinValue(LCD_CTRL_PORT,LCD_EN_PIN,LOW);
    15e4:	81 e0       	ldi	r24, 0x01	; 1
    15e6:	62 e0       	ldi	r22, 0x02	; 2
    15e8:	40 e0       	ldi	r20, 0x00	; 0
    15ea:	0e 94 ac 0e 	call	0x1d58	; 0x1d58 <DIO_voidSetPinValue>
}
    15ee:	2f 96       	adiw	r28, 0x0f	; 15
    15f0:	0f b6       	in	r0, 0x3f	; 63
    15f2:	f8 94       	cli
    15f4:	de bf       	out	0x3e, r29	; 62
    15f6:	0f be       	out	0x3f, r0	; 63
    15f8:	cd bf       	out	0x3d, r28	; 61
    15fa:	cf 91       	pop	r28
    15fc:	df 91       	pop	r29
    15fe:	08 95       	ret

00001600 <LCD_voidPutonBus>:

static void LCD_voidPutonBus(u8 u8Char)
{
    1600:	df 93       	push	r29
    1602:	cf 93       	push	r28
    1604:	0f 92       	push	r0
    1606:	cd b7       	in	r28, 0x3d	; 61
    1608:	de b7       	in	r29, 0x3e	; 62
    160a:	89 83       	std	Y+1, r24	; 0x01
    DIO_voidSetPortValue(LCD_DATA_PORT,u8Char);
    160c:	80 e0       	ldi	r24, 0x00	; 0
    160e:	69 81       	ldd	r22, Y+1	; 0x01
    1610:	0e 94 ff 10 	call	0x21fe	; 0x21fe <DIO_voidSetPortValue>
}
    1614:	0f 90       	pop	r0
    1616:	cf 91       	pop	r28
    1618:	df 91       	pop	r29
    161a:	08 95       	ret

0000161c <LCD_GotoXY>:

void LCD_GotoXY(u8 x,u8 y)
{
    161c:	df 93       	push	r29
    161e:	cf 93       	push	r28
    1620:	00 d0       	rcall	.+0      	; 0x1622 <LCD_GotoXY+0x6>
    1622:	cd b7       	in	r28, 0x3d	; 61
    1624:	de b7       	in	r29, 0x3e	; 62
    1626:	89 83       	std	Y+1, r24	; 0x01
    1628:	6a 83       	std	Y+2, r22	; 0x02
    if(x==0)
    162a:	89 81       	ldd	r24, Y+1	; 0x01
    162c:	88 23       	and	r24, r24
    162e:	29 f4       	brne	.+10     	; 0x163a <LCD_GotoXY+0x1e>
        LCD_voidSendCommand(0x80+y);
    1630:	8a 81       	ldd	r24, Y+2	; 0x02
    1632:	80 58       	subi	r24, 0x80	; 128
    1634:	0e 94 c6 09 	call	0x138c	; 0x138c <LCD_voidSendCommand>
    1638:	07 c0       	rjmp	.+14     	; 0x1648 <LCD_GotoXY+0x2c>

    else if(x==1)
    163a:	89 81       	ldd	r24, Y+1	; 0x01
    163c:	81 30       	cpi	r24, 0x01	; 1
    163e:	21 f4       	brne	.+8      	; 0x1648 <LCD_GotoXY+0x2c>
        LCD_voidSendCommand(0xC0+y);
    1640:	8a 81       	ldd	r24, Y+2	; 0x02
    1642:	80 54       	subi	r24, 0x40	; 64
    1644:	0e 94 c6 09 	call	0x138c	; 0x138c <LCD_voidSendCommand>
}
    1648:	0f 90       	pop	r0
    164a:	0f 90       	pop	r0
    164c:	cf 91       	pop	r28
    164e:	df 91       	pop	r29
    1650:	08 95       	ret

00001652 <LCD_voidWriteString>:

void LCD_voidWriteString(u8 *u8String)
{
    1652:	df 93       	push	r29
    1654:	cf 93       	push	r28
    1656:	00 d0       	rcall	.+0      	; 0x1658 <LCD_voidWriteString+0x6>
    1658:	cd b7       	in	r28, 0x3d	; 61
    165a:	de b7       	in	r29, 0x3e	; 62
    165c:	9a 83       	std	Y+2, r25	; 0x02
    165e:	89 83       	std	Y+1, r24	; 0x01
    1660:	0a c0       	rjmp	.+20     	; 0x1676 <LCD_voidWriteString+0x24>
    while(*u8String!='\0')
    {
        LCD_voidSendData(*u8String);
    1662:	e9 81       	ldd	r30, Y+1	; 0x01
    1664:	fa 81       	ldd	r31, Y+2	; 0x02
    1666:	80 81       	ld	r24, Z
    1668:	0e 94 63 0a 	call	0x14c6	; 0x14c6 <LCD_voidSendData>
        u8String++;
    166c:	89 81       	ldd	r24, Y+1	; 0x01
    166e:	9a 81       	ldd	r25, Y+2	; 0x02
    1670:	01 96       	adiw	r24, 0x01	; 1
    1672:	9a 83       	std	Y+2, r25	; 0x02
    1674:	89 83       	std	Y+1, r24	; 0x01
        LCD_voidSendCommand(0xC0+y);
}

void LCD_voidWriteString(u8 *u8String)
{
    while(*u8String!='\0')
    1676:	e9 81       	ldd	r30, Y+1	; 0x01
    1678:	fa 81       	ldd	r31, Y+2	; 0x02
    167a:	80 81       	ld	r24, Z
    167c:	88 23       	and	r24, r24
    167e:	89 f7       	brne	.-30     	; 0x1662 <LCD_voidWriteString+0x10>
    {
        LCD_voidSendData(*u8String);
        u8String++;
    }
}
    1680:	0f 90       	pop	r0
    1682:	0f 90       	pop	r0
    1684:	cf 91       	pop	r28
    1686:	df 91       	pop	r29
    1688:	08 95       	ret

0000168a <LCD_voidWriteNumber>:

void LCD_voidWriteNumber(u8 u8Number)
{
    168a:	df 93       	push	r29
    168c:	cf 93       	push	r28
    168e:	0f 92       	push	r0
    1690:	cd b7       	in	r28, 0x3d	; 61
    1692:	de b7       	in	r29, 0x3e	; 62
    1694:	89 83       	std	Y+1, r24	; 0x01
    if(u8Number>=100)
    1696:	89 81       	ldd	r24, Y+1	; 0x01
    1698:	84 36       	cpi	r24, 0x64	; 100
    169a:	f8 f0       	brcs	.+62     	; 0x16da <LCD_voidWriteNumber+0x50>
    {
        LCD_voidSendData((u8Number/100)+'0');
    169c:	89 81       	ldd	r24, Y+1	; 0x01
    169e:	94 e6       	ldi	r25, 0x64	; 100
    16a0:	69 2f       	mov	r22, r25
    16a2:	0e 94 d6 12 	call	0x25ac	; 0x25ac <__udivmodqi4>
    16a6:	80 5d       	subi	r24, 0xD0	; 208
    16a8:	0e 94 63 0a 	call	0x14c6	; 0x14c6 <LCD_voidSendData>
        LCD_voidSendData(((u8Number%100)/10)+'0');
    16ac:	89 81       	ldd	r24, Y+1	; 0x01
    16ae:	94 e6       	ldi	r25, 0x64	; 100
    16b0:	69 2f       	mov	r22, r25
    16b2:	0e 94 d6 12 	call	0x25ac	; 0x25ac <__udivmodqi4>
    16b6:	89 2f       	mov	r24, r25
    16b8:	9a e0       	ldi	r25, 0x0A	; 10
    16ba:	69 2f       	mov	r22, r25
    16bc:	0e 94 d6 12 	call	0x25ac	; 0x25ac <__udivmodqi4>
    16c0:	80 5d       	subi	r24, 0xD0	; 208
    16c2:	0e 94 63 0a 	call	0x14c6	; 0x14c6 <LCD_voidSendData>
        LCD_voidSendData((u8Number%10)+'0');
    16c6:	89 81       	ldd	r24, Y+1	; 0x01
    16c8:	9a e0       	ldi	r25, 0x0A	; 10
    16ca:	69 2f       	mov	r22, r25
    16cc:	0e 94 d6 12 	call	0x25ac	; 0x25ac <__udivmodqi4>
    16d0:	89 2f       	mov	r24, r25
    16d2:	80 5d       	subi	r24, 0xD0	; 208
    16d4:	0e 94 63 0a 	call	0x14c6	; 0x14c6 <LCD_voidSendData>
    16d8:	19 c0       	rjmp	.+50     	; 0x170c <LCD_voidWriteNumber+0x82>
    }
    else if(u8Number>=10)
    16da:	89 81       	ldd	r24, Y+1	; 0x01
    16dc:	8a 30       	cpi	r24, 0x0A	; 10
    16de:	90 f0       	brcs	.+36     	; 0x1704 <LCD_voidWriteNumber+0x7a>
    {
        LCD_voidSendData((u8Number/10)+'0');
    16e0:	89 81       	ldd	r24, Y+1	; 0x01
    16e2:	9a e0       	ldi	r25, 0x0A	; 10
    16e4:	69 2f       	mov	r22, r25
    16e6:	0e 94 d6 12 	call	0x25ac	; 0x25ac <__udivmodqi4>
    16ea:	80 5d       	subi	r24, 0xD0	; 208
    16ec:	0e 94 63 0a 	call	0x14c6	; 0x14c6 <LCD_voidSendData>
        LCD_voidSendData((u8Number%10)+'0');
    16f0:	89 81       	ldd	r24, Y+1	; 0x01
    16f2:	9a e0       	ldi	r25, 0x0A	; 10
    16f4:	69 2f       	mov	r22, r25
    16f6:	0e 94 d6 12 	call	0x25ac	; 0x25ac <__udivmodqi4>
    16fa:	89 2f       	mov	r24, r25
    16fc:	80 5d       	subi	r24, 0xD0	; 208
    16fe:	0e 94 63 0a 	call	0x14c6	; 0x14c6 <LCD_voidSendData>
    1702:	04 c0       	rjmp	.+8      	; 0x170c <LCD_voidWriteNumber+0x82>
    }
    else
    {
        LCD_voidSendData(u8Number+'0');
    1704:	89 81       	ldd	r24, Y+1	; 0x01
    1706:	80 5d       	subi	r24, 0xD0	; 208
    1708:	0e 94 63 0a 	call	0x14c6	; 0x14c6 <LCD_voidSendData>
    }
}
    170c:	0f 90       	pop	r0
    170e:	cf 91       	pop	r28
    1710:	df 91       	pop	r29
    1712:	08 95       	ret

00001714 <KEYPAD_voidInit>:
#include "KEYPAD_config.h"
#include "KEYPAD_private.h"
#include "KEYPAD_int.h"

void KEYPAD_voidInit(void)
{
    1714:	df 93       	push	r29
    1716:	cf 93       	push	r28
    1718:	cd b7       	in	r28, 0x3d	; 61
    171a:	de b7       	in	r29, 0x3e	; 62
	DIO_voidSetPinValue(KEYPAD_ROW0,HIGH);
    171c:	83 e0       	ldi	r24, 0x03	; 3
    171e:	64 e0       	ldi	r22, 0x04	; 4
    1720:	41 e0       	ldi	r20, 0x01	; 1
    1722:	0e 94 ac 0e 	call	0x1d58	; 0x1d58 <DIO_voidSetPinValue>
	DIO_voidSetPinValue(KEYPAD_ROW1,HIGH);
    1726:	83 e0       	ldi	r24, 0x03	; 3
    1728:	65 e0       	ldi	r22, 0x05	; 5
    172a:	41 e0       	ldi	r20, 0x01	; 1
    172c:	0e 94 ac 0e 	call	0x1d58	; 0x1d58 <DIO_voidSetPinValue>
	DIO_voidSetPinValue(KEYPAD_ROW2,HIGH);
    1730:	83 e0       	ldi	r24, 0x03	; 3
    1732:	66 e0       	ldi	r22, 0x06	; 6
    1734:	41 e0       	ldi	r20, 0x01	; 1
    1736:	0e 94 ac 0e 	call	0x1d58	; 0x1d58 <DIO_voidSetPinValue>
	DIO_voidSetPinValue(KEYPAD_ROW3,HIGH);
    173a:	83 e0       	ldi	r24, 0x03	; 3
    173c:	67 e0       	ldi	r22, 0x07	; 7
    173e:	41 e0       	ldi	r20, 0x01	; 1
    1740:	0e 94 ac 0e 	call	0x1d58	; 0x1d58 <DIO_voidSetPinValue>

	DIO_voidSetPinValue(KEYPAD_COL0,HIGH);
    1744:	83 e0       	ldi	r24, 0x03	; 3
    1746:	60 e0       	ldi	r22, 0x00	; 0
    1748:	41 e0       	ldi	r20, 0x01	; 1
    174a:	0e 94 ac 0e 	call	0x1d58	; 0x1d58 <DIO_voidSetPinValue>
	DIO_voidSetPinValue(KEYPAD_COL1,HIGH);
    174e:	83 e0       	ldi	r24, 0x03	; 3
    1750:	61 e0       	ldi	r22, 0x01	; 1
    1752:	41 e0       	ldi	r20, 0x01	; 1
    1754:	0e 94 ac 0e 	call	0x1d58	; 0x1d58 <DIO_voidSetPinValue>
	DIO_voidSetPinValue(KEYPAD_COL2,HIGH);
    1758:	83 e0       	ldi	r24, 0x03	; 3
    175a:	62 e0       	ldi	r22, 0x02	; 2
    175c:	41 e0       	ldi	r20, 0x01	; 1
    175e:	0e 94 ac 0e 	call	0x1d58	; 0x1d58 <DIO_voidSetPinValue>
	DIO_voidSetPinValue(KEYPAD_COL3,HIGH);
    1762:	83 e0       	ldi	r24, 0x03	; 3
    1764:	63 e0       	ldi	r22, 0x03	; 3
    1766:	41 e0       	ldi	r20, 0x01	; 1
    1768:	0e 94 ac 0e 	call	0x1d58	; 0x1d58 <DIO_voidSetPinValue>
}
    176c:	cf 91       	pop	r28
    176e:	df 91       	pop	r29
    1770:	08 95       	ret

00001772 <KEYPAD_u8GetPressedKey>:

u8 KEYPAD_u8GetPressedKey(void)
{
    1772:	df 93       	push	r29
    1774:	cf 93       	push	r28
    1776:	cd b7       	in	r28, 0x3d	; 61
    1778:	de b7       	in	r29, 0x3e	; 62
    177a:	2a 97       	sbiw	r28, 0x0a	; 10
    177c:	0f b6       	in	r0, 0x3f	; 63
    177e:	f8 94       	cli
    1780:	de bf       	out	0x3e, r29	; 62
    1782:	0f be       	out	0x3f, r0	; 63
    1784:	cd bf       	out	0x3d, r28	; 61
	u8 RowValue;
	u8 PressedKey=0xFF;
    1786:	8f ef       	ldi	r24, 0xFF	; 255
    1788:	89 83       	std	Y+1, r24	; 0x01

	DIO_voidSetPinValue(KEYPAD_COL0,LOW);
    178a:	83 e0       	ldi	r24, 0x03	; 3
    178c:	60 e0       	ldi	r22, 0x00	; 0
    178e:	40 e0       	ldi	r20, 0x00	; 0
    1790:	0e 94 ac 0e 	call	0x1d58	; 0x1d58 <DIO_voidSetPinValue>
	DIO_voidSetPinValue(KEYPAD_COL1,HIGH);
    1794:	83 e0       	ldi	r24, 0x03	; 3
    1796:	61 e0       	ldi	r22, 0x01	; 1
    1798:	41 e0       	ldi	r20, 0x01	; 1
    179a:	0e 94 ac 0e 	call	0x1d58	; 0x1d58 <DIO_voidSetPinValue>
	DIO_voidSetPinValue(KEYPAD_COL2,HIGH);
    179e:	83 e0       	ldi	r24, 0x03	; 3
    17a0:	62 e0       	ldi	r22, 0x02	; 2
    17a2:	41 e0       	ldi	r20, 0x01	; 1
    17a4:	0e 94 ac 0e 	call	0x1d58	; 0x1d58 <DIO_voidSetPinValue>
	DIO_voidSetPinValue(KEYPAD_COL3,HIGH);
    17a8:	83 e0       	ldi	r24, 0x03	; 3
    17aa:	63 e0       	ldi	r22, 0x03	; 3
    17ac:	41 e0       	ldi	r20, 0x01	; 1
    17ae:	0e 94 ac 0e 	call	0x1d58	; 0x1d58 <DIO_voidSetPinValue>

	RowValue=DIO_u8GetPinValue(KEYPAD_ROW0);
    17b2:	83 e0       	ldi	r24, 0x03	; 3
    17b4:	64 e0       	ldi	r22, 0x04	; 4
    17b6:	0e 94 b4 0f 	call	0x1f68	; 0x1f68 <DIO_u8GetPinValue>
    17ba:	8a 83       	std	Y+2, r24	; 0x02
	RowValue|=DIO_u8GetPinValue(KEYPAD_ROW1)<<1;
    17bc:	83 e0       	ldi	r24, 0x03	; 3
    17be:	65 e0       	ldi	r22, 0x05	; 5
    17c0:	0e 94 b4 0f 	call	0x1f68	; 0x1f68 <DIO_u8GetPinValue>
    17c4:	88 2f       	mov	r24, r24
    17c6:	90 e0       	ldi	r25, 0x00	; 0
    17c8:	88 0f       	add	r24, r24
    17ca:	99 1f       	adc	r25, r25
    17cc:	98 2f       	mov	r25, r24
    17ce:	8a 81       	ldd	r24, Y+2	; 0x02
    17d0:	89 2b       	or	r24, r25
    17d2:	8a 83       	std	Y+2, r24	; 0x02
	RowValue|=DIO_u8GetPinValue(KEYPAD_ROW2)<<2;
    17d4:	83 e0       	ldi	r24, 0x03	; 3
    17d6:	66 e0       	ldi	r22, 0x06	; 6
    17d8:	0e 94 b4 0f 	call	0x1f68	; 0x1f68 <DIO_u8GetPinValue>
    17dc:	88 2f       	mov	r24, r24
    17de:	90 e0       	ldi	r25, 0x00	; 0
    17e0:	88 0f       	add	r24, r24
    17e2:	99 1f       	adc	r25, r25
    17e4:	88 0f       	add	r24, r24
    17e6:	99 1f       	adc	r25, r25
    17e8:	98 2f       	mov	r25, r24
    17ea:	8a 81       	ldd	r24, Y+2	; 0x02
    17ec:	89 2b       	or	r24, r25
    17ee:	8a 83       	std	Y+2, r24	; 0x02
	RowValue|=DIO_u8GetPinValue(KEYPAD_ROW3)<<3;
    17f0:	83 e0       	ldi	r24, 0x03	; 3
    17f2:	67 e0       	ldi	r22, 0x07	; 7
    17f4:	0e 94 b4 0f 	call	0x1f68	; 0x1f68 <DIO_u8GetPinValue>
    17f8:	88 2f       	mov	r24, r24
    17fa:	90 e0       	ldi	r25, 0x00	; 0
    17fc:	88 0f       	add	r24, r24
    17fe:	99 1f       	adc	r25, r25
    1800:	88 0f       	add	r24, r24
    1802:	99 1f       	adc	r25, r25
    1804:	88 0f       	add	r24, r24
    1806:	99 1f       	adc	r25, r25
    1808:	98 2f       	mov	r25, r24
    180a:	8a 81       	ldd	r24, Y+2	; 0x02
    180c:	89 2b       	or	r24, r25
    180e:	8a 83       	std	Y+2, r24	; 0x02


	switch(RowValue)
    1810:	8a 81       	ldd	r24, Y+2	; 0x02
    1812:	28 2f       	mov	r18, r24
    1814:	30 e0       	ldi	r19, 0x00	; 0
    1816:	3a 87       	std	Y+10, r19	; 0x0a
    1818:	29 87       	std	Y+9, r18	; 0x09
    181a:	89 85       	ldd	r24, Y+9	; 0x09
    181c:	9a 85       	ldd	r25, Y+10	; 0x0a
    181e:	8b 30       	cpi	r24, 0x0B	; 11
    1820:	91 05       	cpc	r25, r1
    1822:	d9 f0       	breq	.+54     	; 0x185a <KEYPAD_u8GetPressedKey+0xe8>
    1824:	29 85       	ldd	r18, Y+9	; 0x09
    1826:	3a 85       	ldd	r19, Y+10	; 0x0a
    1828:	2c 30       	cpi	r18, 0x0C	; 12
    182a:	31 05       	cpc	r19, r1
    182c:	34 f4       	brge	.+12     	; 0x183a <KEYPAD_u8GetPressedKey+0xc8>
    182e:	89 85       	ldd	r24, Y+9	; 0x09
    1830:	9a 85       	ldd	r25, Y+10	; 0x0a
    1832:	87 30       	cpi	r24, 0x07	; 7
    1834:	91 05       	cpc	r25, r1
    1836:	a1 f0       	breq	.+40     	; 0x1860 <KEYPAD_u8GetPressedKey+0xee>
    1838:	16 c0       	rjmp	.+44     	; 0x1866 <KEYPAD_u8GetPressedKey+0xf4>
    183a:	29 85       	ldd	r18, Y+9	; 0x09
    183c:	3a 85       	ldd	r19, Y+10	; 0x0a
    183e:	2d 30       	cpi	r18, 0x0D	; 13
    1840:	31 05       	cpc	r19, r1
    1842:	41 f0       	breq	.+16     	; 0x1854 <KEYPAD_u8GetPressedKey+0xe2>
    1844:	89 85       	ldd	r24, Y+9	; 0x09
    1846:	9a 85       	ldd	r25, Y+10	; 0x0a
    1848:	8e 30       	cpi	r24, 0x0E	; 14
    184a:	91 05       	cpc	r25, r1
    184c:	61 f4       	brne	.+24     	; 0x1866 <KEYPAD_u8GetPressedKey+0xf4>
	{
	case 0b00001110:
	PressedKey='1';
    184e:	81 e3       	ldi	r24, 0x31	; 49
    1850:	89 83       	std	Y+1, r24	; 0x01
    1852:	0b c0       	rjmp	.+22     	; 0x186a <KEYPAD_u8GetPressedKey+0xf8>
	break;

	case 0b00001101:
	PressedKey='4';
    1854:	84 e3       	ldi	r24, 0x34	; 52
    1856:	89 83       	std	Y+1, r24	; 0x01
    1858:	08 c0       	rjmp	.+16     	; 0x186a <KEYPAD_u8GetPressedKey+0xf8>
	break;

	case 0b00001011:
	PressedKey='7';
    185a:	87 e3       	ldi	r24, 0x37	; 55
    185c:	89 83       	std	Y+1, r24	; 0x01
    185e:	05 c0       	rjmp	.+10     	; 0x186a <KEYPAD_u8GetPressedKey+0xf8>
	break;

	case 0b00000111:
	PressedKey='*';
    1860:	8a e2       	ldi	r24, 0x2A	; 42
    1862:	89 83       	std	Y+1, r24	; 0x01
    1864:	02 c0       	rjmp	.+4      	; 0x186a <KEYPAD_u8GetPressedKey+0xf8>
	break;

	default:
		PressedKey=0xFF;
    1866:	8f ef       	ldi	r24, 0xFF	; 255
    1868:	89 83       	std	Y+1, r24	; 0x01
		break;
	}

		DIO_voidSetPinValue(KEYPAD_COL0,HIGH);
    186a:	83 e0       	ldi	r24, 0x03	; 3
    186c:	60 e0       	ldi	r22, 0x00	; 0
    186e:	41 e0       	ldi	r20, 0x01	; 1
    1870:	0e 94 ac 0e 	call	0x1d58	; 0x1d58 <DIO_voidSetPinValue>
		DIO_voidSetPinValue(KEYPAD_COL1,LOW);
    1874:	83 e0       	ldi	r24, 0x03	; 3
    1876:	61 e0       	ldi	r22, 0x01	; 1
    1878:	40 e0       	ldi	r20, 0x00	; 0
    187a:	0e 94 ac 0e 	call	0x1d58	; 0x1d58 <DIO_voidSetPinValue>
		DIO_voidSetPinValue(KEYPAD_COL2,HIGH);
    187e:	83 e0       	ldi	r24, 0x03	; 3
    1880:	62 e0       	ldi	r22, 0x02	; 2
    1882:	41 e0       	ldi	r20, 0x01	; 1
    1884:	0e 94 ac 0e 	call	0x1d58	; 0x1d58 <DIO_voidSetPinValue>
		DIO_voidSetPinValue(KEYPAD_COL3,HIGH);
    1888:	83 e0       	ldi	r24, 0x03	; 3
    188a:	63 e0       	ldi	r22, 0x03	; 3
    188c:	41 e0       	ldi	r20, 0x01	; 1
    188e:	0e 94 ac 0e 	call	0x1d58	; 0x1d58 <DIO_voidSetPinValue>

		RowValue=DIO_u8GetPinValue(KEYPAD_ROW0);
    1892:	83 e0       	ldi	r24, 0x03	; 3
    1894:	64 e0       	ldi	r22, 0x04	; 4
    1896:	0e 94 b4 0f 	call	0x1f68	; 0x1f68 <DIO_u8GetPinValue>
    189a:	8a 83       	std	Y+2, r24	; 0x02
		RowValue|=DIO_u8GetPinValue(KEYPAD_ROW1)<<1;
    189c:	83 e0       	ldi	r24, 0x03	; 3
    189e:	65 e0       	ldi	r22, 0x05	; 5
    18a0:	0e 94 b4 0f 	call	0x1f68	; 0x1f68 <DIO_u8GetPinValue>
    18a4:	88 2f       	mov	r24, r24
    18a6:	90 e0       	ldi	r25, 0x00	; 0
    18a8:	88 0f       	add	r24, r24
    18aa:	99 1f       	adc	r25, r25
    18ac:	98 2f       	mov	r25, r24
    18ae:	8a 81       	ldd	r24, Y+2	; 0x02
    18b0:	89 2b       	or	r24, r25
    18b2:	8a 83       	std	Y+2, r24	; 0x02
		RowValue|=DIO_u8GetPinValue(KEYPAD_ROW2)<<2;
    18b4:	83 e0       	ldi	r24, 0x03	; 3
    18b6:	66 e0       	ldi	r22, 0x06	; 6
    18b8:	0e 94 b4 0f 	call	0x1f68	; 0x1f68 <DIO_u8GetPinValue>
    18bc:	88 2f       	mov	r24, r24
    18be:	90 e0       	ldi	r25, 0x00	; 0
    18c0:	88 0f       	add	r24, r24
    18c2:	99 1f       	adc	r25, r25
    18c4:	88 0f       	add	r24, r24
    18c6:	99 1f       	adc	r25, r25
    18c8:	98 2f       	mov	r25, r24
    18ca:	8a 81       	ldd	r24, Y+2	; 0x02
    18cc:	89 2b       	or	r24, r25
    18ce:	8a 83       	std	Y+2, r24	; 0x02
		RowValue|=DIO_u8GetPinValue(KEYPAD_ROW3)<<3;
    18d0:	83 e0       	ldi	r24, 0x03	; 3
    18d2:	67 e0       	ldi	r22, 0x07	; 7
    18d4:	0e 94 b4 0f 	call	0x1f68	; 0x1f68 <DIO_u8GetPinValue>
    18d8:	88 2f       	mov	r24, r24
    18da:	90 e0       	ldi	r25, 0x00	; 0
    18dc:	88 0f       	add	r24, r24
    18de:	99 1f       	adc	r25, r25
    18e0:	88 0f       	add	r24, r24
    18e2:	99 1f       	adc	r25, r25
    18e4:	88 0f       	add	r24, r24
    18e6:	99 1f       	adc	r25, r25
    18e8:	98 2f       	mov	r25, r24
    18ea:	8a 81       	ldd	r24, Y+2	; 0x02
    18ec:	89 2b       	or	r24, r25
    18ee:	8a 83       	std	Y+2, r24	; 0x02


		switch(RowValue)
    18f0:	8a 81       	ldd	r24, Y+2	; 0x02
    18f2:	28 2f       	mov	r18, r24
    18f4:	30 e0       	ldi	r19, 0x00	; 0
    18f6:	38 87       	std	Y+8, r19	; 0x08
    18f8:	2f 83       	std	Y+7, r18	; 0x07
    18fa:	8f 81       	ldd	r24, Y+7	; 0x07
    18fc:	98 85       	ldd	r25, Y+8	; 0x08
    18fe:	8b 30       	cpi	r24, 0x0B	; 11
    1900:	91 05       	cpc	r25, r1
    1902:	d9 f0       	breq	.+54     	; 0x193a <KEYPAD_u8GetPressedKey+0x1c8>
    1904:	2f 81       	ldd	r18, Y+7	; 0x07
    1906:	38 85       	ldd	r19, Y+8	; 0x08
    1908:	2c 30       	cpi	r18, 0x0C	; 12
    190a:	31 05       	cpc	r19, r1
    190c:	34 f4       	brge	.+12     	; 0x191a <KEYPAD_u8GetPressedKey+0x1a8>
    190e:	8f 81       	ldd	r24, Y+7	; 0x07
    1910:	98 85       	ldd	r25, Y+8	; 0x08
    1912:	87 30       	cpi	r24, 0x07	; 7
    1914:	91 05       	cpc	r25, r1
    1916:	a1 f0       	breq	.+40     	; 0x1940 <KEYPAD_u8GetPressedKey+0x1ce>
    1918:	16 c0       	rjmp	.+44     	; 0x1946 <KEYPAD_u8GetPressedKey+0x1d4>
    191a:	2f 81       	ldd	r18, Y+7	; 0x07
    191c:	38 85       	ldd	r19, Y+8	; 0x08
    191e:	2d 30       	cpi	r18, 0x0D	; 13
    1920:	31 05       	cpc	r19, r1
    1922:	41 f0       	breq	.+16     	; 0x1934 <KEYPAD_u8GetPressedKey+0x1c2>
    1924:	8f 81       	ldd	r24, Y+7	; 0x07
    1926:	98 85       	ldd	r25, Y+8	; 0x08
    1928:	8e 30       	cpi	r24, 0x0E	; 14
    192a:	91 05       	cpc	r25, r1
    192c:	61 f4       	brne	.+24     	; 0x1946 <KEYPAD_u8GetPressedKey+0x1d4>
		{
		case 0b00001110:
		PressedKey='2';
    192e:	82 e3       	ldi	r24, 0x32	; 50
    1930:	89 83       	std	Y+1, r24	; 0x01
    1932:	0b c0       	rjmp	.+22     	; 0x194a <KEYPAD_u8GetPressedKey+0x1d8>
		break;

		case 0b00001101:
		PressedKey='5';
    1934:	85 e3       	ldi	r24, 0x35	; 53
    1936:	89 83       	std	Y+1, r24	; 0x01
    1938:	08 c0       	rjmp	.+16     	; 0x194a <KEYPAD_u8GetPressedKey+0x1d8>
		break;

		case 0b00001011:
		PressedKey='8';
    193a:	88 e3       	ldi	r24, 0x38	; 56
    193c:	89 83       	std	Y+1, r24	; 0x01
    193e:	05 c0       	rjmp	.+10     	; 0x194a <KEYPAD_u8GetPressedKey+0x1d8>
		break;

		case 0b00000111:
		PressedKey='0';
    1940:	80 e3       	ldi	r24, 0x30	; 48
    1942:	89 83       	std	Y+1, r24	; 0x01
    1944:	02 c0       	rjmp	.+4      	; 0x194a <KEYPAD_u8GetPressedKey+0x1d8>
		break;

		default:
			PressedKey=0xFF;
    1946:	8f ef       	ldi	r24, 0xFF	; 255
    1948:	89 83       	std	Y+1, r24	; 0x01
			break;
		}

			DIO_voidSetPinValue(KEYPAD_COL0,HIGH);
    194a:	83 e0       	ldi	r24, 0x03	; 3
    194c:	60 e0       	ldi	r22, 0x00	; 0
    194e:	41 e0       	ldi	r20, 0x01	; 1
    1950:	0e 94 ac 0e 	call	0x1d58	; 0x1d58 <DIO_voidSetPinValue>
			DIO_voidSetPinValue(KEYPAD_COL1,HIGH);
    1954:	83 e0       	ldi	r24, 0x03	; 3
    1956:	61 e0       	ldi	r22, 0x01	; 1
    1958:	41 e0       	ldi	r20, 0x01	; 1
    195a:	0e 94 ac 0e 	call	0x1d58	; 0x1d58 <DIO_voidSetPinValue>
			DIO_voidSetPinValue(KEYPAD_COL2,LOW);
    195e:	83 e0       	ldi	r24, 0x03	; 3
    1960:	62 e0       	ldi	r22, 0x02	; 2
    1962:	40 e0       	ldi	r20, 0x00	; 0
    1964:	0e 94 ac 0e 	call	0x1d58	; 0x1d58 <DIO_voidSetPinValue>
			DIO_voidSetPinValue(KEYPAD_COL3,HIGH);
    1968:	83 e0       	ldi	r24, 0x03	; 3
    196a:	63 e0       	ldi	r22, 0x03	; 3
    196c:	41 e0       	ldi	r20, 0x01	; 1
    196e:	0e 94 ac 0e 	call	0x1d58	; 0x1d58 <DIO_voidSetPinValue>

			RowValue=DIO_u8GetPinValue(KEYPAD_ROW0);
    1972:	83 e0       	ldi	r24, 0x03	; 3
    1974:	64 e0       	ldi	r22, 0x04	; 4
    1976:	0e 94 b4 0f 	call	0x1f68	; 0x1f68 <DIO_u8GetPinValue>
    197a:	8a 83       	std	Y+2, r24	; 0x02
			RowValue|=DIO_u8GetPinValue(KEYPAD_ROW1)<<1;
    197c:	83 e0       	ldi	r24, 0x03	; 3
    197e:	65 e0       	ldi	r22, 0x05	; 5
    1980:	0e 94 b4 0f 	call	0x1f68	; 0x1f68 <DIO_u8GetPinValue>
    1984:	88 2f       	mov	r24, r24
    1986:	90 e0       	ldi	r25, 0x00	; 0
    1988:	88 0f       	add	r24, r24
    198a:	99 1f       	adc	r25, r25
    198c:	98 2f       	mov	r25, r24
    198e:	8a 81       	ldd	r24, Y+2	; 0x02
    1990:	89 2b       	or	r24, r25
    1992:	8a 83       	std	Y+2, r24	; 0x02
			RowValue|=DIO_u8GetPinValue(KEYPAD_ROW2)<<2;
    1994:	83 e0       	ldi	r24, 0x03	; 3
    1996:	66 e0       	ldi	r22, 0x06	; 6
    1998:	0e 94 b4 0f 	call	0x1f68	; 0x1f68 <DIO_u8GetPinValue>
    199c:	88 2f       	mov	r24, r24
    199e:	90 e0       	ldi	r25, 0x00	; 0
    19a0:	88 0f       	add	r24, r24
    19a2:	99 1f       	adc	r25, r25
    19a4:	88 0f       	add	r24, r24
    19a6:	99 1f       	adc	r25, r25
    19a8:	98 2f       	mov	r25, r24
    19aa:	8a 81       	ldd	r24, Y+2	; 0x02
    19ac:	89 2b       	or	r24, r25
    19ae:	8a 83       	std	Y+2, r24	; 0x02
			RowValue|=DIO_u8GetPinValue(KEYPAD_ROW3)<<3;
    19b0:	83 e0       	ldi	r24, 0x03	; 3
    19b2:	67 e0       	ldi	r22, 0x07	; 7
    19b4:	0e 94 b4 0f 	call	0x1f68	; 0x1f68 <DIO_u8GetPinValue>
    19b8:	88 2f       	mov	r24, r24
    19ba:	90 e0       	ldi	r25, 0x00	; 0
    19bc:	88 0f       	add	r24, r24
    19be:	99 1f       	adc	r25, r25
    19c0:	88 0f       	add	r24, r24
    19c2:	99 1f       	adc	r25, r25
    19c4:	88 0f       	add	r24, r24
    19c6:	99 1f       	adc	r25, r25
    19c8:	98 2f       	mov	r25, r24
    19ca:	8a 81       	ldd	r24, Y+2	; 0x02
    19cc:	89 2b       	or	r24, r25
    19ce:	8a 83       	std	Y+2, r24	; 0x02


			switch(RowValue)
    19d0:	8a 81       	ldd	r24, Y+2	; 0x02
    19d2:	28 2f       	mov	r18, r24
    19d4:	30 e0       	ldi	r19, 0x00	; 0
    19d6:	3e 83       	std	Y+6, r19	; 0x06
    19d8:	2d 83       	std	Y+5, r18	; 0x05
    19da:	8d 81       	ldd	r24, Y+5	; 0x05
    19dc:	9e 81       	ldd	r25, Y+6	; 0x06
    19de:	8b 30       	cpi	r24, 0x0B	; 11
    19e0:	91 05       	cpc	r25, r1
    19e2:	d9 f0       	breq	.+54     	; 0x1a1a <KEYPAD_u8GetPressedKey+0x2a8>
    19e4:	2d 81       	ldd	r18, Y+5	; 0x05
    19e6:	3e 81       	ldd	r19, Y+6	; 0x06
    19e8:	2c 30       	cpi	r18, 0x0C	; 12
    19ea:	31 05       	cpc	r19, r1
    19ec:	34 f4       	brge	.+12     	; 0x19fa <KEYPAD_u8GetPressedKey+0x288>
    19ee:	8d 81       	ldd	r24, Y+5	; 0x05
    19f0:	9e 81       	ldd	r25, Y+6	; 0x06
    19f2:	87 30       	cpi	r24, 0x07	; 7
    19f4:	91 05       	cpc	r25, r1
    19f6:	a1 f0       	breq	.+40     	; 0x1a20 <KEYPAD_u8GetPressedKey+0x2ae>
    19f8:	16 c0       	rjmp	.+44     	; 0x1a26 <KEYPAD_u8GetPressedKey+0x2b4>
    19fa:	2d 81       	ldd	r18, Y+5	; 0x05
    19fc:	3e 81       	ldd	r19, Y+6	; 0x06
    19fe:	2d 30       	cpi	r18, 0x0D	; 13
    1a00:	31 05       	cpc	r19, r1
    1a02:	41 f0       	breq	.+16     	; 0x1a14 <KEYPAD_u8GetPressedKey+0x2a2>
    1a04:	8d 81       	ldd	r24, Y+5	; 0x05
    1a06:	9e 81       	ldd	r25, Y+6	; 0x06
    1a08:	8e 30       	cpi	r24, 0x0E	; 14
    1a0a:	91 05       	cpc	r25, r1
    1a0c:	61 f4       	brne	.+24     	; 0x1a26 <KEYPAD_u8GetPressedKey+0x2b4>
			{
			case 0b00001110:
			PressedKey='3';
    1a0e:	83 e3       	ldi	r24, 0x33	; 51
    1a10:	89 83       	std	Y+1, r24	; 0x01
    1a12:	0b c0       	rjmp	.+22     	; 0x1a2a <KEYPAD_u8GetPressedKey+0x2b8>
			break;

			case 0b00001101:
			PressedKey='6';
    1a14:	86 e3       	ldi	r24, 0x36	; 54
    1a16:	89 83       	std	Y+1, r24	; 0x01
    1a18:	08 c0       	rjmp	.+16     	; 0x1a2a <KEYPAD_u8GetPressedKey+0x2b8>
			break;

			case 0b00001011:
			PressedKey='9';
    1a1a:	89 e3       	ldi	r24, 0x39	; 57
    1a1c:	89 83       	std	Y+1, r24	; 0x01
    1a1e:	05 c0       	rjmp	.+10     	; 0x1a2a <KEYPAD_u8GetPressedKey+0x2b8>
			break;

			case 0b00000111:
			PressedKey='#';
    1a20:	83 e2       	ldi	r24, 0x23	; 35
    1a22:	89 83       	std	Y+1, r24	; 0x01
    1a24:	02 c0       	rjmp	.+4      	; 0x1a2a <KEYPAD_u8GetPressedKey+0x2b8>
			break;

			default:
				PressedKey=0xFF;
    1a26:	8f ef       	ldi	r24, 0xFF	; 255
    1a28:	89 83       	std	Y+1, r24	; 0x01
				break;
			}

				DIO_voidSetPinValue(KEYPAD_COL0,HIGH);
    1a2a:	83 e0       	ldi	r24, 0x03	; 3
    1a2c:	60 e0       	ldi	r22, 0x00	; 0
    1a2e:	41 e0       	ldi	r20, 0x01	; 1
    1a30:	0e 94 ac 0e 	call	0x1d58	; 0x1d58 <DIO_voidSetPinValue>
				DIO_voidSetPinValue(KEYPAD_COL1,HIGH);
    1a34:	83 e0       	ldi	r24, 0x03	; 3
    1a36:	61 e0       	ldi	r22, 0x01	; 1
    1a38:	41 e0       	ldi	r20, 0x01	; 1
    1a3a:	0e 94 ac 0e 	call	0x1d58	; 0x1d58 <DIO_voidSetPinValue>
				DIO_voidSetPinValue(KEYPAD_COL2,HIGH);
    1a3e:	83 e0       	ldi	r24, 0x03	; 3
    1a40:	62 e0       	ldi	r22, 0x02	; 2
    1a42:	41 e0       	ldi	r20, 0x01	; 1
    1a44:	0e 94 ac 0e 	call	0x1d58	; 0x1d58 <DIO_voidSetPinValue>
				DIO_voidSetPinValue(KEYPAD_COL3,LOW);
    1a48:	83 e0       	ldi	r24, 0x03	; 3
    1a4a:	63 e0       	ldi	r22, 0x03	; 3
    1a4c:	40 e0       	ldi	r20, 0x00	; 0
    1a4e:	0e 94 ac 0e 	call	0x1d58	; 0x1d58 <DIO_voidSetPinValue>

				RowValue=DIO_u8GetPinValue(KEYPAD_ROW0);
    1a52:	83 e0       	ldi	r24, 0x03	; 3
    1a54:	64 e0       	ldi	r22, 0x04	; 4
    1a56:	0e 94 b4 0f 	call	0x1f68	; 0x1f68 <DIO_u8GetPinValue>
    1a5a:	8a 83       	std	Y+2, r24	; 0x02
				RowValue|=DIO_u8GetPinValue(KEYPAD_ROW1)<<1;
    1a5c:	83 e0       	ldi	r24, 0x03	; 3
    1a5e:	65 e0       	ldi	r22, 0x05	; 5
    1a60:	0e 94 b4 0f 	call	0x1f68	; 0x1f68 <DIO_u8GetPinValue>
    1a64:	88 2f       	mov	r24, r24
    1a66:	90 e0       	ldi	r25, 0x00	; 0
    1a68:	88 0f       	add	r24, r24
    1a6a:	99 1f       	adc	r25, r25
    1a6c:	98 2f       	mov	r25, r24
    1a6e:	8a 81       	ldd	r24, Y+2	; 0x02
    1a70:	89 2b       	or	r24, r25
    1a72:	8a 83       	std	Y+2, r24	; 0x02
				RowValue|=DIO_u8GetPinValue(KEYPAD_ROW2)<<2;
    1a74:	83 e0       	ldi	r24, 0x03	; 3
    1a76:	66 e0       	ldi	r22, 0x06	; 6
    1a78:	0e 94 b4 0f 	call	0x1f68	; 0x1f68 <DIO_u8GetPinValue>
    1a7c:	88 2f       	mov	r24, r24
    1a7e:	90 e0       	ldi	r25, 0x00	; 0
    1a80:	88 0f       	add	r24, r24
    1a82:	99 1f       	adc	r25, r25
    1a84:	88 0f       	add	r24, r24
    1a86:	99 1f       	adc	r25, r25
    1a88:	98 2f       	mov	r25, r24
    1a8a:	8a 81       	ldd	r24, Y+2	; 0x02
    1a8c:	89 2b       	or	r24, r25
    1a8e:	8a 83       	std	Y+2, r24	; 0x02
				RowValue|=DIO_u8GetPinValue(KEYPAD_ROW3)<<3;
    1a90:	83 e0       	ldi	r24, 0x03	; 3
    1a92:	67 e0       	ldi	r22, 0x07	; 7
    1a94:	0e 94 b4 0f 	call	0x1f68	; 0x1f68 <DIO_u8GetPinValue>
    1a98:	88 2f       	mov	r24, r24
    1a9a:	90 e0       	ldi	r25, 0x00	; 0
    1a9c:	88 0f       	add	r24, r24
    1a9e:	99 1f       	adc	r25, r25
    1aa0:	88 0f       	add	r24, r24
    1aa2:	99 1f       	adc	r25, r25
    1aa4:	88 0f       	add	r24, r24
    1aa6:	99 1f       	adc	r25, r25
    1aa8:	98 2f       	mov	r25, r24
    1aaa:	8a 81       	ldd	r24, Y+2	; 0x02
    1aac:	89 2b       	or	r24, r25
    1aae:	8a 83       	std	Y+2, r24	; 0x02


				switch(RowValue)
    1ab0:	8a 81       	ldd	r24, Y+2	; 0x02
    1ab2:	28 2f       	mov	r18, r24
    1ab4:	30 e0       	ldi	r19, 0x00	; 0
    1ab6:	3c 83       	std	Y+4, r19	; 0x04
    1ab8:	2b 83       	std	Y+3, r18	; 0x03
    1aba:	8b 81       	ldd	r24, Y+3	; 0x03
    1abc:	9c 81       	ldd	r25, Y+4	; 0x04
    1abe:	8b 30       	cpi	r24, 0x0B	; 11
    1ac0:	91 05       	cpc	r25, r1
    1ac2:	d9 f0       	breq	.+54     	; 0x1afa <KEYPAD_u8GetPressedKey+0x388>
    1ac4:	2b 81       	ldd	r18, Y+3	; 0x03
    1ac6:	3c 81       	ldd	r19, Y+4	; 0x04
    1ac8:	2c 30       	cpi	r18, 0x0C	; 12
    1aca:	31 05       	cpc	r19, r1
    1acc:	34 f4       	brge	.+12     	; 0x1ada <KEYPAD_u8GetPressedKey+0x368>
    1ace:	8b 81       	ldd	r24, Y+3	; 0x03
    1ad0:	9c 81       	ldd	r25, Y+4	; 0x04
    1ad2:	87 30       	cpi	r24, 0x07	; 7
    1ad4:	91 05       	cpc	r25, r1
    1ad6:	a1 f0       	breq	.+40     	; 0x1b00 <KEYPAD_u8GetPressedKey+0x38e>
    1ad8:	16 c0       	rjmp	.+44     	; 0x1b06 <KEYPAD_u8GetPressedKey+0x394>
    1ada:	2b 81       	ldd	r18, Y+3	; 0x03
    1adc:	3c 81       	ldd	r19, Y+4	; 0x04
    1ade:	2d 30       	cpi	r18, 0x0D	; 13
    1ae0:	31 05       	cpc	r19, r1
    1ae2:	41 f0       	breq	.+16     	; 0x1af4 <KEYPAD_u8GetPressedKey+0x382>
    1ae4:	8b 81       	ldd	r24, Y+3	; 0x03
    1ae6:	9c 81       	ldd	r25, Y+4	; 0x04
    1ae8:	8e 30       	cpi	r24, 0x0E	; 14
    1aea:	91 05       	cpc	r25, r1
    1aec:	61 f4       	brne	.+24     	; 0x1b06 <KEYPAD_u8GetPressedKey+0x394>
				{
				case 0b00001110:
				PressedKey='/';
    1aee:	8f e2       	ldi	r24, 0x2F	; 47
    1af0:	89 83       	std	Y+1, r24	; 0x01
    1af2:	0b c0       	rjmp	.+22     	; 0x1b0a <KEYPAD_u8GetPressedKey+0x398>
				break;

				case 0b00001101:
				PressedKey='+';
    1af4:	8b e2       	ldi	r24, 0x2B	; 43
    1af6:	89 83       	std	Y+1, r24	; 0x01
    1af8:	08 c0       	rjmp	.+16     	; 0x1b0a <KEYPAD_u8GetPressedKey+0x398>
				break;

				case 0b00001011:
				PressedKey='-';
    1afa:	8d e2       	ldi	r24, 0x2D	; 45
    1afc:	89 83       	std	Y+1, r24	; 0x01
    1afe:	05 c0       	rjmp	.+10     	; 0x1b0a <KEYPAD_u8GetPressedKey+0x398>
				break;

				case 0b00000111:
				PressedKey='*';
    1b00:	8a e2       	ldi	r24, 0x2A	; 42
    1b02:	89 83       	std	Y+1, r24	; 0x01
    1b04:	02 c0       	rjmp	.+4      	; 0x1b0a <KEYPAD_u8GetPressedKey+0x398>
				break;

				default:
					PressedKey=0xFF;
    1b06:	8f ef       	ldi	r24, 0xFF	; 255
    1b08:	89 83       	std	Y+1, r24	; 0x01
					break;
				}
	return PressedKey;
    1b0a:	89 81       	ldd	r24, Y+1	; 0x01
}
    1b0c:	2a 96       	adiw	r28, 0x0a	; 10
    1b0e:	0f b6       	in	r0, 0x3f	; 63
    1b10:	f8 94       	cli
    1b12:	de bf       	out	0x3e, r29	; 62
    1b14:	0f be       	out	0x3f, r0	; 63
    1b16:	cd bf       	out	0x3d, r28	; 61
    1b18:	cf 91       	pop	r28
    1b1a:	df 91       	pop	r29
    1b1c:	08 95       	ret

00001b1e <DIO_voidInitialization>:
#include "DIO_int.h"
#include "DIO_private.h"


void DIO_voidInitialization(void)
{
    1b1e:	df 93       	push	r29
    1b20:	cf 93       	push	r28
    1b22:	cd b7       	in	r28, 0x3d	; 61
    1b24:	de b7       	in	r29, 0x3e	; 62
	DDRA_REG = DIO_PORTA_DIRECTIONS;
    1b26:	ea e3       	ldi	r30, 0x3A	; 58
    1b28:	f0 e0       	ldi	r31, 0x00	; 0
    1b2a:	8f ef       	ldi	r24, 0xFF	; 255
    1b2c:	80 83       	st	Z, r24
	DDRB_REG = DIO_PORTB_DIRECTIONS;
    1b2e:	e7 e3       	ldi	r30, 0x37	; 55
    1b30:	f0 e0       	ldi	r31, 0x00	; 0
    1b32:	8f ef       	ldi	r24, 0xFF	; 255
    1b34:	80 83       	st	Z, r24
	DDRC_REG = DIO_PORTC_DIRECTIONS;
    1b36:	e4 e3       	ldi	r30, 0x34	; 52
    1b38:	f0 e0       	ldi	r31, 0x00	; 0
    1b3a:	10 82       	st	Z, r1
	DDRD_REG = DIO_PORTD_DIRECTIONS;
    1b3c:	e1 e3       	ldi	r30, 0x31	; 49
    1b3e:	f0 e0       	ldi	r31, 0x00	; 0
    1b40:	10 82       	st	Z, r1
}
    1b42:	cf 91       	pop	r28
    1b44:	df 91       	pop	r29
    1b46:	08 95       	ret

00001b48 <DIO_voidSetPinDirection>:
void DIO_voidSetPinDirection(u8 PortID, u8 PinID, u8 Direction)
{
    1b48:	df 93       	push	r29
    1b4a:	cf 93       	push	r28
    1b4c:	cd b7       	in	r28, 0x3d	; 61
    1b4e:	de b7       	in	r29, 0x3e	; 62
    1b50:	27 97       	sbiw	r28, 0x07	; 7
    1b52:	0f b6       	in	r0, 0x3f	; 63
    1b54:	f8 94       	cli
    1b56:	de bf       	out	0x3e, r29	; 62
    1b58:	0f be       	out	0x3f, r0	; 63
    1b5a:	cd bf       	out	0x3d, r28	; 61
    1b5c:	89 83       	std	Y+1, r24	; 0x01
    1b5e:	6a 83       	std	Y+2, r22	; 0x02
    1b60:	4b 83       	std	Y+3, r20	; 0x03
	if(PortID<4 && PinID<8)
    1b62:	89 81       	ldd	r24, Y+1	; 0x01
    1b64:	84 30       	cpi	r24, 0x04	; 4
    1b66:	08 f0       	brcs	.+2      	; 0x1b6a <DIO_voidSetPinDirection+0x22>
    1b68:	ee c0       	rjmp	.+476    	; 0x1d46 <DIO_voidSetPinDirection+0x1fe>
    1b6a:	8a 81       	ldd	r24, Y+2	; 0x02
    1b6c:	88 30       	cpi	r24, 0x08	; 8
    1b6e:	08 f0       	brcs	.+2      	; 0x1b72 <DIO_voidSetPinDirection+0x2a>
    1b70:	ea c0       	rjmp	.+468    	; 0x1d46 <DIO_voidSetPinDirection+0x1fe>
	{
		if(Direction==OUTPUT)
    1b72:	8b 81       	ldd	r24, Y+3	; 0x03
    1b74:	81 30       	cpi	r24, 0x01	; 1
    1b76:	09 f0       	breq	.+2      	; 0x1b7a <DIO_voidSetPinDirection+0x32>
    1b78:	6f c0       	rjmp	.+222    	; 0x1c58 <DIO_voidSetPinDirection+0x110>
		{
			switch(PortID)
    1b7a:	89 81       	ldd	r24, Y+1	; 0x01
    1b7c:	28 2f       	mov	r18, r24
    1b7e:	30 e0       	ldi	r19, 0x00	; 0
    1b80:	3f 83       	std	Y+7, r19	; 0x07
    1b82:	2e 83       	std	Y+6, r18	; 0x06
    1b84:	8e 81       	ldd	r24, Y+6	; 0x06
    1b86:	9f 81       	ldd	r25, Y+7	; 0x07
    1b88:	81 30       	cpi	r24, 0x01	; 1
    1b8a:	91 05       	cpc	r25, r1
    1b8c:	49 f1       	breq	.+82     	; 0x1be0 <DIO_voidSetPinDirection+0x98>
    1b8e:	2e 81       	ldd	r18, Y+6	; 0x06
    1b90:	3f 81       	ldd	r19, Y+7	; 0x07
    1b92:	22 30       	cpi	r18, 0x02	; 2
    1b94:	31 05       	cpc	r19, r1
    1b96:	2c f4       	brge	.+10     	; 0x1ba2 <DIO_voidSetPinDirection+0x5a>
    1b98:	8e 81       	ldd	r24, Y+6	; 0x06
    1b9a:	9f 81       	ldd	r25, Y+7	; 0x07
    1b9c:	00 97       	sbiw	r24, 0x00	; 0
    1b9e:	61 f0       	breq	.+24     	; 0x1bb8 <DIO_voidSetPinDirection+0x70>
    1ba0:	d2 c0       	rjmp	.+420    	; 0x1d46 <DIO_voidSetPinDirection+0x1fe>
    1ba2:	2e 81       	ldd	r18, Y+6	; 0x06
    1ba4:	3f 81       	ldd	r19, Y+7	; 0x07
    1ba6:	22 30       	cpi	r18, 0x02	; 2
    1ba8:	31 05       	cpc	r19, r1
    1baa:	71 f1       	breq	.+92     	; 0x1c08 <DIO_voidSetPinDirection+0xc0>
    1bac:	8e 81       	ldd	r24, Y+6	; 0x06
    1bae:	9f 81       	ldd	r25, Y+7	; 0x07
    1bb0:	83 30       	cpi	r24, 0x03	; 3
    1bb2:	91 05       	cpc	r25, r1
    1bb4:	e9 f1       	breq	.+122    	; 0x1c30 <DIO_voidSetPinDirection+0xe8>
    1bb6:	c7 c0       	rjmp	.+398    	; 0x1d46 <DIO_voidSetPinDirection+0x1fe>
			{
			case PORTA:
			SET_BIT(DDRA_REG,PinID);
    1bb8:	aa e3       	ldi	r26, 0x3A	; 58
    1bba:	b0 e0       	ldi	r27, 0x00	; 0
    1bbc:	ea e3       	ldi	r30, 0x3A	; 58
    1bbe:	f0 e0       	ldi	r31, 0x00	; 0
    1bc0:	80 81       	ld	r24, Z
    1bc2:	48 2f       	mov	r20, r24
    1bc4:	8a 81       	ldd	r24, Y+2	; 0x02
    1bc6:	28 2f       	mov	r18, r24
    1bc8:	30 e0       	ldi	r19, 0x00	; 0
    1bca:	81 e0       	ldi	r24, 0x01	; 1
    1bcc:	90 e0       	ldi	r25, 0x00	; 0
    1bce:	02 2e       	mov	r0, r18
    1bd0:	02 c0       	rjmp	.+4      	; 0x1bd6 <DIO_voidSetPinDirection+0x8e>
    1bd2:	88 0f       	add	r24, r24
    1bd4:	99 1f       	adc	r25, r25
    1bd6:	0a 94       	dec	r0
    1bd8:	e2 f7       	brpl	.-8      	; 0x1bd2 <DIO_voidSetPinDirection+0x8a>
    1bda:	84 2b       	or	r24, r20
    1bdc:	8c 93       	st	X, r24
    1bde:	b3 c0       	rjmp	.+358    	; 0x1d46 <DIO_voidSetPinDirection+0x1fe>
			break;
			case PORTB:
			SET_BIT(DDRB_REG,PinID);
    1be0:	a7 e3       	ldi	r26, 0x37	; 55
    1be2:	b0 e0       	ldi	r27, 0x00	; 0
    1be4:	e7 e3       	ldi	r30, 0x37	; 55
    1be6:	f0 e0       	ldi	r31, 0x00	; 0
    1be8:	80 81       	ld	r24, Z
    1bea:	48 2f       	mov	r20, r24
    1bec:	8a 81       	ldd	r24, Y+2	; 0x02
    1bee:	28 2f       	mov	r18, r24
    1bf0:	30 e0       	ldi	r19, 0x00	; 0
    1bf2:	81 e0       	ldi	r24, 0x01	; 1
    1bf4:	90 e0       	ldi	r25, 0x00	; 0
    1bf6:	02 2e       	mov	r0, r18
    1bf8:	02 c0       	rjmp	.+4      	; 0x1bfe <DIO_voidSetPinDirection+0xb6>
    1bfa:	88 0f       	add	r24, r24
    1bfc:	99 1f       	adc	r25, r25
    1bfe:	0a 94       	dec	r0
    1c00:	e2 f7       	brpl	.-8      	; 0x1bfa <DIO_voidSetPinDirection+0xb2>
    1c02:	84 2b       	or	r24, r20
    1c04:	8c 93       	st	X, r24
    1c06:	9f c0       	rjmp	.+318    	; 0x1d46 <DIO_voidSetPinDirection+0x1fe>
			break;
			case PORTC:
			SET_BIT(DDRC_REG,PinID);
    1c08:	a4 e3       	ldi	r26, 0x34	; 52
    1c0a:	b0 e0       	ldi	r27, 0x00	; 0
    1c0c:	e4 e3       	ldi	r30, 0x34	; 52
    1c0e:	f0 e0       	ldi	r31, 0x00	; 0
    1c10:	80 81       	ld	r24, Z
    1c12:	48 2f       	mov	r20, r24
    1c14:	8a 81       	ldd	r24, Y+2	; 0x02
    1c16:	28 2f       	mov	r18, r24
    1c18:	30 e0       	ldi	r19, 0x00	; 0
    1c1a:	81 e0       	ldi	r24, 0x01	; 1
    1c1c:	90 e0       	ldi	r25, 0x00	; 0
    1c1e:	02 2e       	mov	r0, r18
    1c20:	02 c0       	rjmp	.+4      	; 0x1c26 <DIO_voidSetPinDirection+0xde>
    1c22:	88 0f       	add	r24, r24
    1c24:	99 1f       	adc	r25, r25
    1c26:	0a 94       	dec	r0
    1c28:	e2 f7       	brpl	.-8      	; 0x1c22 <DIO_voidSetPinDirection+0xda>
    1c2a:	84 2b       	or	r24, r20
    1c2c:	8c 93       	st	X, r24
    1c2e:	8b c0       	rjmp	.+278    	; 0x1d46 <DIO_voidSetPinDirection+0x1fe>
			break;
			case PORTD:
			SET_BIT(DDRD_REG,PinID);
    1c30:	a1 e3       	ldi	r26, 0x31	; 49
    1c32:	b0 e0       	ldi	r27, 0x00	; 0
    1c34:	e1 e3       	ldi	r30, 0x31	; 49
    1c36:	f0 e0       	ldi	r31, 0x00	; 0
    1c38:	80 81       	ld	r24, Z
    1c3a:	48 2f       	mov	r20, r24
    1c3c:	8a 81       	ldd	r24, Y+2	; 0x02
    1c3e:	28 2f       	mov	r18, r24
    1c40:	30 e0       	ldi	r19, 0x00	; 0
    1c42:	81 e0       	ldi	r24, 0x01	; 1
    1c44:	90 e0       	ldi	r25, 0x00	; 0
    1c46:	02 2e       	mov	r0, r18
    1c48:	02 c0       	rjmp	.+4      	; 0x1c4e <DIO_voidSetPinDirection+0x106>
    1c4a:	88 0f       	add	r24, r24
    1c4c:	99 1f       	adc	r25, r25
    1c4e:	0a 94       	dec	r0
    1c50:	e2 f7       	brpl	.-8      	; 0x1c4a <DIO_voidSetPinDirection+0x102>
    1c52:	84 2b       	or	r24, r20
    1c54:	8c 93       	st	X, r24
    1c56:	77 c0       	rjmp	.+238    	; 0x1d46 <DIO_voidSetPinDirection+0x1fe>
			break;
			}
		}
		else if(Direction==INPUT)
    1c58:	8b 81       	ldd	r24, Y+3	; 0x03
    1c5a:	88 23       	and	r24, r24
    1c5c:	09 f0       	breq	.+2      	; 0x1c60 <DIO_voidSetPinDirection+0x118>
    1c5e:	73 c0       	rjmp	.+230    	; 0x1d46 <DIO_voidSetPinDirection+0x1fe>
		{
			switch(PortID)
    1c60:	89 81       	ldd	r24, Y+1	; 0x01
    1c62:	28 2f       	mov	r18, r24
    1c64:	30 e0       	ldi	r19, 0x00	; 0
    1c66:	3d 83       	std	Y+5, r19	; 0x05
    1c68:	2c 83       	std	Y+4, r18	; 0x04
    1c6a:	8c 81       	ldd	r24, Y+4	; 0x04
    1c6c:	9d 81       	ldd	r25, Y+5	; 0x05
    1c6e:	81 30       	cpi	r24, 0x01	; 1
    1c70:	91 05       	cpc	r25, r1
    1c72:	59 f1       	breq	.+86     	; 0x1cca <DIO_voidSetPinDirection+0x182>
    1c74:	2c 81       	ldd	r18, Y+4	; 0x04
    1c76:	3d 81       	ldd	r19, Y+5	; 0x05
    1c78:	22 30       	cpi	r18, 0x02	; 2
    1c7a:	31 05       	cpc	r19, r1
    1c7c:	2c f4       	brge	.+10     	; 0x1c88 <DIO_voidSetPinDirection+0x140>
    1c7e:	8c 81       	ldd	r24, Y+4	; 0x04
    1c80:	9d 81       	ldd	r25, Y+5	; 0x05
    1c82:	00 97       	sbiw	r24, 0x00	; 0
    1c84:	69 f0       	breq	.+26     	; 0x1ca0 <DIO_voidSetPinDirection+0x158>
    1c86:	5f c0       	rjmp	.+190    	; 0x1d46 <DIO_voidSetPinDirection+0x1fe>
    1c88:	2c 81       	ldd	r18, Y+4	; 0x04
    1c8a:	3d 81       	ldd	r19, Y+5	; 0x05
    1c8c:	22 30       	cpi	r18, 0x02	; 2
    1c8e:	31 05       	cpc	r19, r1
    1c90:	89 f1       	breq	.+98     	; 0x1cf4 <DIO_voidSetPinDirection+0x1ac>
    1c92:	8c 81       	ldd	r24, Y+4	; 0x04
    1c94:	9d 81       	ldd	r25, Y+5	; 0x05
    1c96:	83 30       	cpi	r24, 0x03	; 3
    1c98:	91 05       	cpc	r25, r1
    1c9a:	09 f4       	brne	.+2      	; 0x1c9e <DIO_voidSetPinDirection+0x156>
    1c9c:	40 c0       	rjmp	.+128    	; 0x1d1e <DIO_voidSetPinDirection+0x1d6>
    1c9e:	53 c0       	rjmp	.+166    	; 0x1d46 <DIO_voidSetPinDirection+0x1fe>
			{
			case PORTA:
			CLR_BIT(DDRA_REG,PinID);
    1ca0:	aa e3       	ldi	r26, 0x3A	; 58
    1ca2:	b0 e0       	ldi	r27, 0x00	; 0
    1ca4:	ea e3       	ldi	r30, 0x3A	; 58
    1ca6:	f0 e0       	ldi	r31, 0x00	; 0
    1ca8:	80 81       	ld	r24, Z
    1caa:	48 2f       	mov	r20, r24
    1cac:	8a 81       	ldd	r24, Y+2	; 0x02
    1cae:	28 2f       	mov	r18, r24
    1cb0:	30 e0       	ldi	r19, 0x00	; 0
    1cb2:	81 e0       	ldi	r24, 0x01	; 1
    1cb4:	90 e0       	ldi	r25, 0x00	; 0
    1cb6:	02 2e       	mov	r0, r18
    1cb8:	02 c0       	rjmp	.+4      	; 0x1cbe <DIO_voidSetPinDirection+0x176>
    1cba:	88 0f       	add	r24, r24
    1cbc:	99 1f       	adc	r25, r25
    1cbe:	0a 94       	dec	r0
    1cc0:	e2 f7       	brpl	.-8      	; 0x1cba <DIO_voidSetPinDirection+0x172>
    1cc2:	80 95       	com	r24
    1cc4:	84 23       	and	r24, r20
    1cc6:	8c 93       	st	X, r24
    1cc8:	3e c0       	rjmp	.+124    	; 0x1d46 <DIO_voidSetPinDirection+0x1fe>
			break;
			case PORTB:
			CLR_BIT(DDRB_REG,PinID);
    1cca:	a7 e3       	ldi	r26, 0x37	; 55
    1ccc:	b0 e0       	ldi	r27, 0x00	; 0
    1cce:	e7 e3       	ldi	r30, 0x37	; 55
    1cd0:	f0 e0       	ldi	r31, 0x00	; 0
    1cd2:	80 81       	ld	r24, Z
    1cd4:	48 2f       	mov	r20, r24
    1cd6:	8a 81       	ldd	r24, Y+2	; 0x02
    1cd8:	28 2f       	mov	r18, r24
    1cda:	30 e0       	ldi	r19, 0x00	; 0
    1cdc:	81 e0       	ldi	r24, 0x01	; 1
    1cde:	90 e0       	ldi	r25, 0x00	; 0
    1ce0:	02 2e       	mov	r0, r18
    1ce2:	02 c0       	rjmp	.+4      	; 0x1ce8 <DIO_voidSetPinDirection+0x1a0>
    1ce4:	88 0f       	add	r24, r24
    1ce6:	99 1f       	adc	r25, r25
    1ce8:	0a 94       	dec	r0
    1cea:	e2 f7       	brpl	.-8      	; 0x1ce4 <DIO_voidSetPinDirection+0x19c>
    1cec:	80 95       	com	r24
    1cee:	84 23       	and	r24, r20
    1cf0:	8c 93       	st	X, r24
    1cf2:	29 c0       	rjmp	.+82     	; 0x1d46 <DIO_voidSetPinDirection+0x1fe>
			break;
			case PORTC:
			CLR_BIT(DDRC_REG,PinID);
    1cf4:	a4 e3       	ldi	r26, 0x34	; 52
    1cf6:	b0 e0       	ldi	r27, 0x00	; 0
    1cf8:	e4 e3       	ldi	r30, 0x34	; 52
    1cfa:	f0 e0       	ldi	r31, 0x00	; 0
    1cfc:	80 81       	ld	r24, Z
    1cfe:	48 2f       	mov	r20, r24
    1d00:	8a 81       	ldd	r24, Y+2	; 0x02
    1d02:	28 2f       	mov	r18, r24
    1d04:	30 e0       	ldi	r19, 0x00	; 0
    1d06:	81 e0       	ldi	r24, 0x01	; 1
    1d08:	90 e0       	ldi	r25, 0x00	; 0
    1d0a:	02 2e       	mov	r0, r18
    1d0c:	02 c0       	rjmp	.+4      	; 0x1d12 <DIO_voidSetPinDirection+0x1ca>
    1d0e:	88 0f       	add	r24, r24
    1d10:	99 1f       	adc	r25, r25
    1d12:	0a 94       	dec	r0
    1d14:	e2 f7       	brpl	.-8      	; 0x1d0e <DIO_voidSetPinDirection+0x1c6>
    1d16:	80 95       	com	r24
    1d18:	84 23       	and	r24, r20
    1d1a:	8c 93       	st	X, r24
    1d1c:	14 c0       	rjmp	.+40     	; 0x1d46 <DIO_voidSetPinDirection+0x1fe>
		     break;
			case PORTD:
			CLR_BIT(DDRD_REG,PinID);
    1d1e:	a1 e3       	ldi	r26, 0x31	; 49
    1d20:	b0 e0       	ldi	r27, 0x00	; 0
    1d22:	e1 e3       	ldi	r30, 0x31	; 49
    1d24:	f0 e0       	ldi	r31, 0x00	; 0
    1d26:	80 81       	ld	r24, Z
    1d28:	48 2f       	mov	r20, r24
    1d2a:	8a 81       	ldd	r24, Y+2	; 0x02
    1d2c:	28 2f       	mov	r18, r24
    1d2e:	30 e0       	ldi	r19, 0x00	; 0
    1d30:	81 e0       	ldi	r24, 0x01	; 1
    1d32:	90 e0       	ldi	r25, 0x00	; 0
    1d34:	02 2e       	mov	r0, r18
    1d36:	02 c0       	rjmp	.+4      	; 0x1d3c <DIO_voidSetPinDirection+0x1f4>
    1d38:	88 0f       	add	r24, r24
    1d3a:	99 1f       	adc	r25, r25
    1d3c:	0a 94       	dec	r0
    1d3e:	e2 f7       	brpl	.-8      	; 0x1d38 <DIO_voidSetPinDirection+0x1f0>
    1d40:	80 95       	com	r24
    1d42:	84 23       	and	r24, r20
    1d44:	8c 93       	st	X, r24
		else
		{
			/*no comment*/
		}
	}
}
    1d46:	27 96       	adiw	r28, 0x07	; 7
    1d48:	0f b6       	in	r0, 0x3f	; 63
    1d4a:	f8 94       	cli
    1d4c:	de bf       	out	0x3e, r29	; 62
    1d4e:	0f be       	out	0x3f, r0	; 63
    1d50:	cd bf       	out	0x3d, r28	; 61
    1d52:	cf 91       	pop	r28
    1d54:	df 91       	pop	r29
    1d56:	08 95       	ret

00001d58 <DIO_voidSetPinValue>:
#define CONC_BIT(b7,b6,b5,b4,b3,b2,b1,b0) CONC_HELP(b7,b6,b5,b4,b3,b2,b1,b0)
#define CONC_HELP(b7,b6,b5,b4,b3,b2,b1,b0) 0b##b7##b6##b5##b4##b3##b2##b1##b0


void DIO_voidSetPinValue(u8 PortID, u8 PinID, u8 Value)
{
    1d58:	df 93       	push	r29
    1d5a:	cf 93       	push	r28
    1d5c:	cd b7       	in	r28, 0x3d	; 61
    1d5e:	de b7       	in	r29, 0x3e	; 62
    1d60:	27 97       	sbiw	r28, 0x07	; 7
    1d62:	0f b6       	in	r0, 0x3f	; 63
    1d64:	f8 94       	cli
    1d66:	de bf       	out	0x3e, r29	; 62
    1d68:	0f be       	out	0x3f, r0	; 63
    1d6a:	cd bf       	out	0x3d, r28	; 61
    1d6c:	89 83       	std	Y+1, r24	; 0x01
    1d6e:	6a 83       	std	Y+2, r22	; 0x02
    1d70:	4b 83       	std	Y+3, r20	; 0x03
	if(PortID<4 && PinID<8)
    1d72:	89 81       	ldd	r24, Y+1	; 0x01
    1d74:	84 30       	cpi	r24, 0x04	; 4
    1d76:	08 f0       	brcs	.+2      	; 0x1d7a <DIO_voidSetPinValue+0x22>
    1d78:	ee c0       	rjmp	.+476    	; 0x1f56 <DIO_voidSetPinValue+0x1fe>
    1d7a:	8a 81       	ldd	r24, Y+2	; 0x02
    1d7c:	88 30       	cpi	r24, 0x08	; 8
    1d7e:	08 f0       	brcs	.+2      	; 0x1d82 <DIO_voidSetPinValue+0x2a>
    1d80:	ea c0       	rjmp	.+468    	; 0x1f56 <DIO_voidSetPinValue+0x1fe>
	{
		if(Value==HIGH)
    1d82:	8b 81       	ldd	r24, Y+3	; 0x03
    1d84:	81 30       	cpi	r24, 0x01	; 1
    1d86:	09 f0       	breq	.+2      	; 0x1d8a <DIO_voidSetPinValue+0x32>
    1d88:	6f c0       	rjmp	.+222    	; 0x1e68 <DIO_voidSetPinValue+0x110>
		{
			switch(PortID)
    1d8a:	89 81       	ldd	r24, Y+1	; 0x01
    1d8c:	28 2f       	mov	r18, r24
    1d8e:	30 e0       	ldi	r19, 0x00	; 0
    1d90:	3f 83       	std	Y+7, r19	; 0x07
    1d92:	2e 83       	std	Y+6, r18	; 0x06
    1d94:	8e 81       	ldd	r24, Y+6	; 0x06
    1d96:	9f 81       	ldd	r25, Y+7	; 0x07
    1d98:	81 30       	cpi	r24, 0x01	; 1
    1d9a:	91 05       	cpc	r25, r1
    1d9c:	49 f1       	breq	.+82     	; 0x1df0 <DIO_voidSetPinValue+0x98>
    1d9e:	2e 81       	ldd	r18, Y+6	; 0x06
    1da0:	3f 81       	ldd	r19, Y+7	; 0x07
    1da2:	22 30       	cpi	r18, 0x02	; 2
    1da4:	31 05       	cpc	r19, r1
    1da6:	2c f4       	brge	.+10     	; 0x1db2 <DIO_voidSetPinValue+0x5a>
    1da8:	8e 81       	ldd	r24, Y+6	; 0x06
    1daa:	9f 81       	ldd	r25, Y+7	; 0x07
    1dac:	00 97       	sbiw	r24, 0x00	; 0
    1dae:	61 f0       	breq	.+24     	; 0x1dc8 <DIO_voidSetPinValue+0x70>
    1db0:	d2 c0       	rjmp	.+420    	; 0x1f56 <DIO_voidSetPinValue+0x1fe>
    1db2:	2e 81       	ldd	r18, Y+6	; 0x06
    1db4:	3f 81       	ldd	r19, Y+7	; 0x07
    1db6:	22 30       	cpi	r18, 0x02	; 2
    1db8:	31 05       	cpc	r19, r1
    1dba:	71 f1       	breq	.+92     	; 0x1e18 <DIO_voidSetPinValue+0xc0>
    1dbc:	8e 81       	ldd	r24, Y+6	; 0x06
    1dbe:	9f 81       	ldd	r25, Y+7	; 0x07
    1dc0:	83 30       	cpi	r24, 0x03	; 3
    1dc2:	91 05       	cpc	r25, r1
    1dc4:	e9 f1       	breq	.+122    	; 0x1e40 <DIO_voidSetPinValue+0xe8>
    1dc6:	c7 c0       	rjmp	.+398    	; 0x1f56 <DIO_voidSetPinValue+0x1fe>
			{
			case PORTA:
			SET_BIT(PORTA_REG,PinID);
    1dc8:	ab e3       	ldi	r26, 0x3B	; 59
    1dca:	b0 e0       	ldi	r27, 0x00	; 0
    1dcc:	eb e3       	ldi	r30, 0x3B	; 59
    1dce:	f0 e0       	ldi	r31, 0x00	; 0
    1dd0:	80 81       	ld	r24, Z
    1dd2:	48 2f       	mov	r20, r24
    1dd4:	8a 81       	ldd	r24, Y+2	; 0x02
    1dd6:	28 2f       	mov	r18, r24
    1dd8:	30 e0       	ldi	r19, 0x00	; 0
    1dda:	81 e0       	ldi	r24, 0x01	; 1
    1ddc:	90 e0       	ldi	r25, 0x00	; 0
    1dde:	02 2e       	mov	r0, r18
    1de0:	02 c0       	rjmp	.+4      	; 0x1de6 <DIO_voidSetPinValue+0x8e>
    1de2:	88 0f       	add	r24, r24
    1de4:	99 1f       	adc	r25, r25
    1de6:	0a 94       	dec	r0
    1de8:	e2 f7       	brpl	.-8      	; 0x1de2 <DIO_voidSetPinValue+0x8a>
    1dea:	84 2b       	or	r24, r20
    1dec:	8c 93       	st	X, r24
    1dee:	b3 c0       	rjmp	.+358    	; 0x1f56 <DIO_voidSetPinValue+0x1fe>
			break;
			case PORTB:
			SET_BIT(PORTB_REG,PinID);
    1df0:	a8 e3       	ldi	r26, 0x38	; 56
    1df2:	b0 e0       	ldi	r27, 0x00	; 0
    1df4:	e8 e3       	ldi	r30, 0x38	; 56
    1df6:	f0 e0       	ldi	r31, 0x00	; 0
    1df8:	80 81       	ld	r24, Z
    1dfa:	48 2f       	mov	r20, r24
    1dfc:	8a 81       	ldd	r24, Y+2	; 0x02
    1dfe:	28 2f       	mov	r18, r24
    1e00:	30 e0       	ldi	r19, 0x00	; 0
    1e02:	81 e0       	ldi	r24, 0x01	; 1
    1e04:	90 e0       	ldi	r25, 0x00	; 0
    1e06:	02 2e       	mov	r0, r18
    1e08:	02 c0       	rjmp	.+4      	; 0x1e0e <DIO_voidSetPinValue+0xb6>
    1e0a:	88 0f       	add	r24, r24
    1e0c:	99 1f       	adc	r25, r25
    1e0e:	0a 94       	dec	r0
    1e10:	e2 f7       	brpl	.-8      	; 0x1e0a <DIO_voidSetPinValue+0xb2>
    1e12:	84 2b       	or	r24, r20
    1e14:	8c 93       	st	X, r24
    1e16:	9f c0       	rjmp	.+318    	; 0x1f56 <DIO_voidSetPinValue+0x1fe>
			break;
			case PORTC:
			SET_BIT(PORTC_REG,PinID);
    1e18:	a5 e3       	ldi	r26, 0x35	; 53
    1e1a:	b0 e0       	ldi	r27, 0x00	; 0
    1e1c:	e5 e3       	ldi	r30, 0x35	; 53
    1e1e:	f0 e0       	ldi	r31, 0x00	; 0
    1e20:	80 81       	ld	r24, Z
    1e22:	48 2f       	mov	r20, r24
    1e24:	8a 81       	ldd	r24, Y+2	; 0x02
    1e26:	28 2f       	mov	r18, r24
    1e28:	30 e0       	ldi	r19, 0x00	; 0
    1e2a:	81 e0       	ldi	r24, 0x01	; 1
    1e2c:	90 e0       	ldi	r25, 0x00	; 0
    1e2e:	02 2e       	mov	r0, r18
    1e30:	02 c0       	rjmp	.+4      	; 0x1e36 <DIO_voidSetPinValue+0xde>
    1e32:	88 0f       	add	r24, r24
    1e34:	99 1f       	adc	r25, r25
    1e36:	0a 94       	dec	r0
    1e38:	e2 f7       	brpl	.-8      	; 0x1e32 <DIO_voidSetPinValue+0xda>
    1e3a:	84 2b       	or	r24, r20
    1e3c:	8c 93       	st	X, r24
    1e3e:	8b c0       	rjmp	.+278    	; 0x1f56 <DIO_voidSetPinValue+0x1fe>
			break;
			case PORTD:
			SET_BIT(PORTD_REG,PinID);
    1e40:	a2 e3       	ldi	r26, 0x32	; 50
    1e42:	b0 e0       	ldi	r27, 0x00	; 0
    1e44:	e2 e3       	ldi	r30, 0x32	; 50
    1e46:	f0 e0       	ldi	r31, 0x00	; 0
    1e48:	80 81       	ld	r24, Z
    1e4a:	48 2f       	mov	r20, r24
    1e4c:	8a 81       	ldd	r24, Y+2	; 0x02
    1e4e:	28 2f       	mov	r18, r24
    1e50:	30 e0       	ldi	r19, 0x00	; 0
    1e52:	81 e0       	ldi	r24, 0x01	; 1
    1e54:	90 e0       	ldi	r25, 0x00	; 0
    1e56:	02 2e       	mov	r0, r18
    1e58:	02 c0       	rjmp	.+4      	; 0x1e5e <DIO_voidSetPinValue+0x106>
    1e5a:	88 0f       	add	r24, r24
    1e5c:	99 1f       	adc	r25, r25
    1e5e:	0a 94       	dec	r0
    1e60:	e2 f7       	brpl	.-8      	; 0x1e5a <DIO_voidSetPinValue+0x102>
    1e62:	84 2b       	or	r24, r20
    1e64:	8c 93       	st	X, r24
    1e66:	77 c0       	rjmp	.+238    	; 0x1f56 <DIO_voidSetPinValue+0x1fe>
			break;
			}
		}
		else if(Value==LOW)
    1e68:	8b 81       	ldd	r24, Y+3	; 0x03
    1e6a:	88 23       	and	r24, r24
    1e6c:	09 f0       	breq	.+2      	; 0x1e70 <DIO_voidSetPinValue+0x118>
    1e6e:	73 c0       	rjmp	.+230    	; 0x1f56 <DIO_voidSetPinValue+0x1fe>
		{
			switch(PortID)
    1e70:	89 81       	ldd	r24, Y+1	; 0x01
    1e72:	28 2f       	mov	r18, r24
    1e74:	30 e0       	ldi	r19, 0x00	; 0
    1e76:	3d 83       	std	Y+5, r19	; 0x05
    1e78:	2c 83       	std	Y+4, r18	; 0x04
    1e7a:	8c 81       	ldd	r24, Y+4	; 0x04
    1e7c:	9d 81       	ldd	r25, Y+5	; 0x05
    1e7e:	81 30       	cpi	r24, 0x01	; 1
    1e80:	91 05       	cpc	r25, r1
    1e82:	59 f1       	breq	.+86     	; 0x1eda <DIO_voidSetPinValue+0x182>
    1e84:	2c 81       	ldd	r18, Y+4	; 0x04
    1e86:	3d 81       	ldd	r19, Y+5	; 0x05
    1e88:	22 30       	cpi	r18, 0x02	; 2
    1e8a:	31 05       	cpc	r19, r1
    1e8c:	2c f4       	brge	.+10     	; 0x1e98 <DIO_voidSetPinValue+0x140>
    1e8e:	8c 81       	ldd	r24, Y+4	; 0x04
    1e90:	9d 81       	ldd	r25, Y+5	; 0x05
    1e92:	00 97       	sbiw	r24, 0x00	; 0
    1e94:	69 f0       	breq	.+26     	; 0x1eb0 <DIO_voidSetPinValue+0x158>
    1e96:	5f c0       	rjmp	.+190    	; 0x1f56 <DIO_voidSetPinValue+0x1fe>
    1e98:	2c 81       	ldd	r18, Y+4	; 0x04
    1e9a:	3d 81       	ldd	r19, Y+5	; 0x05
    1e9c:	22 30       	cpi	r18, 0x02	; 2
    1e9e:	31 05       	cpc	r19, r1
    1ea0:	89 f1       	breq	.+98     	; 0x1f04 <DIO_voidSetPinValue+0x1ac>
    1ea2:	8c 81       	ldd	r24, Y+4	; 0x04
    1ea4:	9d 81       	ldd	r25, Y+5	; 0x05
    1ea6:	83 30       	cpi	r24, 0x03	; 3
    1ea8:	91 05       	cpc	r25, r1
    1eaa:	09 f4       	brne	.+2      	; 0x1eae <DIO_voidSetPinValue+0x156>
    1eac:	40 c0       	rjmp	.+128    	; 0x1f2e <DIO_voidSetPinValue+0x1d6>
    1eae:	53 c0       	rjmp	.+166    	; 0x1f56 <DIO_voidSetPinValue+0x1fe>
			{
			case PORTA:
			CLR_BIT(PORTA_REG,PinID);
    1eb0:	ab e3       	ldi	r26, 0x3B	; 59
    1eb2:	b0 e0       	ldi	r27, 0x00	; 0
    1eb4:	eb e3       	ldi	r30, 0x3B	; 59
    1eb6:	f0 e0       	ldi	r31, 0x00	; 0
    1eb8:	80 81       	ld	r24, Z
    1eba:	48 2f       	mov	r20, r24
    1ebc:	8a 81       	ldd	r24, Y+2	; 0x02
    1ebe:	28 2f       	mov	r18, r24
    1ec0:	30 e0       	ldi	r19, 0x00	; 0
    1ec2:	81 e0       	ldi	r24, 0x01	; 1
    1ec4:	90 e0       	ldi	r25, 0x00	; 0
    1ec6:	02 2e       	mov	r0, r18
    1ec8:	02 c0       	rjmp	.+4      	; 0x1ece <DIO_voidSetPinValue+0x176>
    1eca:	88 0f       	add	r24, r24
    1ecc:	99 1f       	adc	r25, r25
    1ece:	0a 94       	dec	r0
    1ed0:	e2 f7       	brpl	.-8      	; 0x1eca <DIO_voidSetPinValue+0x172>
    1ed2:	80 95       	com	r24
    1ed4:	84 23       	and	r24, r20
    1ed6:	8c 93       	st	X, r24
    1ed8:	3e c0       	rjmp	.+124    	; 0x1f56 <DIO_voidSetPinValue+0x1fe>
			break;
			case PORTB:
			CLR_BIT(PORTB_REG,PinID);
    1eda:	a8 e3       	ldi	r26, 0x38	; 56
    1edc:	b0 e0       	ldi	r27, 0x00	; 0
    1ede:	e8 e3       	ldi	r30, 0x38	; 56
    1ee0:	f0 e0       	ldi	r31, 0x00	; 0
    1ee2:	80 81       	ld	r24, Z
    1ee4:	48 2f       	mov	r20, r24
    1ee6:	8a 81       	ldd	r24, Y+2	; 0x02
    1ee8:	28 2f       	mov	r18, r24
    1eea:	30 e0       	ldi	r19, 0x00	; 0
    1eec:	81 e0       	ldi	r24, 0x01	; 1
    1eee:	90 e0       	ldi	r25, 0x00	; 0
    1ef0:	02 2e       	mov	r0, r18
    1ef2:	02 c0       	rjmp	.+4      	; 0x1ef8 <DIO_voidSetPinValue+0x1a0>
    1ef4:	88 0f       	add	r24, r24
    1ef6:	99 1f       	adc	r25, r25
    1ef8:	0a 94       	dec	r0
    1efa:	e2 f7       	brpl	.-8      	; 0x1ef4 <DIO_voidSetPinValue+0x19c>
    1efc:	80 95       	com	r24
    1efe:	84 23       	and	r24, r20
    1f00:	8c 93       	st	X, r24
    1f02:	29 c0       	rjmp	.+82     	; 0x1f56 <DIO_voidSetPinValue+0x1fe>
			break;
			case PORTC:
			CLR_BIT(PORTC_REG,PinID);
    1f04:	a5 e3       	ldi	r26, 0x35	; 53
    1f06:	b0 e0       	ldi	r27, 0x00	; 0
    1f08:	e5 e3       	ldi	r30, 0x35	; 53
    1f0a:	f0 e0       	ldi	r31, 0x00	; 0
    1f0c:	80 81       	ld	r24, Z
    1f0e:	48 2f       	mov	r20, r24
    1f10:	8a 81       	ldd	r24, Y+2	; 0x02
    1f12:	28 2f       	mov	r18, r24
    1f14:	30 e0       	ldi	r19, 0x00	; 0
    1f16:	81 e0       	ldi	r24, 0x01	; 1
    1f18:	90 e0       	ldi	r25, 0x00	; 0
    1f1a:	02 2e       	mov	r0, r18
    1f1c:	02 c0       	rjmp	.+4      	; 0x1f22 <DIO_voidSetPinValue+0x1ca>
    1f1e:	88 0f       	add	r24, r24
    1f20:	99 1f       	adc	r25, r25
    1f22:	0a 94       	dec	r0
    1f24:	e2 f7       	brpl	.-8      	; 0x1f1e <DIO_voidSetPinValue+0x1c6>
    1f26:	80 95       	com	r24
    1f28:	84 23       	and	r24, r20
    1f2a:	8c 93       	st	X, r24
    1f2c:	14 c0       	rjmp	.+40     	; 0x1f56 <DIO_voidSetPinValue+0x1fe>
		     break;
			case PORTD:
			CLR_BIT(PORTD_REG,PinID);
    1f2e:	a2 e3       	ldi	r26, 0x32	; 50
    1f30:	b0 e0       	ldi	r27, 0x00	; 0
    1f32:	e2 e3       	ldi	r30, 0x32	; 50
    1f34:	f0 e0       	ldi	r31, 0x00	; 0
    1f36:	80 81       	ld	r24, Z
    1f38:	48 2f       	mov	r20, r24
    1f3a:	8a 81       	ldd	r24, Y+2	; 0x02
    1f3c:	28 2f       	mov	r18, r24
    1f3e:	30 e0       	ldi	r19, 0x00	; 0
    1f40:	81 e0       	ldi	r24, 0x01	; 1
    1f42:	90 e0       	ldi	r25, 0x00	; 0
    1f44:	02 2e       	mov	r0, r18
    1f46:	02 c0       	rjmp	.+4      	; 0x1f4c <DIO_voidSetPinValue+0x1f4>
    1f48:	88 0f       	add	r24, r24
    1f4a:	99 1f       	adc	r25, r25
    1f4c:	0a 94       	dec	r0
    1f4e:	e2 f7       	brpl	.-8      	; 0x1f48 <DIO_voidSetPinValue+0x1f0>
    1f50:	80 95       	com	r24
    1f52:	84 23       	and	r24, r20
    1f54:	8c 93       	st	X, r24
			break;
			}
		}
	}
}
    1f56:	27 96       	adiw	r28, 0x07	; 7
    1f58:	0f b6       	in	r0, 0x3f	; 63
    1f5a:	f8 94       	cli
    1f5c:	de bf       	out	0x3e, r29	; 62
    1f5e:	0f be       	out	0x3f, r0	; 63
    1f60:	cd bf       	out	0x3d, r28	; 61
    1f62:	cf 91       	pop	r28
    1f64:	df 91       	pop	r29
    1f66:	08 95       	ret

00001f68 <DIO_u8GetPinValue>:
u8 DIO_u8GetPinValue(u8 PortID, u8 PinID)
{
    1f68:	df 93       	push	r29
    1f6a:	cf 93       	push	r28
    1f6c:	00 d0       	rcall	.+0      	; 0x1f6e <DIO_u8GetPinValue+0x6>
    1f6e:	00 d0       	rcall	.+0      	; 0x1f70 <DIO_u8GetPinValue+0x8>
    1f70:	0f 92       	push	r0
    1f72:	cd b7       	in	r28, 0x3d	; 61
    1f74:	de b7       	in	r29, 0x3e	; 62
    1f76:	8a 83       	std	Y+2, r24	; 0x02
    1f78:	6b 83       	std	Y+3, r22	; 0x03
    u8 Local_u8PinValue = 0;
    1f7a:	19 82       	std	Y+1, r1	; 0x01
    if(PortID<4 && PinID<8)
    1f7c:	8a 81       	ldd	r24, Y+2	; 0x02
    1f7e:	84 30       	cpi	r24, 0x04	; 4
    1f80:	08 f0       	brcs	.+2      	; 0x1f84 <DIO_u8GetPinValue+0x1c>
    1f82:	6b c0       	rjmp	.+214    	; 0x205a <DIO_u8GetPinValue+0xf2>
    1f84:	8b 81       	ldd	r24, Y+3	; 0x03
    1f86:	88 30       	cpi	r24, 0x08	; 8
    1f88:	08 f0       	brcs	.+2      	; 0x1f8c <DIO_u8GetPinValue+0x24>
    1f8a:	67 c0       	rjmp	.+206    	; 0x205a <DIO_u8GetPinValue+0xf2>
    {
    switch(PortID)
    1f8c:	8a 81       	ldd	r24, Y+2	; 0x02
    1f8e:	28 2f       	mov	r18, r24
    1f90:	30 e0       	ldi	r19, 0x00	; 0
    1f92:	3d 83       	std	Y+5, r19	; 0x05
    1f94:	2c 83       	std	Y+4, r18	; 0x04
    1f96:	4c 81       	ldd	r20, Y+4	; 0x04
    1f98:	5d 81       	ldd	r21, Y+5	; 0x05
    1f9a:	41 30       	cpi	r20, 0x01	; 1
    1f9c:	51 05       	cpc	r21, r1
    1f9e:	41 f1       	breq	.+80     	; 0x1ff0 <DIO_u8GetPinValue+0x88>
    1fa0:	8c 81       	ldd	r24, Y+4	; 0x04
    1fa2:	9d 81       	ldd	r25, Y+5	; 0x05
    1fa4:	82 30       	cpi	r24, 0x02	; 2
    1fa6:	91 05       	cpc	r25, r1
    1fa8:	34 f4       	brge	.+12     	; 0x1fb6 <DIO_u8GetPinValue+0x4e>
    1faa:	2c 81       	ldd	r18, Y+4	; 0x04
    1fac:	3d 81       	ldd	r19, Y+5	; 0x05
    1fae:	21 15       	cp	r18, r1
    1fb0:	31 05       	cpc	r19, r1
    1fb2:	61 f0       	breq	.+24     	; 0x1fcc <DIO_u8GetPinValue+0x64>
    1fb4:	52 c0       	rjmp	.+164    	; 0x205a <DIO_u8GetPinValue+0xf2>
    1fb6:	4c 81       	ldd	r20, Y+4	; 0x04
    1fb8:	5d 81       	ldd	r21, Y+5	; 0x05
    1fba:	42 30       	cpi	r20, 0x02	; 2
    1fbc:	51 05       	cpc	r21, r1
    1fbe:	51 f1       	breq	.+84     	; 0x2014 <DIO_u8GetPinValue+0xac>
    1fc0:	8c 81       	ldd	r24, Y+4	; 0x04
    1fc2:	9d 81       	ldd	r25, Y+5	; 0x05
    1fc4:	83 30       	cpi	r24, 0x03	; 3
    1fc6:	91 05       	cpc	r25, r1
    1fc8:	b9 f1       	breq	.+110    	; 0x2038 <DIO_u8GetPinValue+0xd0>
    1fca:	47 c0       	rjmp	.+142    	; 0x205a <DIO_u8GetPinValue+0xf2>
    {
        case PORTA:
        Local_u8PinValue = GET_BIT(PINA_REG, PinID);
    1fcc:	e9 e3       	ldi	r30, 0x39	; 57
    1fce:	f0 e0       	ldi	r31, 0x00	; 0
    1fd0:	80 81       	ld	r24, Z
    1fd2:	28 2f       	mov	r18, r24
    1fd4:	30 e0       	ldi	r19, 0x00	; 0
    1fd6:	8b 81       	ldd	r24, Y+3	; 0x03
    1fd8:	88 2f       	mov	r24, r24
    1fda:	90 e0       	ldi	r25, 0x00	; 0
    1fdc:	a9 01       	movw	r20, r18
    1fde:	02 c0       	rjmp	.+4      	; 0x1fe4 <DIO_u8GetPinValue+0x7c>
    1fe0:	55 95       	asr	r21
    1fe2:	47 95       	ror	r20
    1fe4:	8a 95       	dec	r24
    1fe6:	e2 f7       	brpl	.-8      	; 0x1fe0 <DIO_u8GetPinValue+0x78>
    1fe8:	ca 01       	movw	r24, r20
    1fea:	81 70       	andi	r24, 0x01	; 1
    1fec:	89 83       	std	Y+1, r24	; 0x01
    1fee:	35 c0       	rjmp	.+106    	; 0x205a <DIO_u8GetPinValue+0xf2>
        break;

        case PORTB:
        Local_u8PinValue = GET_BIT(PINB_REG, PinID);
    1ff0:	e6 e3       	ldi	r30, 0x36	; 54
    1ff2:	f0 e0       	ldi	r31, 0x00	; 0
    1ff4:	80 81       	ld	r24, Z
    1ff6:	28 2f       	mov	r18, r24
    1ff8:	30 e0       	ldi	r19, 0x00	; 0
    1ffa:	8b 81       	ldd	r24, Y+3	; 0x03
    1ffc:	88 2f       	mov	r24, r24
    1ffe:	90 e0       	ldi	r25, 0x00	; 0
    2000:	a9 01       	movw	r20, r18
    2002:	02 c0       	rjmp	.+4      	; 0x2008 <DIO_u8GetPinValue+0xa0>
    2004:	55 95       	asr	r21
    2006:	47 95       	ror	r20
    2008:	8a 95       	dec	r24
    200a:	e2 f7       	brpl	.-8      	; 0x2004 <DIO_u8GetPinValue+0x9c>
    200c:	ca 01       	movw	r24, r20
    200e:	81 70       	andi	r24, 0x01	; 1
    2010:	89 83       	std	Y+1, r24	; 0x01
    2012:	23 c0       	rjmp	.+70     	; 0x205a <DIO_u8GetPinValue+0xf2>
        break;

        case PORTC:
        Local_u8PinValue = GET_BIT(PINC_REG, PinID);
    2014:	e3 e3       	ldi	r30, 0x33	; 51
    2016:	f0 e0       	ldi	r31, 0x00	; 0
    2018:	80 81       	ld	r24, Z
    201a:	28 2f       	mov	r18, r24
    201c:	30 e0       	ldi	r19, 0x00	; 0
    201e:	8b 81       	ldd	r24, Y+3	; 0x03
    2020:	88 2f       	mov	r24, r24
    2022:	90 e0       	ldi	r25, 0x00	; 0
    2024:	a9 01       	movw	r20, r18
    2026:	02 c0       	rjmp	.+4      	; 0x202c <DIO_u8GetPinValue+0xc4>
    2028:	55 95       	asr	r21
    202a:	47 95       	ror	r20
    202c:	8a 95       	dec	r24
    202e:	e2 f7       	brpl	.-8      	; 0x2028 <DIO_u8GetPinValue+0xc0>
    2030:	ca 01       	movw	r24, r20
    2032:	81 70       	andi	r24, 0x01	; 1
    2034:	89 83       	std	Y+1, r24	; 0x01
    2036:	11 c0       	rjmp	.+34     	; 0x205a <DIO_u8GetPinValue+0xf2>
        break;

        case PORTD:
        Local_u8PinValue = GET_BIT(PIND_REG, PinID);
    2038:	e0 e3       	ldi	r30, 0x30	; 48
    203a:	f0 e0       	ldi	r31, 0x00	; 0
    203c:	80 81       	ld	r24, Z
    203e:	28 2f       	mov	r18, r24
    2040:	30 e0       	ldi	r19, 0x00	; 0
    2042:	8b 81       	ldd	r24, Y+3	; 0x03
    2044:	88 2f       	mov	r24, r24
    2046:	90 e0       	ldi	r25, 0x00	; 0
    2048:	a9 01       	movw	r20, r18
    204a:	02 c0       	rjmp	.+4      	; 0x2050 <DIO_u8GetPinValue+0xe8>
    204c:	55 95       	asr	r21
    204e:	47 95       	ror	r20
    2050:	8a 95       	dec	r24
    2052:	e2 f7       	brpl	.-8      	; 0x204c <DIO_u8GetPinValue+0xe4>
    2054:	ca 01       	movw	r24, r20
    2056:	81 70       	andi	r24, 0x01	; 1
    2058:	89 83       	std	Y+1, r24	; 0x01
        break;
    }
    }
    return Local_u8PinValue;
    205a:	89 81       	ldd	r24, Y+1	; 0x01
}
    205c:	0f 90       	pop	r0
    205e:	0f 90       	pop	r0
    2060:	0f 90       	pop	r0
    2062:	0f 90       	pop	r0
    2064:	0f 90       	pop	r0
    2066:	cf 91       	pop	r28
    2068:	df 91       	pop	r29
    206a:	08 95       	ret

0000206c <DIO_voidTogglePin>:
void DIO_voidTogglePin(u8 PortID, u8 PinID)
{
    206c:	df 93       	push	r29
    206e:	cf 93       	push	r28
    2070:	00 d0       	rcall	.+0      	; 0x2072 <DIO_voidTogglePin+0x6>
    2072:	00 d0       	rcall	.+0      	; 0x2074 <DIO_voidTogglePin+0x8>
    2074:	cd b7       	in	r28, 0x3d	; 61
    2076:	de b7       	in	r29, 0x3e	; 62
    2078:	89 83       	std	Y+1, r24	; 0x01
    207a:	6a 83       	std	Y+2, r22	; 0x02
	if(PortID<4 && PinID<8)
    207c:	89 81       	ldd	r24, Y+1	; 0x01
    207e:	84 30       	cpi	r24, 0x04	; 4
    2080:	08 f0       	brcs	.+2      	; 0x2084 <DIO_voidTogglePin+0x18>
    2082:	72 c0       	rjmp	.+228    	; 0x2168 <DIO_voidTogglePin+0xfc>
    2084:	8a 81       	ldd	r24, Y+2	; 0x02
    2086:	88 30       	cpi	r24, 0x08	; 8
    2088:	08 f0       	brcs	.+2      	; 0x208c <DIO_voidTogglePin+0x20>
    208a:	6e c0       	rjmp	.+220    	; 0x2168 <DIO_voidTogglePin+0xfc>
	{
    switch(PortID)
    208c:	89 81       	ldd	r24, Y+1	; 0x01
    208e:	28 2f       	mov	r18, r24
    2090:	30 e0       	ldi	r19, 0x00	; 0
    2092:	3c 83       	std	Y+4, r19	; 0x04
    2094:	2b 83       	std	Y+3, r18	; 0x03
    2096:	8b 81       	ldd	r24, Y+3	; 0x03
    2098:	9c 81       	ldd	r25, Y+4	; 0x04
    209a:	81 30       	cpi	r24, 0x01	; 1
    209c:	91 05       	cpc	r25, r1
    209e:	49 f1       	breq	.+82     	; 0x20f2 <DIO_voidTogglePin+0x86>
    20a0:	2b 81       	ldd	r18, Y+3	; 0x03
    20a2:	3c 81       	ldd	r19, Y+4	; 0x04
    20a4:	22 30       	cpi	r18, 0x02	; 2
    20a6:	31 05       	cpc	r19, r1
    20a8:	2c f4       	brge	.+10     	; 0x20b4 <DIO_voidTogglePin+0x48>
    20aa:	8b 81       	ldd	r24, Y+3	; 0x03
    20ac:	9c 81       	ldd	r25, Y+4	; 0x04
    20ae:	00 97       	sbiw	r24, 0x00	; 0
    20b0:	61 f0       	breq	.+24     	; 0x20ca <DIO_voidTogglePin+0x5e>
    20b2:	5a c0       	rjmp	.+180    	; 0x2168 <DIO_voidTogglePin+0xfc>
    20b4:	2b 81       	ldd	r18, Y+3	; 0x03
    20b6:	3c 81       	ldd	r19, Y+4	; 0x04
    20b8:	22 30       	cpi	r18, 0x02	; 2
    20ba:	31 05       	cpc	r19, r1
    20bc:	71 f1       	breq	.+92     	; 0x211a <DIO_voidTogglePin+0xae>
    20be:	8b 81       	ldd	r24, Y+3	; 0x03
    20c0:	9c 81       	ldd	r25, Y+4	; 0x04
    20c2:	83 30       	cpi	r24, 0x03	; 3
    20c4:	91 05       	cpc	r25, r1
    20c6:	e9 f1       	breq	.+122    	; 0x2142 <DIO_voidTogglePin+0xd6>
    20c8:	4f c0       	rjmp	.+158    	; 0x2168 <DIO_voidTogglePin+0xfc>
    {
        case PORTA:
        TOGGLE_BIT(PORTA_REG, PinID);
    20ca:	ab e3       	ldi	r26, 0x3B	; 59
    20cc:	b0 e0       	ldi	r27, 0x00	; 0
    20ce:	eb e3       	ldi	r30, 0x3B	; 59
    20d0:	f0 e0       	ldi	r31, 0x00	; 0
    20d2:	80 81       	ld	r24, Z
    20d4:	48 2f       	mov	r20, r24
    20d6:	8a 81       	ldd	r24, Y+2	; 0x02
    20d8:	28 2f       	mov	r18, r24
    20da:	30 e0       	ldi	r19, 0x00	; 0
    20dc:	81 e0       	ldi	r24, 0x01	; 1
    20de:	90 e0       	ldi	r25, 0x00	; 0
    20e0:	02 2e       	mov	r0, r18
    20e2:	02 c0       	rjmp	.+4      	; 0x20e8 <DIO_voidTogglePin+0x7c>
    20e4:	88 0f       	add	r24, r24
    20e6:	99 1f       	adc	r25, r25
    20e8:	0a 94       	dec	r0
    20ea:	e2 f7       	brpl	.-8      	; 0x20e4 <DIO_voidTogglePin+0x78>
    20ec:	84 27       	eor	r24, r20
    20ee:	8c 93       	st	X, r24
    20f0:	3b c0       	rjmp	.+118    	; 0x2168 <DIO_voidTogglePin+0xfc>
        break;

        case PORTB:
        TOGGLE_BIT(PORTB_REG, PinID);
    20f2:	a8 e3       	ldi	r26, 0x38	; 56
    20f4:	b0 e0       	ldi	r27, 0x00	; 0
    20f6:	e8 e3       	ldi	r30, 0x38	; 56
    20f8:	f0 e0       	ldi	r31, 0x00	; 0
    20fa:	80 81       	ld	r24, Z
    20fc:	48 2f       	mov	r20, r24
    20fe:	8a 81       	ldd	r24, Y+2	; 0x02
    2100:	28 2f       	mov	r18, r24
    2102:	30 e0       	ldi	r19, 0x00	; 0
    2104:	81 e0       	ldi	r24, 0x01	; 1
    2106:	90 e0       	ldi	r25, 0x00	; 0
    2108:	02 2e       	mov	r0, r18
    210a:	02 c0       	rjmp	.+4      	; 0x2110 <DIO_voidTogglePin+0xa4>
    210c:	88 0f       	add	r24, r24
    210e:	99 1f       	adc	r25, r25
    2110:	0a 94       	dec	r0
    2112:	e2 f7       	brpl	.-8      	; 0x210c <DIO_voidTogglePin+0xa0>
    2114:	84 27       	eor	r24, r20
    2116:	8c 93       	st	X, r24
    2118:	27 c0       	rjmp	.+78     	; 0x2168 <DIO_voidTogglePin+0xfc>
        break;

        case PORTC:
        TOGGLE_BIT(PORTC_REG, PinID);
    211a:	a5 e3       	ldi	r26, 0x35	; 53
    211c:	b0 e0       	ldi	r27, 0x00	; 0
    211e:	e5 e3       	ldi	r30, 0x35	; 53
    2120:	f0 e0       	ldi	r31, 0x00	; 0
    2122:	80 81       	ld	r24, Z
    2124:	48 2f       	mov	r20, r24
    2126:	8a 81       	ldd	r24, Y+2	; 0x02
    2128:	28 2f       	mov	r18, r24
    212a:	30 e0       	ldi	r19, 0x00	; 0
    212c:	81 e0       	ldi	r24, 0x01	; 1
    212e:	90 e0       	ldi	r25, 0x00	; 0
    2130:	02 2e       	mov	r0, r18
    2132:	02 c0       	rjmp	.+4      	; 0x2138 <DIO_voidTogglePin+0xcc>
    2134:	88 0f       	add	r24, r24
    2136:	99 1f       	adc	r25, r25
    2138:	0a 94       	dec	r0
    213a:	e2 f7       	brpl	.-8      	; 0x2134 <DIO_voidTogglePin+0xc8>
    213c:	84 27       	eor	r24, r20
    213e:	8c 93       	st	X, r24
    2140:	13 c0       	rjmp	.+38     	; 0x2168 <DIO_voidTogglePin+0xfc>
        break;

        case PORTD:
        TOGGLE_BIT(PORTD_REG, PinID);
    2142:	a2 e3       	ldi	r26, 0x32	; 50
    2144:	b0 e0       	ldi	r27, 0x00	; 0
    2146:	e2 e3       	ldi	r30, 0x32	; 50
    2148:	f0 e0       	ldi	r31, 0x00	; 0
    214a:	80 81       	ld	r24, Z
    214c:	48 2f       	mov	r20, r24
    214e:	8a 81       	ldd	r24, Y+2	; 0x02
    2150:	28 2f       	mov	r18, r24
    2152:	30 e0       	ldi	r19, 0x00	; 0
    2154:	81 e0       	ldi	r24, 0x01	; 1
    2156:	90 e0       	ldi	r25, 0x00	; 0
    2158:	02 2e       	mov	r0, r18
    215a:	02 c0       	rjmp	.+4      	; 0x2160 <DIO_voidTogglePin+0xf4>
    215c:	88 0f       	add	r24, r24
    215e:	99 1f       	adc	r25, r25
    2160:	0a 94       	dec	r0
    2162:	e2 f7       	brpl	.-8      	; 0x215c <DIO_voidTogglePin+0xf0>
    2164:	84 27       	eor	r24, r20
    2166:	8c 93       	st	X, r24
        break;
    }
    }
}
    2168:	0f 90       	pop	r0
    216a:	0f 90       	pop	r0
    216c:	0f 90       	pop	r0
    216e:	0f 90       	pop	r0
    2170:	cf 91       	pop	r28
    2172:	df 91       	pop	r29
    2174:	08 95       	ret

00002176 <DIO_voidSetPortDirection>:
void DIO_voidSetPortDirection(u8 PortID, u8 Direction)
{
    2176:	df 93       	push	r29
    2178:	cf 93       	push	r28
    217a:	00 d0       	rcall	.+0      	; 0x217c <DIO_voidSetPortDirection+0x6>
    217c:	00 d0       	rcall	.+0      	; 0x217e <DIO_voidSetPortDirection+0x8>
    217e:	cd b7       	in	r28, 0x3d	; 61
    2180:	de b7       	in	r29, 0x3e	; 62
    2182:	89 83       	std	Y+1, r24	; 0x01
    2184:	6a 83       	std	Y+2, r22	; 0x02
	if(PortID<4)
    2186:	89 81       	ldd	r24, Y+1	; 0x01
    2188:	84 30       	cpi	r24, 0x04	; 4
    218a:	90 f5       	brcc	.+100    	; 0x21f0 <DIO_voidSetPortDirection+0x7a>
	{
    switch(PortID)
    218c:	89 81       	ldd	r24, Y+1	; 0x01
    218e:	28 2f       	mov	r18, r24
    2190:	30 e0       	ldi	r19, 0x00	; 0
    2192:	3c 83       	std	Y+4, r19	; 0x04
    2194:	2b 83       	std	Y+3, r18	; 0x03
    2196:	8b 81       	ldd	r24, Y+3	; 0x03
    2198:	9c 81       	ldd	r25, Y+4	; 0x04
    219a:	81 30       	cpi	r24, 0x01	; 1
    219c:	91 05       	cpc	r25, r1
    219e:	d1 f0       	breq	.+52     	; 0x21d4 <DIO_voidSetPortDirection+0x5e>
    21a0:	2b 81       	ldd	r18, Y+3	; 0x03
    21a2:	3c 81       	ldd	r19, Y+4	; 0x04
    21a4:	22 30       	cpi	r18, 0x02	; 2
    21a6:	31 05       	cpc	r19, r1
    21a8:	2c f4       	brge	.+10     	; 0x21b4 <DIO_voidSetPortDirection+0x3e>
    21aa:	8b 81       	ldd	r24, Y+3	; 0x03
    21ac:	9c 81       	ldd	r25, Y+4	; 0x04
    21ae:	00 97       	sbiw	r24, 0x00	; 0
    21b0:	61 f0       	breq	.+24     	; 0x21ca <DIO_voidSetPortDirection+0x54>
    21b2:	1e c0       	rjmp	.+60     	; 0x21f0 <DIO_voidSetPortDirection+0x7a>
    21b4:	2b 81       	ldd	r18, Y+3	; 0x03
    21b6:	3c 81       	ldd	r19, Y+4	; 0x04
    21b8:	22 30       	cpi	r18, 0x02	; 2
    21ba:	31 05       	cpc	r19, r1
    21bc:	81 f0       	breq	.+32     	; 0x21de <DIO_voidSetPortDirection+0x68>
    21be:	8b 81       	ldd	r24, Y+3	; 0x03
    21c0:	9c 81       	ldd	r25, Y+4	; 0x04
    21c2:	83 30       	cpi	r24, 0x03	; 3
    21c4:	91 05       	cpc	r25, r1
    21c6:	81 f0       	breq	.+32     	; 0x21e8 <DIO_voidSetPortDirection+0x72>
    21c8:	13 c0       	rjmp	.+38     	; 0x21f0 <DIO_voidSetPortDirection+0x7a>
    {
        case PORTA:
        DDRA_REG = Direction;
    21ca:	ea e3       	ldi	r30, 0x3A	; 58
    21cc:	f0 e0       	ldi	r31, 0x00	; 0
    21ce:	8a 81       	ldd	r24, Y+2	; 0x02
    21d0:	80 83       	st	Z, r24
    21d2:	0e c0       	rjmp	.+28     	; 0x21f0 <DIO_voidSetPortDirection+0x7a>
        break;

        case PORTB:
        DDRB_REG = Direction;
    21d4:	e7 e3       	ldi	r30, 0x37	; 55
    21d6:	f0 e0       	ldi	r31, 0x00	; 0
    21d8:	8a 81       	ldd	r24, Y+2	; 0x02
    21da:	80 83       	st	Z, r24
    21dc:	09 c0       	rjmp	.+18     	; 0x21f0 <DIO_voidSetPortDirection+0x7a>
        break;

        case PORTC:
        DDRC_REG = Direction;
    21de:	e4 e3       	ldi	r30, 0x34	; 52
    21e0:	f0 e0       	ldi	r31, 0x00	; 0
    21e2:	8a 81       	ldd	r24, Y+2	; 0x02
    21e4:	80 83       	st	Z, r24
    21e6:	04 c0       	rjmp	.+8      	; 0x21f0 <DIO_voidSetPortDirection+0x7a>
        break;

        case PORTD:
        DDRD_REG = Direction;
    21e8:	e1 e3       	ldi	r30, 0x31	; 49
    21ea:	f0 e0       	ldi	r31, 0x00	; 0
    21ec:	8a 81       	ldd	r24, Y+2	; 0x02
    21ee:	80 83       	st	Z, r24
        break;
    }
    }
}
    21f0:	0f 90       	pop	r0
    21f2:	0f 90       	pop	r0
    21f4:	0f 90       	pop	r0
    21f6:	0f 90       	pop	r0
    21f8:	cf 91       	pop	r28
    21fa:	df 91       	pop	r29
    21fc:	08 95       	ret

000021fe <DIO_voidSetPortValue>:
void DIO_voidSetPortValue(u8 PortID, u8 Value)
{
    21fe:	df 93       	push	r29
    2200:	cf 93       	push	r28
    2202:	00 d0       	rcall	.+0      	; 0x2204 <DIO_voidSetPortValue+0x6>
    2204:	00 d0       	rcall	.+0      	; 0x2206 <DIO_voidSetPortValue+0x8>
    2206:	cd b7       	in	r28, 0x3d	; 61
    2208:	de b7       	in	r29, 0x3e	; 62
    220a:	89 83       	std	Y+1, r24	; 0x01
    220c:	6a 83       	std	Y+2, r22	; 0x02
	if(PortID<4)
    220e:	89 81       	ldd	r24, Y+1	; 0x01
    2210:	84 30       	cpi	r24, 0x04	; 4
    2212:	90 f5       	brcc	.+100    	; 0x2278 <DIO_voidSetPortValue+0x7a>
	{
    switch(PortID)
    2214:	89 81       	ldd	r24, Y+1	; 0x01
    2216:	28 2f       	mov	r18, r24
    2218:	30 e0       	ldi	r19, 0x00	; 0
    221a:	3c 83       	std	Y+4, r19	; 0x04
    221c:	2b 83       	std	Y+3, r18	; 0x03
    221e:	8b 81       	ldd	r24, Y+3	; 0x03
    2220:	9c 81       	ldd	r25, Y+4	; 0x04
    2222:	81 30       	cpi	r24, 0x01	; 1
    2224:	91 05       	cpc	r25, r1
    2226:	d1 f0       	breq	.+52     	; 0x225c <DIO_voidSetPortValue+0x5e>
    2228:	2b 81       	ldd	r18, Y+3	; 0x03
    222a:	3c 81       	ldd	r19, Y+4	; 0x04
    222c:	22 30       	cpi	r18, 0x02	; 2
    222e:	31 05       	cpc	r19, r1
    2230:	2c f4       	brge	.+10     	; 0x223c <DIO_voidSetPortValue+0x3e>
    2232:	8b 81       	ldd	r24, Y+3	; 0x03
    2234:	9c 81       	ldd	r25, Y+4	; 0x04
    2236:	00 97       	sbiw	r24, 0x00	; 0
    2238:	61 f0       	breq	.+24     	; 0x2252 <DIO_voidSetPortValue+0x54>
    223a:	1e c0       	rjmp	.+60     	; 0x2278 <DIO_voidSetPortValue+0x7a>
    223c:	2b 81       	ldd	r18, Y+3	; 0x03
    223e:	3c 81       	ldd	r19, Y+4	; 0x04
    2240:	22 30       	cpi	r18, 0x02	; 2
    2242:	31 05       	cpc	r19, r1
    2244:	81 f0       	breq	.+32     	; 0x2266 <DIO_voidSetPortValue+0x68>
    2246:	8b 81       	ldd	r24, Y+3	; 0x03
    2248:	9c 81       	ldd	r25, Y+4	; 0x04
    224a:	83 30       	cpi	r24, 0x03	; 3
    224c:	91 05       	cpc	r25, r1
    224e:	81 f0       	breq	.+32     	; 0x2270 <DIO_voidSetPortValue+0x72>
    2250:	13 c0       	rjmp	.+38     	; 0x2278 <DIO_voidSetPortValue+0x7a>
    {
        case PORTA:
        PORTA_REG = Value;
    2252:	eb e3       	ldi	r30, 0x3B	; 59
    2254:	f0 e0       	ldi	r31, 0x00	; 0
    2256:	8a 81       	ldd	r24, Y+2	; 0x02
    2258:	80 83       	st	Z, r24
    225a:	0e c0       	rjmp	.+28     	; 0x2278 <DIO_voidSetPortValue+0x7a>
        break;

        case PORTB:
        PORTB_REG = Value;
    225c:	e8 e3       	ldi	r30, 0x38	; 56
    225e:	f0 e0       	ldi	r31, 0x00	; 0
    2260:	8a 81       	ldd	r24, Y+2	; 0x02
    2262:	80 83       	st	Z, r24
    2264:	09 c0       	rjmp	.+18     	; 0x2278 <DIO_voidSetPortValue+0x7a>
        break;

        case PORTC:
        PORTC_REG = Value;
    2266:	e5 e3       	ldi	r30, 0x35	; 53
    2268:	f0 e0       	ldi	r31, 0x00	; 0
    226a:	8a 81       	ldd	r24, Y+2	; 0x02
    226c:	80 83       	st	Z, r24
    226e:	04 c0       	rjmp	.+8      	; 0x2278 <DIO_voidSetPortValue+0x7a>
        break;

        case PORTD:
        PORTD_REG = Value;
    2270:	e2 e3       	ldi	r30, 0x32	; 50
    2272:	f0 e0       	ldi	r31, 0x00	; 0
    2274:	8a 81       	ldd	r24, Y+2	; 0x02
    2276:	80 83       	st	Z, r24
        break;
    }
    }
}
    2278:	0f 90       	pop	r0
    227a:	0f 90       	pop	r0
    227c:	0f 90       	pop	r0
    227e:	0f 90       	pop	r0
    2280:	cf 91       	pop	r28
    2282:	df 91       	pop	r29
    2284:	08 95       	ret

00002286 <ADC_voidInit>:
#include "ADC_config.h"

pf ADC_CallBack = 0;

void ADC_voidInit(void)
{
    2286:	df 93       	push	r29
    2288:	cf 93       	push	r28
    228a:	cd b7       	in	r28, 0x3d	; 61
    228c:	de b7       	in	r29, 0x3e	; 62
	CLR_BIT(ADCSRA, ADEN);
    228e:	a6 e2       	ldi	r26, 0x26	; 38
    2290:	b0 e0       	ldi	r27, 0x00	; 0
    2292:	e6 e2       	ldi	r30, 0x26	; 38
    2294:	f0 e0       	ldi	r31, 0x00	; 0
    2296:	80 81       	ld	r24, Z
    2298:	8f 77       	andi	r24, 0x7F	; 127
    229a:	8c 93       	st	X, r24

	CLR_BIT(ADCSRA, ADSC);
    229c:	a6 e2       	ldi	r26, 0x26	; 38
    229e:	b0 e0       	ldi	r27, 0x00	; 0
    22a0:	e6 e2       	ldi	r30, 0x26	; 38
    22a2:	f0 e0       	ldi	r31, 0x00	; 0
    22a4:	80 81       	ld	r24, Z
    22a6:	8f 7b       	andi	r24, 0xBF	; 191
    22a8:	8c 93       	st	X, r24

	CLR_BIT(ADCSRA, ADATE);
    22aa:	a6 e2       	ldi	r26, 0x26	; 38
    22ac:	b0 e0       	ldi	r27, 0x00	; 0
    22ae:	e6 e2       	ldi	r30, 0x26	; 38
    22b0:	f0 e0       	ldi	r31, 0x00	; 0
    22b2:	80 81       	ld	r24, Z
    22b4:	8f 7d       	andi	r24, 0xDF	; 223
    22b6:	8c 93       	st	X, r24

	SET_BIT(ADCSRA, ADIF);
    22b8:	a6 e2       	ldi	r26, 0x26	; 38
    22ba:	b0 e0       	ldi	r27, 0x00	; 0
    22bc:	e6 e2       	ldi	r30, 0x26	; 38
    22be:	f0 e0       	ldi	r31, 0x00	; 0
    22c0:	80 81       	ld	r24, Z
    22c2:	80 61       	ori	r24, 0x10	; 16
    22c4:	8c 93       	st	X, r24

	CLR_BIT(ADCSRA, ADIE);
    22c6:	a6 e2       	ldi	r26, 0x26	; 38
    22c8:	b0 e0       	ldi	r27, 0x00	; 0
    22ca:	e6 e2       	ldi	r30, 0x26	; 38
    22cc:	f0 e0       	ldi	r31, 0x00	; 0
    22ce:	80 81       	ld	r24, Z
    22d0:	87 7f       	andi	r24, 0xF7	; 247
    22d2:	8c 93       	st	X, r24

#if REG_ADJ == LEFT_ADJUSTMEN
	SET_BIT(ADMUX, ADLAR);
    22d4:	a7 e2       	ldi	r26, 0x27	; 39
    22d6:	b0 e0       	ldi	r27, 0x00	; 0
    22d8:	e7 e2       	ldi	r30, 0x27	; 39
    22da:	f0 e0       	ldi	r31, 0x00	; 0
    22dc:	80 81       	ld	r24, Z
    22de:	80 62       	ori	r24, 0x20	; 32
    22e0:	8c 93       	st	X, r24
#elif REG_ADJ == RIGHT_ADJUSTMEN
	CLR_BIT(ADMUX, ADLAR);
#endif

	ADMUX &= 0xE0;
    22e2:	a7 e2       	ldi	r26, 0x27	; 39
    22e4:	b0 e0       	ldi	r27, 0x00	; 0
    22e6:	e7 e2       	ldi	r30, 0x27	; 39
    22e8:	f0 e0       	ldi	r31, 0x00	; 0
    22ea:	80 81       	ld	r24, Z
    22ec:	80 7e       	andi	r24, 0xE0	; 224
    22ee:	8c 93       	st	X, r24
	ADMUX |= ADC_CHANNEL;
    22f0:	a7 e2       	ldi	r26, 0x27	; 39
    22f2:	b0 e0       	ldi	r27, 0x00	; 0
    22f4:	e7 e2       	ldi	r30, 0x27	; 39
    22f6:	f0 e0       	ldi	r31, 0x00	; 0
    22f8:	80 81       	ld	r24, Z
    22fa:	8c 93       	st	X, r24

	SET_BIT(ADCSRA, ADPS2);
    22fc:	a6 e2       	ldi	r26, 0x26	; 38
    22fe:	b0 e0       	ldi	r27, 0x00	; 0
    2300:	e6 e2       	ldi	r30, 0x26	; 38
    2302:	f0 e0       	ldi	r31, 0x00	; 0
    2304:	80 81       	ld	r24, Z
    2306:	84 60       	ori	r24, 0x04	; 4
    2308:	8c 93       	st	X, r24
	SET_BIT(ADCSRA, ADPS1);
    230a:	a6 e2       	ldi	r26, 0x26	; 38
    230c:	b0 e0       	ldi	r27, 0x00	; 0
    230e:	e6 e2       	ldi	r30, 0x26	; 38
    2310:	f0 e0       	ldi	r31, 0x00	; 0
    2312:	80 81       	ld	r24, Z
    2314:	82 60       	ori	r24, 0x02	; 2
    2316:	8c 93       	st	X, r24
	SET_BIT(ADCSRA, ADPS0);
    2318:	a6 e2       	ldi	r26, 0x26	; 38
    231a:	b0 e0       	ldi	r27, 0x00	; 0
    231c:	e6 e2       	ldi	r30, 0x26	; 38
    231e:	f0 e0       	ldi	r31, 0x00	; 0
    2320:	80 81       	ld	r24, Z
    2322:	81 60       	ori	r24, 0x01	; 1
    2324:	8c 93       	st	X, r24
}
    2326:	cf 91       	pop	r28
    2328:	df 91       	pop	r29
    232a:	08 95       	ret

0000232c <ADC_voidADCEnable>:

void ADC_voidADCEnable(void)
{
    232c:	df 93       	push	r29
    232e:	cf 93       	push	r28
    2330:	cd b7       	in	r28, 0x3d	; 61
    2332:	de b7       	in	r29, 0x3e	; 62
	SET_BIT(ADCSRA, ADEN);
    2334:	a6 e2       	ldi	r26, 0x26	; 38
    2336:	b0 e0       	ldi	r27, 0x00	; 0
    2338:	e6 e2       	ldi	r30, 0x26	; 38
    233a:	f0 e0       	ldi	r31, 0x00	; 0
    233c:	80 81       	ld	r24, Z
    233e:	80 68       	ori	r24, 0x80	; 128
    2340:	8c 93       	st	X, r24
}
    2342:	cf 91       	pop	r28
    2344:	df 91       	pop	r29
    2346:	08 95       	ret

00002348 <ADC_voidADCDisable>:

void ADC_voidADCDisable(void)
{
    2348:	df 93       	push	r29
    234a:	cf 93       	push	r28
    234c:	cd b7       	in	r28, 0x3d	; 61
    234e:	de b7       	in	r29, 0x3e	; 62
	CLR_BIT(ADCSRA, ADEN);
    2350:	a6 e2       	ldi	r26, 0x26	; 38
    2352:	b0 e0       	ldi	r27, 0x00	; 0
    2354:	e6 e2       	ldi	r30, 0x26	; 38
    2356:	f0 e0       	ldi	r31, 0x00	; 0
    2358:	80 81       	ld	r24, Z
    235a:	8f 77       	andi	r24, 0x7F	; 127
    235c:	8c 93       	st	X, r24
}
    235e:	cf 91       	pop	r28
    2360:	df 91       	pop	r29
    2362:	08 95       	ret

00002364 <ADC_u16Read>:

u16 ADC_u16Read(void)
{
    2364:	df 93       	push	r29
    2366:	cf 93       	push	r28
    2368:	cd b7       	in	r28, 0x3d	; 61
    236a:	de b7       	in	r29, 0x3e	; 62
#if REG_ADJ == LEFT_ADJUSTMEN

	return ADCH;
    236c:	e5 e2       	ldi	r30, 0x25	; 37
    236e:	f0 e0       	ldi	r31, 0x00	; 0
    2370:	80 81       	ld	r24, Z
    2372:	88 2f       	mov	r24, r24
    2374:	90 e0       	ldi	r25, 0x00	; 0
#elif REG_ADJ == RIGHT_ADJUSTMEN

	return ADC;

#endif
}
    2376:	cf 91       	pop	r28
    2378:	df 91       	pop	r29
    237a:	08 95       	ret

0000237c <ADC_voidStartConverstion>:

void ADC_voidStartConverstion(void)
{
    237c:	df 93       	push	r29
    237e:	cf 93       	push	r28
    2380:	cd b7       	in	r28, 0x3d	; 61
    2382:	de b7       	in	r29, 0x3e	; 62
	SET_BIT(ADCSRA, ADSC);
    2384:	a6 e2       	ldi	r26, 0x26	; 38
    2386:	b0 e0       	ldi	r27, 0x00	; 0
    2388:	e6 e2       	ldi	r30, 0x26	; 38
    238a:	f0 e0       	ldi	r31, 0x00	; 0
    238c:	80 81       	ld	r24, Z
    238e:	80 64       	ori	r24, 0x40	; 64
    2390:	8c 93       	st	X, r24

	while(GET_BIT(ADCSRA, ADIF) == 0);
    2392:	e6 e2       	ldi	r30, 0x26	; 38
    2394:	f0 e0       	ldi	r31, 0x00	; 0
    2396:	80 81       	ld	r24, Z
    2398:	82 95       	swap	r24
    239a:	8f 70       	andi	r24, 0x0F	; 15
    239c:	88 2f       	mov	r24, r24
    239e:	90 e0       	ldi	r25, 0x00	; 0
    23a0:	81 70       	andi	r24, 0x01	; 1
    23a2:	90 70       	andi	r25, 0x00	; 0
    23a4:	00 97       	sbiw	r24, 0x00	; 0
    23a6:	a9 f3       	breq	.-22     	; 0x2392 <ADC_voidStartConverstion+0x16>

	SET_BIT(ADCSRA, ADIF);
    23a8:	a6 e2       	ldi	r26, 0x26	; 38
    23aa:	b0 e0       	ldi	r27, 0x00	; 0
    23ac:	e6 e2       	ldi	r30, 0x26	; 38
    23ae:	f0 e0       	ldi	r31, 0x00	; 0
    23b0:	80 81       	ld	r24, Z
    23b2:	80 61       	ori	r24, 0x10	; 16
    23b4:	8c 93       	st	X, r24
}
    23b6:	cf 91       	pop	r28
    23b8:	df 91       	pop	r29
    23ba:	08 95       	ret

000023bc <ADC_voidAutoTrigger>:

void ADC_voidAutoTrigger(void)
{
    23bc:	df 93       	push	r29
    23be:	cf 93       	push	r28
    23c0:	cd b7       	in	r28, 0x3d	; 61
    23c2:	de b7       	in	r29, 0x3e	; 62
	SET_BIT(ADCSRA, ADATE);
    23c4:	a6 e2       	ldi	r26, 0x26	; 38
    23c6:	b0 e0       	ldi	r27, 0x00	; 0
    23c8:	e6 e2       	ldi	r30, 0x26	; 38
    23ca:	f0 e0       	ldi	r31, 0x00	; 0
    23cc:	80 81       	ld	r24, Z
    23ce:	80 62       	ori	r24, 0x20	; 32
    23d0:	8c 93       	st	X, r24

	SFIOR &= 0x1F;
    23d2:	a0 e5       	ldi	r26, 0x50	; 80
    23d4:	b0 e0       	ldi	r27, 0x00	; 0
    23d6:	e0 e5       	ldi	r30, 0x50	; 80
    23d8:	f0 e0       	ldi	r31, 0x00	; 0
    23da:	80 81       	ld	r24, Z
    23dc:	8f 71       	andi	r24, 0x1F	; 31
    23de:	8c 93       	st	X, r24
	SFIOR |= (TRIGGER_SELECT << 5);
    23e0:	a0 e5       	ldi	r26, 0x50	; 80
    23e2:	b0 e0       	ldi	r27, 0x00	; 0
    23e4:	e0 e5       	ldi	r30, 0x50	; 80
    23e6:	f0 e0       	ldi	r31, 0x00	; 0
    23e8:	80 81       	ld	r24, Z
    23ea:	8c 93       	st	X, r24
}
    23ec:	cf 91       	pop	r28
    23ee:	df 91       	pop	r29
    23f0:	08 95       	ret

000023f2 <ADC_voidInterruptEnable>:

void ADC_voidInterruptEnable(void)
{
    23f2:	df 93       	push	r29
    23f4:	cf 93       	push	r28
    23f6:	cd b7       	in	r28, 0x3d	; 61
    23f8:	de b7       	in	r29, 0x3e	; 62
	SET_BIT(ADCSRA, ADIE);
    23fa:	a6 e2       	ldi	r26, 0x26	; 38
    23fc:	b0 e0       	ldi	r27, 0x00	; 0
    23fe:	e6 e2       	ldi	r30, 0x26	; 38
    2400:	f0 e0       	ldi	r31, 0x00	; 0
    2402:	80 81       	ld	r24, Z
    2404:	88 60       	ori	r24, 0x08	; 8
    2406:	8c 93       	st	X, r24
}
    2408:	cf 91       	pop	r28
    240a:	df 91       	pop	r29
    240c:	08 95       	ret

0000240e <ADC_voidSetCallBack>:

void ADC_voidSetCallBack(pf FunctionAddress)
{
    240e:	df 93       	push	r29
    2410:	cf 93       	push	r28
    2412:	00 d0       	rcall	.+0      	; 0x2414 <ADC_voidSetCallBack+0x6>
    2414:	cd b7       	in	r28, 0x3d	; 61
    2416:	de b7       	in	r29, 0x3e	; 62
    2418:	9a 83       	std	Y+2, r25	; 0x02
    241a:	89 83       	std	Y+1, r24	; 0x01
	ADC_CallBack = FunctionAddress;
    241c:	89 81       	ldd	r24, Y+1	; 0x01
    241e:	9a 81       	ldd	r25, Y+2	; 0x02
    2420:	90 93 6d 00 	sts	0x006D, r25
    2424:	80 93 6c 00 	sts	0x006C, r24
}
    2428:	0f 90       	pop	r0
    242a:	0f 90       	pop	r0
    242c:	cf 91       	pop	r28
    242e:	df 91       	pop	r29
    2430:	08 95       	ret

00002432 <__vector_20>:

void __vector_20(void) __attribute__((signal, used));

void __vector_20(void)
{
    2432:	1f 92       	push	r1
    2434:	0f 92       	push	r0
    2436:	0f b6       	in	r0, 0x3f	; 63
    2438:	0f 92       	push	r0
    243a:	11 24       	eor	r1, r1
    243c:	2f 93       	push	r18
    243e:	3f 93       	push	r19
    2440:	4f 93       	push	r20
    2442:	5f 93       	push	r21
    2444:	6f 93       	push	r22
    2446:	7f 93       	push	r23
    2448:	8f 93       	push	r24
    244a:	9f 93       	push	r25
    244c:	af 93       	push	r26
    244e:	bf 93       	push	r27
    2450:	ef 93       	push	r30
    2452:	ff 93       	push	r31
    2454:	df 93       	push	r29
    2456:	cf 93       	push	r28
    2458:	cd b7       	in	r28, 0x3d	; 61
    245a:	de b7       	in	r29, 0x3e	; 62
	if(ADC_CallBack != 0)
    245c:	80 91 6c 00 	lds	r24, 0x006C
    2460:	90 91 6d 00 	lds	r25, 0x006D
    2464:	00 97       	sbiw	r24, 0x00	; 0
    2466:	29 f0       	breq	.+10     	; 0x2472 <__vector_20+0x40>
	{
		ADC_CallBack();
    2468:	e0 91 6c 00 	lds	r30, 0x006C
    246c:	f0 91 6d 00 	lds	r31, 0x006D
    2470:	09 95       	icall
	}
}
    2472:	cf 91       	pop	r28
    2474:	df 91       	pop	r29
    2476:	ff 91       	pop	r31
    2478:	ef 91       	pop	r30
    247a:	bf 91       	pop	r27
    247c:	af 91       	pop	r26
    247e:	9f 91       	pop	r25
    2480:	8f 91       	pop	r24
    2482:	7f 91       	pop	r23
    2484:	6f 91       	pop	r22
    2486:	5f 91       	pop	r21
    2488:	4f 91       	pop	r20
    248a:	3f 91       	pop	r19
    248c:	2f 91       	pop	r18
    248e:	0f 90       	pop	r0
    2490:	0f be       	out	0x3f, r0	; 63
    2492:	0f 90       	pop	r0
    2494:	1f 90       	pop	r1
    2496:	18 95       	reti

00002498 <main>:
#include "../MCAL/KEYPAD/KEYPAD_int.h"

#include <util/delay.h>

int main(void)
{
    2498:	df 93       	push	r29
    249a:	cf 93       	push	r28
    249c:	cd b7       	in	r28, 0x3d	; 61
    249e:	de b7       	in	r29, 0x3e	; 62
    24a0:	2f 97       	sbiw	r28, 0x0f	; 15
    24a2:	0f b6       	in	r0, 0x3f	; 63
    24a4:	f8 94       	cli
    24a6:	de bf       	out	0x3e, r29	; 62
    24a8:	0f be       	out	0x3f, r0	; 63
    24aa:	cd bf       	out	0x3d, r28	; 61
	u8 Key;
	DIO_voidInitialization();
    24ac:	0e 94 8f 0d 	call	0x1b1e	; 0x1b1e <DIO_voidInitialization>
	LCD_voidLCDInit();
    24b0:	0e 94 54 07 	call	0xea8	; 0xea8 <LCD_voidLCDInit>
while(1)
{
	Key=KEYPAD_u8GetPressedKey();
    24b4:	0e 94 b9 0b 	call	0x1772	; 0x1772 <KEYPAD_u8GetPressedKey>
    24b8:	8f 87       	std	Y+15, r24	; 0x0f
	if(Key!=0xFF)
    24ba:	8f 85       	ldd	r24, Y+15	; 0x0f
    24bc:	8f 3f       	cpi	r24, 0xFF	; 255
    24be:	d1 f3       	breq	.-12     	; 0x24b4 <main+0x1c>
	{
LCD_voidSendData(Key);
    24c0:	8f 85       	ldd	r24, Y+15	; 0x0f
    24c2:	0e 94 63 0a 	call	0x14c6	; 0x14c6 <LCD_voidSendData>
    24c6:	80 e0       	ldi	r24, 0x00	; 0
    24c8:	90 e0       	ldi	r25, 0x00	; 0
    24ca:	aa e7       	ldi	r26, 0x7A	; 122
    24cc:	b3 e4       	ldi	r27, 0x43	; 67
    24ce:	8b 87       	std	Y+11, r24	; 0x0b
    24d0:	9c 87       	std	Y+12, r25	; 0x0c
    24d2:	ad 87       	std	Y+13, r26	; 0x0d
    24d4:	be 87       	std	Y+14, r27	; 0x0e
 */
void
_delay_ms(double __ms)
{
	uint16_t __ticks;
	double __tmp = ((F_CPU) / 4e3) * __ms;
    24d6:	6b 85       	ldd	r22, Y+11	; 0x0b
    24d8:	7c 85       	ldd	r23, Y+12	; 0x0c
    24da:	8d 85       	ldd	r24, Y+13	; 0x0d
    24dc:	9e 85       	ldd	r25, Y+14	; 0x0e
    24de:	20 e0       	ldi	r18, 0x00	; 0
    24e0:	30 e0       	ldi	r19, 0x00	; 0
    24e2:	4a ef       	ldi	r20, 0xFA	; 250
    24e4:	54 e4       	ldi	r21, 0x44	; 68
    24e6:	0e 94 1f 02 	call	0x43e	; 0x43e <__mulsf3>
    24ea:	dc 01       	movw	r26, r24
    24ec:	cb 01       	movw	r24, r22
    24ee:	8f 83       	std	Y+7, r24	; 0x07
    24f0:	98 87       	std	Y+8, r25	; 0x08
    24f2:	a9 87       	std	Y+9, r26	; 0x09
    24f4:	ba 87       	std	Y+10, r27	; 0x0a
	if (__tmp < 1.0)
    24f6:	6f 81       	ldd	r22, Y+7	; 0x07
    24f8:	78 85       	ldd	r23, Y+8	; 0x08
    24fa:	89 85       	ldd	r24, Y+9	; 0x09
    24fc:	9a 85       	ldd	r25, Y+10	; 0x0a
    24fe:	20 e0       	ldi	r18, 0x00	; 0
    2500:	30 e0       	ldi	r19, 0x00	; 0
    2502:	40 e8       	ldi	r20, 0x80	; 128
    2504:	5f e3       	ldi	r21, 0x3F	; 63
    2506:	0e 94 79 03 	call	0x6f2	; 0x6f2 <__ltsf2>
    250a:	88 23       	and	r24, r24
    250c:	2c f4       	brge	.+10     	; 0x2518 <main+0x80>
		__ticks = 1;
    250e:	81 e0       	ldi	r24, 0x01	; 1
    2510:	90 e0       	ldi	r25, 0x00	; 0
    2512:	9e 83       	std	Y+6, r25	; 0x06
    2514:	8d 83       	std	Y+5, r24	; 0x05
    2516:	3f c0       	rjmp	.+126    	; 0x2596 <main+0xfe>
	else if (__tmp > 65535)
    2518:	6f 81       	ldd	r22, Y+7	; 0x07
    251a:	78 85       	ldd	r23, Y+8	; 0x08
    251c:	89 85       	ldd	r24, Y+9	; 0x09
    251e:	9a 85       	ldd	r25, Y+10	; 0x0a
    2520:	20 e0       	ldi	r18, 0x00	; 0
    2522:	3f ef       	ldi	r19, 0xFF	; 255
    2524:	4f e7       	ldi	r20, 0x7F	; 127
    2526:	57 e4       	ldi	r21, 0x47	; 71
    2528:	0e 94 19 03 	call	0x632	; 0x632 <__gtsf2>
    252c:	18 16       	cp	r1, r24
    252e:	4c f5       	brge	.+82     	; 0x2582 <main+0xea>
	{
		//	__ticks = requested delay in 1/10 ms
		__ticks = (uint16_t) (__ms * 10.0);
    2530:	6b 85       	ldd	r22, Y+11	; 0x0b
    2532:	7c 85       	ldd	r23, Y+12	; 0x0c
    2534:	8d 85       	ldd	r24, Y+13	; 0x0d
    2536:	9e 85       	ldd	r25, Y+14	; 0x0e
    2538:	20 e0       	ldi	r18, 0x00	; 0
    253a:	30 e0       	ldi	r19, 0x00	; 0
    253c:	40 e2       	ldi	r20, 0x20	; 32
    253e:	51 e4       	ldi	r21, 0x41	; 65
    2540:	0e 94 1f 02 	call	0x43e	; 0x43e <__mulsf3>
    2544:	dc 01       	movw	r26, r24
    2546:	cb 01       	movw	r24, r22
    2548:	bc 01       	movw	r22, r24
    254a:	cd 01       	movw	r24, r26
    254c:	0e 94 49 00 	call	0x92	; 0x92 <__fixunssfsi>
    2550:	dc 01       	movw	r26, r24
    2552:	cb 01       	movw	r24, r22
    2554:	9e 83       	std	Y+6, r25	; 0x06
    2556:	8d 83       	std	Y+5, r24	; 0x05
    2558:	0f c0       	rjmp	.+30     	; 0x2578 <main+0xe0>
    255a:	88 ec       	ldi	r24, 0xC8	; 200
    255c:	90 e0       	ldi	r25, 0x00	; 0
    255e:	9c 83       	std	Y+4, r25	; 0x04
    2560:	8b 83       	std	Y+3, r24	; 0x03
    2562:	8b 81       	ldd	r24, Y+3	; 0x03
    2564:	9c 81       	ldd	r25, Y+4	; 0x04
    2566:	01 97       	sbiw	r24, 0x01	; 1
    2568:	f1 f7       	brne	.-4      	; 0x2566 <main+0xce>
    256a:	9c 83       	std	Y+4, r25	; 0x04
    256c:	8b 83       	std	Y+3, r24	; 0x03
		while(__ticks)
		{
			// wait 1/10 ms
			_delay_loop_2(((F_CPU) / 4e3) / 10);
			__ticks --;
    256e:	8d 81       	ldd	r24, Y+5	; 0x05
    2570:	9e 81       	ldd	r25, Y+6	; 0x06
    2572:	01 97       	sbiw	r24, 0x01	; 1
    2574:	9e 83       	std	Y+6, r25	; 0x06
    2576:	8d 83       	std	Y+5, r24	; 0x05
		__ticks = 1;
	else if (__tmp > 65535)
	{
		//	__ticks = requested delay in 1/10 ms
		__ticks = (uint16_t) (__ms * 10.0);
		while(__ticks)
    2578:	8d 81       	ldd	r24, Y+5	; 0x05
    257a:	9e 81       	ldd	r25, Y+6	; 0x06
    257c:	00 97       	sbiw	r24, 0x00	; 0
    257e:	69 f7       	brne	.-38     	; 0x255a <main+0xc2>
    2580:	99 cf       	rjmp	.-206    	; 0x24b4 <main+0x1c>
			__ticks --;
		}
		return;
	}
	else
		__ticks = (uint16_t)__tmp;
    2582:	6f 81       	ldd	r22, Y+7	; 0x07
    2584:	78 85       	ldd	r23, Y+8	; 0x08
    2586:	89 85       	ldd	r24, Y+9	; 0x09
    2588:	9a 85       	ldd	r25, Y+10	; 0x0a
    258a:	0e 94 49 00 	call	0x92	; 0x92 <__fixunssfsi>
    258e:	dc 01       	movw	r26, r24
    2590:	cb 01       	movw	r24, r22
    2592:	9e 83       	std	Y+6, r25	; 0x06
    2594:	8d 83       	std	Y+5, r24	; 0x05
    2596:	8d 81       	ldd	r24, Y+5	; 0x05
    2598:	9e 81       	ldd	r25, Y+6	; 0x06
    259a:	9a 83       	std	Y+2, r25	; 0x02
    259c:	89 83       	std	Y+1, r24	; 0x01
    259e:	89 81       	ldd	r24, Y+1	; 0x01
    25a0:	9a 81       	ldd	r25, Y+2	; 0x02
    25a2:	01 97       	sbiw	r24, 0x01	; 1
    25a4:	f1 f7       	brne	.-4      	; 0x25a2 <main+0x10a>
    25a6:	9a 83       	std	Y+2, r25	; 0x02
    25a8:	89 83       	std	Y+1, r24	; 0x01
    25aa:	84 cf       	rjmp	.-248    	; 0x24b4 <main+0x1c>

000025ac <__udivmodqi4>:
    25ac:	99 1b       	sub	r25, r25
    25ae:	79 e0       	ldi	r23, 0x09	; 9
    25b0:	04 c0       	rjmp	.+8      	; 0x25ba <__udivmodqi4_ep>

000025b2 <__udivmodqi4_loop>:
    25b2:	99 1f       	adc	r25, r25
    25b4:	96 17       	cp	r25, r22
    25b6:	08 f0       	brcs	.+2      	; 0x25ba <__udivmodqi4_ep>
    25b8:	96 1b       	sub	r25, r22

000025ba <__udivmodqi4_ep>:
    25ba:	88 1f       	adc	r24, r24
    25bc:	7a 95       	dec	r23
    25be:	c9 f7       	brne	.-14     	; 0x25b2 <__udivmodqi4_loop>
    25c0:	80 95       	com	r24
    25c2:	08 95       	ret

000025c4 <__prologue_saves__>:
    25c4:	2f 92       	push	r2
    25c6:	3f 92       	push	r3
    25c8:	4f 92       	push	r4
    25ca:	5f 92       	push	r5
    25cc:	6f 92       	push	r6
    25ce:	7f 92       	push	r7
    25d0:	8f 92       	push	r8
    25d2:	9f 92       	push	r9
    25d4:	af 92       	push	r10
    25d6:	bf 92       	push	r11
    25d8:	cf 92       	push	r12
    25da:	df 92       	push	r13
    25dc:	ef 92       	push	r14
    25de:	ff 92       	push	r15
    25e0:	0f 93       	push	r16
    25e2:	1f 93       	push	r17
    25e4:	cf 93       	push	r28
    25e6:	df 93       	push	r29
    25e8:	cd b7       	in	r28, 0x3d	; 61
    25ea:	de b7       	in	r29, 0x3e	; 62
    25ec:	ca 1b       	sub	r28, r26
    25ee:	db 0b       	sbc	r29, r27
    25f0:	0f b6       	in	r0, 0x3f	; 63
    25f2:	f8 94       	cli
    25f4:	de bf       	out	0x3e, r29	; 62
    25f6:	0f be       	out	0x3f, r0	; 63
    25f8:	cd bf       	out	0x3d, r28	; 61
    25fa:	09 94       	ijmp

000025fc <__epilogue_restores__>:
    25fc:	2a 88       	ldd	r2, Y+18	; 0x12
    25fe:	39 88       	ldd	r3, Y+17	; 0x11
    2600:	48 88       	ldd	r4, Y+16	; 0x10
    2602:	5f 84       	ldd	r5, Y+15	; 0x0f
    2604:	6e 84       	ldd	r6, Y+14	; 0x0e
    2606:	7d 84       	ldd	r7, Y+13	; 0x0d
    2608:	8c 84       	ldd	r8, Y+12	; 0x0c
    260a:	9b 84       	ldd	r9, Y+11	; 0x0b
    260c:	aa 84       	ldd	r10, Y+10	; 0x0a
    260e:	b9 84       	ldd	r11, Y+9	; 0x09
    2610:	c8 84       	ldd	r12, Y+8	; 0x08
    2612:	df 80       	ldd	r13, Y+7	; 0x07
    2614:	ee 80       	ldd	r14, Y+6	; 0x06
    2616:	fd 80       	ldd	r15, Y+5	; 0x05
    2618:	0c 81       	ldd	r16, Y+4	; 0x04
    261a:	1b 81       	ldd	r17, Y+3	; 0x03
    261c:	aa 81       	ldd	r26, Y+2	; 0x02
    261e:	b9 81       	ldd	r27, Y+1	; 0x01
    2620:	ce 0f       	add	r28, r30
    2622:	d1 1d       	adc	r29, r1
    2624:	0f b6       	in	r0, 0x3f	; 63
    2626:	f8 94       	cli
    2628:	de bf       	out	0x3e, r29	; 62
    262a:	0f be       	out	0x3f, r0	; 63
    262c:	cd bf       	out	0x3d, r28	; 61
    262e:	ed 01       	movw	r28, r26
    2630:	08 95       	ret

00002632 <_exit>:
    2632:	f8 94       	cli

00002634 <__stop_program>:
    2634:	ff cf       	rjmp	.-2      	; 0x2634 <__stop_program>
