
final_project.elf:     file format elf32-avr

Sections:
Idx Name          Size      VMA       LMA       File off  Algn
  0 .text         00001820  00000000  00000000  00000074  2**1
                  CONTENTS, ALLOC, LOAD, READONLY, CODE
  1 .data         00000008  00800060  00001820  00001894  2**0
                  CONTENTS, ALLOC, LOAD, DATA
  2 .stab         00000f60  00000000  00000000  0000189c  2**2
                  CONTENTS, READONLY, DEBUGGING
  3 .stabstr      000009cf  00000000  00000000  000027fc  2**0
                  CONTENTS, READONLY, DEBUGGING
  4 .debug_aranges 00000140  00000000  00000000  000031cb  2**0
                  CONTENTS, READONLY, DEBUGGING
  5 .debug_pubnames 00000170  00000000  00000000  0000330b  2**0
                  CONTENTS, READONLY, DEBUGGING
  6 .debug_info   00001c49  00000000  00000000  0000347b  2**0
                  CONTENTS, READONLY, DEBUGGING
  7 .debug_abbrev 00000eeb  00000000  00000000  000050c4  2**0
                  CONTENTS, READONLY, DEBUGGING
  8 .debug_line   00000dad  00000000  00000000  00005faf  2**0
                  CONTENTS, READONLY, DEBUGGING
  9 .debug_frame  00000160  00000000  00000000  00006d5c  2**2
                  CONTENTS, READONLY, DEBUGGING
 10 .debug_str    0000028d  00000000  00000000  00006ebc  2**0
                  CONTENTS, READONLY, DEBUGGING
 11 .debug_loc    000007ce  00000000  00000000  00007149  2**0
                  CONTENTS, READONLY, DEBUGGING
 12 .debug_ranges 00000050  00000000  00000000  00007917  2**0
                  CONTENTS, READONLY, DEBUGGING

Disassembly of section .text:

00000000 <__vectors>:
       0:	0c 94 2a 00 	jmp	0x54	; 0x54 <__ctors_end>
       4:	0c 94 3f 00 	jmp	0x7e	; 0x7e <__bad_interrupt>
       8:	0c 94 3f 00 	jmp	0x7e	; 0x7e <__bad_interrupt>
       c:	0c 94 3f 00 	jmp	0x7e	; 0x7e <__bad_interrupt>
      10:	0c 94 3f 00 	jmp	0x7e	; 0x7e <__bad_interrupt>
      14:	0c 94 3f 00 	jmp	0x7e	; 0x7e <__bad_interrupt>
      18:	0c 94 3f 00 	jmp	0x7e	; 0x7e <__bad_interrupt>
      1c:	0c 94 3f 00 	jmp	0x7e	; 0x7e <__bad_interrupt>
      20:	0c 94 3f 00 	jmp	0x7e	; 0x7e <__bad_interrupt>
      24:	0c 94 3f 00 	jmp	0x7e	; 0x7e <__bad_interrupt>
      28:	0c 94 3f 00 	jmp	0x7e	; 0x7e <__bad_interrupt>
      2c:	0c 94 3f 00 	jmp	0x7e	; 0x7e <__bad_interrupt>
      30:	0c 94 3f 00 	jmp	0x7e	; 0x7e <__bad_interrupt>
      34:	0c 94 3f 00 	jmp	0x7e	; 0x7e <__bad_interrupt>
      38:	0c 94 3f 00 	jmp	0x7e	; 0x7e <__bad_interrupt>
      3c:	0c 94 3f 00 	jmp	0x7e	; 0x7e <__bad_interrupt>
      40:	0c 94 3f 00 	jmp	0x7e	; 0x7e <__bad_interrupt>
      44:	0c 94 3f 00 	jmp	0x7e	; 0x7e <__bad_interrupt>
      48:	0c 94 3f 00 	jmp	0x7e	; 0x7e <__bad_interrupt>
      4c:	0c 94 3f 00 	jmp	0x7e	; 0x7e <__bad_interrupt>
      50:	0c 94 3f 00 	jmp	0x7e	; 0x7e <__bad_interrupt>

00000054 <__ctors_end>:
      54:	11 24       	eor	r1, r1
      56:	1f be       	out	0x3f, r1	; 63
      58:	cf e5       	ldi	r28, 0x5F	; 95
      5a:	d8 e0       	ldi	r29, 0x08	; 8
      5c:	de bf       	out	0x3e, r29	; 62
      5e:	cd bf       	out	0x3d, r28	; 61

00000060 <__do_copy_data>:
      60:	10 e0       	ldi	r17, 0x00	; 0
      62:	a0 e6       	ldi	r26, 0x60	; 96
      64:	b0 e0       	ldi	r27, 0x00	; 0
      66:	e0 e2       	ldi	r30, 0x20	; 32
      68:	f8 e1       	ldi	r31, 0x18	; 24
      6a:	02 c0       	rjmp	.+4      	; 0x70 <.do_copy_data_start>

0000006c <.do_copy_data_loop>:
      6c:	05 90       	lpm	r0, Z+
      6e:	0d 92       	st	X+, r0

00000070 <.do_copy_data_start>:
      70:	a8 36       	cpi	r26, 0x68	; 104
      72:	b1 07       	cpc	r27, r17
      74:	d9 f7       	brne	.-10     	; 0x6c <.do_copy_data_loop>
      76:	0e 94 9d 0a 	call	0x153a	; 0x153a <main>
      7a:	0c 94 0e 0c 	jmp	0x181c	; 0x181c <_exit>

0000007e <__bad_interrupt>:
      7e:	0c 94 00 00 	jmp	0	; 0x0 <__vectors>

00000082 <__fixunssfsi>:
      82:	ef 92       	push	r14
      84:	ff 92       	push	r15
      86:	0f 93       	push	r16
      88:	1f 93       	push	r17
      8a:	7b 01       	movw	r14, r22
      8c:	8c 01       	movw	r16, r24
      8e:	20 e0       	ldi	r18, 0x00	; 0
      90:	30 e0       	ldi	r19, 0x00	; 0
      92:	40 e0       	ldi	r20, 0x00	; 0
      94:	5f e4       	ldi	r21, 0x4F	; 79
      96:	0e 94 41 03 	call	0x682	; 0x682 <__gesf2>
      9a:	88 23       	and	r24, r24
      9c:	8c f0       	brlt	.+34     	; 0xc0 <__fixunssfsi+0x3e>
      9e:	c8 01       	movw	r24, r16
      a0:	b7 01       	movw	r22, r14
      a2:	20 e0       	ldi	r18, 0x00	; 0
      a4:	30 e0       	ldi	r19, 0x00	; 0
      a6:	40 e0       	ldi	r20, 0x00	; 0
      a8:	5f e4       	ldi	r21, 0x4F	; 79
      aa:	0e 94 b9 01 	call	0x372	; 0x372 <__subsf3>
      ae:	0e 94 a1 03 	call	0x742	; 0x742 <__fixsfsi>
      b2:	9b 01       	movw	r18, r22
      b4:	ac 01       	movw	r20, r24
      b6:	20 50       	subi	r18, 0x00	; 0
      b8:	30 40       	sbci	r19, 0x00	; 0
      ba:	40 40       	sbci	r20, 0x00	; 0
      bc:	50 48       	sbci	r21, 0x80	; 128
      be:	06 c0       	rjmp	.+12     	; 0xcc <__fixunssfsi+0x4a>
      c0:	c8 01       	movw	r24, r16
      c2:	b7 01       	movw	r22, r14
      c4:	0e 94 a1 03 	call	0x742	; 0x742 <__fixsfsi>
      c8:	9b 01       	movw	r18, r22
      ca:	ac 01       	movw	r20, r24
      cc:	b9 01       	movw	r22, r18
      ce:	ca 01       	movw	r24, r20
      d0:	1f 91       	pop	r17
      d2:	0f 91       	pop	r16
      d4:	ff 90       	pop	r15
      d6:	ef 90       	pop	r14
      d8:	08 95       	ret

000000da <_fpadd_parts>:
      da:	a0 e0       	ldi	r26, 0x00	; 0
      dc:	b0 e0       	ldi	r27, 0x00	; 0
      de:	e3 e7       	ldi	r30, 0x73	; 115
      e0:	f0 e0       	ldi	r31, 0x00	; 0
      e2:	0c 94 d7 0b 	jmp	0x17ae	; 0x17ae <__prologue_saves__>
      e6:	dc 01       	movw	r26, r24
      e8:	2b 01       	movw	r4, r22
      ea:	fa 01       	movw	r30, r20
      ec:	9c 91       	ld	r25, X
      ee:	92 30       	cpi	r25, 0x02	; 2
      f0:	08 f4       	brcc	.+2      	; 0xf4 <_fpadd_parts+0x1a>
      f2:	39 c1       	rjmp	.+626    	; 0x366 <_fpadd_parts+0x28c>
      f4:	eb 01       	movw	r28, r22
      f6:	88 81       	ld	r24, Y
      f8:	82 30       	cpi	r24, 0x02	; 2
      fa:	08 f4       	brcc	.+2      	; 0xfe <_fpadd_parts+0x24>
      fc:	33 c1       	rjmp	.+614    	; 0x364 <_fpadd_parts+0x28a>
      fe:	94 30       	cpi	r25, 0x04	; 4
     100:	69 f4       	brne	.+26     	; 0x11c <_fpadd_parts+0x42>
     102:	84 30       	cpi	r24, 0x04	; 4
     104:	09 f0       	breq	.+2      	; 0x108 <_fpadd_parts+0x2e>
     106:	2f c1       	rjmp	.+606    	; 0x366 <_fpadd_parts+0x28c>
     108:	11 96       	adiw	r26, 0x01	; 1
     10a:	9c 91       	ld	r25, X
     10c:	11 97       	sbiw	r26, 0x01	; 1
     10e:	89 81       	ldd	r24, Y+1	; 0x01
     110:	98 17       	cp	r25, r24
     112:	09 f4       	brne	.+2      	; 0x116 <_fpadd_parts+0x3c>
     114:	28 c1       	rjmp	.+592    	; 0x366 <_fpadd_parts+0x28c>
     116:	a0 e6       	ldi	r26, 0x60	; 96
     118:	b0 e0       	ldi	r27, 0x00	; 0
     11a:	25 c1       	rjmp	.+586    	; 0x366 <_fpadd_parts+0x28c>
     11c:	84 30       	cpi	r24, 0x04	; 4
     11e:	09 f4       	brne	.+2      	; 0x122 <_fpadd_parts+0x48>
     120:	21 c1       	rjmp	.+578    	; 0x364 <_fpadd_parts+0x28a>
     122:	82 30       	cpi	r24, 0x02	; 2
     124:	a9 f4       	brne	.+42     	; 0x150 <_fpadd_parts+0x76>
     126:	92 30       	cpi	r25, 0x02	; 2
     128:	09 f0       	breq	.+2      	; 0x12c <_fpadd_parts+0x52>
     12a:	1d c1       	rjmp	.+570    	; 0x366 <_fpadd_parts+0x28c>
     12c:	9a 01       	movw	r18, r20
     12e:	ad 01       	movw	r20, r26
     130:	88 e0       	ldi	r24, 0x08	; 8
     132:	ea 01       	movw	r28, r20
     134:	09 90       	ld	r0, Y+
     136:	ae 01       	movw	r20, r28
     138:	e9 01       	movw	r28, r18
     13a:	09 92       	st	Y+, r0
     13c:	9e 01       	movw	r18, r28
     13e:	81 50       	subi	r24, 0x01	; 1
     140:	c1 f7       	brne	.-16     	; 0x132 <_fpadd_parts+0x58>
     142:	e2 01       	movw	r28, r4
     144:	89 81       	ldd	r24, Y+1	; 0x01
     146:	11 96       	adiw	r26, 0x01	; 1
     148:	9c 91       	ld	r25, X
     14a:	89 23       	and	r24, r25
     14c:	81 83       	std	Z+1, r24	; 0x01
     14e:	08 c1       	rjmp	.+528    	; 0x360 <_fpadd_parts+0x286>
     150:	92 30       	cpi	r25, 0x02	; 2
     152:	09 f4       	brne	.+2      	; 0x156 <_fpadd_parts+0x7c>
     154:	07 c1       	rjmp	.+526    	; 0x364 <_fpadd_parts+0x28a>
     156:	12 96       	adiw	r26, 0x02	; 2
     158:	2d 90       	ld	r2, X+
     15a:	3c 90       	ld	r3, X
     15c:	13 97       	sbiw	r26, 0x03	; 3
     15e:	eb 01       	movw	r28, r22
     160:	8a 81       	ldd	r24, Y+2	; 0x02
     162:	9b 81       	ldd	r25, Y+3	; 0x03
     164:	14 96       	adiw	r26, 0x04	; 4
     166:	ad 90       	ld	r10, X+
     168:	bd 90       	ld	r11, X+
     16a:	cd 90       	ld	r12, X+
     16c:	dc 90       	ld	r13, X
     16e:	17 97       	sbiw	r26, 0x07	; 7
     170:	ec 80       	ldd	r14, Y+4	; 0x04
     172:	fd 80       	ldd	r15, Y+5	; 0x05
     174:	0e 81       	ldd	r16, Y+6	; 0x06
     176:	1f 81       	ldd	r17, Y+7	; 0x07
     178:	91 01       	movw	r18, r2
     17a:	28 1b       	sub	r18, r24
     17c:	39 0b       	sbc	r19, r25
     17e:	b9 01       	movw	r22, r18
     180:	37 ff       	sbrs	r19, 7
     182:	04 c0       	rjmp	.+8      	; 0x18c <_fpadd_parts+0xb2>
     184:	66 27       	eor	r22, r22
     186:	77 27       	eor	r23, r23
     188:	62 1b       	sub	r22, r18
     18a:	73 0b       	sbc	r23, r19
     18c:	60 32       	cpi	r22, 0x20	; 32
     18e:	71 05       	cpc	r23, r1
     190:	0c f0       	brlt	.+2      	; 0x194 <_fpadd_parts+0xba>
     192:	61 c0       	rjmp	.+194    	; 0x256 <_fpadd_parts+0x17c>
     194:	12 16       	cp	r1, r18
     196:	13 06       	cpc	r1, r19
     198:	6c f5       	brge	.+90     	; 0x1f4 <_fpadd_parts+0x11a>
     19a:	37 01       	movw	r6, r14
     19c:	48 01       	movw	r8, r16
     19e:	06 2e       	mov	r0, r22
     1a0:	04 c0       	rjmp	.+8      	; 0x1aa <_fpadd_parts+0xd0>
     1a2:	96 94       	lsr	r9
     1a4:	87 94       	ror	r8
     1a6:	77 94       	ror	r7
     1a8:	67 94       	ror	r6
     1aa:	0a 94       	dec	r0
     1ac:	d2 f7       	brpl	.-12     	; 0x1a2 <_fpadd_parts+0xc8>
     1ae:	21 e0       	ldi	r18, 0x01	; 1
     1b0:	30 e0       	ldi	r19, 0x00	; 0
     1b2:	40 e0       	ldi	r20, 0x00	; 0
     1b4:	50 e0       	ldi	r21, 0x00	; 0
     1b6:	04 c0       	rjmp	.+8      	; 0x1c0 <_fpadd_parts+0xe6>
     1b8:	22 0f       	add	r18, r18
     1ba:	33 1f       	adc	r19, r19
     1bc:	44 1f       	adc	r20, r20
     1be:	55 1f       	adc	r21, r21
     1c0:	6a 95       	dec	r22
     1c2:	d2 f7       	brpl	.-12     	; 0x1b8 <_fpadd_parts+0xde>
     1c4:	21 50       	subi	r18, 0x01	; 1
     1c6:	30 40       	sbci	r19, 0x00	; 0
     1c8:	40 40       	sbci	r20, 0x00	; 0
     1ca:	50 40       	sbci	r21, 0x00	; 0
     1cc:	2e 21       	and	r18, r14
     1ce:	3f 21       	and	r19, r15
     1d0:	40 23       	and	r20, r16
     1d2:	51 23       	and	r21, r17
     1d4:	21 15       	cp	r18, r1
     1d6:	31 05       	cpc	r19, r1
     1d8:	41 05       	cpc	r20, r1
     1da:	51 05       	cpc	r21, r1
     1dc:	21 f0       	breq	.+8      	; 0x1e6 <_fpadd_parts+0x10c>
     1de:	21 e0       	ldi	r18, 0x01	; 1
     1e0:	30 e0       	ldi	r19, 0x00	; 0
     1e2:	40 e0       	ldi	r20, 0x00	; 0
     1e4:	50 e0       	ldi	r21, 0x00	; 0
     1e6:	79 01       	movw	r14, r18
     1e8:	8a 01       	movw	r16, r20
     1ea:	e6 28       	or	r14, r6
     1ec:	f7 28       	or	r15, r7
     1ee:	08 29       	or	r16, r8
     1f0:	19 29       	or	r17, r9
     1f2:	3c c0       	rjmp	.+120    	; 0x26c <_fpadd_parts+0x192>
     1f4:	23 2b       	or	r18, r19
     1f6:	d1 f1       	breq	.+116    	; 0x26c <_fpadd_parts+0x192>
     1f8:	26 0e       	add	r2, r22
     1fa:	37 1e       	adc	r3, r23
     1fc:	35 01       	movw	r6, r10
     1fe:	46 01       	movw	r8, r12
     200:	06 2e       	mov	r0, r22
     202:	04 c0       	rjmp	.+8      	; 0x20c <_fpadd_parts+0x132>
     204:	96 94       	lsr	r9
     206:	87 94       	ror	r8
     208:	77 94       	ror	r7
     20a:	67 94       	ror	r6
     20c:	0a 94       	dec	r0
     20e:	d2 f7       	brpl	.-12     	; 0x204 <_fpadd_parts+0x12a>
     210:	21 e0       	ldi	r18, 0x01	; 1
     212:	30 e0       	ldi	r19, 0x00	; 0
     214:	40 e0       	ldi	r20, 0x00	; 0
     216:	50 e0       	ldi	r21, 0x00	; 0
     218:	04 c0       	rjmp	.+8      	; 0x222 <_fpadd_parts+0x148>
     21a:	22 0f       	add	r18, r18
     21c:	33 1f       	adc	r19, r19
     21e:	44 1f       	adc	r20, r20
     220:	55 1f       	adc	r21, r21
     222:	6a 95       	dec	r22
     224:	d2 f7       	brpl	.-12     	; 0x21a <_fpadd_parts+0x140>
     226:	21 50       	subi	r18, 0x01	; 1
     228:	30 40       	sbci	r19, 0x00	; 0
     22a:	40 40       	sbci	r20, 0x00	; 0
     22c:	50 40       	sbci	r21, 0x00	; 0
     22e:	2a 21       	and	r18, r10
     230:	3b 21       	and	r19, r11
     232:	4c 21       	and	r20, r12
     234:	5d 21       	and	r21, r13
     236:	21 15       	cp	r18, r1
     238:	31 05       	cpc	r19, r1
     23a:	41 05       	cpc	r20, r1
     23c:	51 05       	cpc	r21, r1
     23e:	21 f0       	breq	.+8      	; 0x248 <_fpadd_parts+0x16e>
     240:	21 e0       	ldi	r18, 0x01	; 1
     242:	30 e0       	ldi	r19, 0x00	; 0
     244:	40 e0       	ldi	r20, 0x00	; 0
     246:	50 e0       	ldi	r21, 0x00	; 0
     248:	59 01       	movw	r10, r18
     24a:	6a 01       	movw	r12, r20
     24c:	a6 28       	or	r10, r6
     24e:	b7 28       	or	r11, r7
     250:	c8 28       	or	r12, r8
     252:	d9 28       	or	r13, r9
     254:	0b c0       	rjmp	.+22     	; 0x26c <_fpadd_parts+0x192>
     256:	82 15       	cp	r24, r2
     258:	93 05       	cpc	r25, r3
     25a:	2c f0       	brlt	.+10     	; 0x266 <_fpadd_parts+0x18c>
     25c:	1c 01       	movw	r2, r24
     25e:	aa 24       	eor	r10, r10
     260:	bb 24       	eor	r11, r11
     262:	65 01       	movw	r12, r10
     264:	03 c0       	rjmp	.+6      	; 0x26c <_fpadd_parts+0x192>
     266:	ee 24       	eor	r14, r14
     268:	ff 24       	eor	r15, r15
     26a:	87 01       	movw	r16, r14
     26c:	11 96       	adiw	r26, 0x01	; 1
     26e:	9c 91       	ld	r25, X
     270:	d2 01       	movw	r26, r4
     272:	11 96       	adiw	r26, 0x01	; 1
     274:	8c 91       	ld	r24, X
     276:	98 17       	cp	r25, r24
     278:	09 f4       	brne	.+2      	; 0x27c <_fpadd_parts+0x1a2>
     27a:	45 c0       	rjmp	.+138    	; 0x306 <_fpadd_parts+0x22c>
     27c:	99 23       	and	r25, r25
     27e:	39 f0       	breq	.+14     	; 0x28e <_fpadd_parts+0x1b4>
     280:	a8 01       	movw	r20, r16
     282:	97 01       	movw	r18, r14
     284:	2a 19       	sub	r18, r10
     286:	3b 09       	sbc	r19, r11
     288:	4c 09       	sbc	r20, r12
     28a:	5d 09       	sbc	r21, r13
     28c:	06 c0       	rjmp	.+12     	; 0x29a <_fpadd_parts+0x1c0>
     28e:	a6 01       	movw	r20, r12
     290:	95 01       	movw	r18, r10
     292:	2e 19       	sub	r18, r14
     294:	3f 09       	sbc	r19, r15
     296:	40 0b       	sbc	r20, r16
     298:	51 0b       	sbc	r21, r17
     29a:	57 fd       	sbrc	r21, 7
     29c:	08 c0       	rjmp	.+16     	; 0x2ae <_fpadd_parts+0x1d4>
     29e:	11 82       	std	Z+1, r1	; 0x01
     2a0:	33 82       	std	Z+3, r3	; 0x03
     2a2:	22 82       	std	Z+2, r2	; 0x02
     2a4:	24 83       	std	Z+4, r18	; 0x04
     2a6:	35 83       	std	Z+5, r19	; 0x05
     2a8:	46 83       	std	Z+6, r20	; 0x06
     2aa:	57 83       	std	Z+7, r21	; 0x07
     2ac:	1d c0       	rjmp	.+58     	; 0x2e8 <_fpadd_parts+0x20e>
     2ae:	81 e0       	ldi	r24, 0x01	; 1
     2b0:	81 83       	std	Z+1, r24	; 0x01
     2b2:	33 82       	std	Z+3, r3	; 0x03
     2b4:	22 82       	std	Z+2, r2	; 0x02
     2b6:	88 27       	eor	r24, r24
     2b8:	99 27       	eor	r25, r25
     2ba:	dc 01       	movw	r26, r24
     2bc:	82 1b       	sub	r24, r18
     2be:	93 0b       	sbc	r25, r19
     2c0:	a4 0b       	sbc	r26, r20
     2c2:	b5 0b       	sbc	r27, r21
     2c4:	84 83       	std	Z+4, r24	; 0x04
     2c6:	95 83       	std	Z+5, r25	; 0x05
     2c8:	a6 83       	std	Z+6, r26	; 0x06
     2ca:	b7 83       	std	Z+7, r27	; 0x07
     2cc:	0d c0       	rjmp	.+26     	; 0x2e8 <_fpadd_parts+0x20e>
     2ce:	22 0f       	add	r18, r18
     2d0:	33 1f       	adc	r19, r19
     2d2:	44 1f       	adc	r20, r20
     2d4:	55 1f       	adc	r21, r21
     2d6:	24 83       	std	Z+4, r18	; 0x04
     2d8:	35 83       	std	Z+5, r19	; 0x05
     2da:	46 83       	std	Z+6, r20	; 0x06
     2dc:	57 83       	std	Z+7, r21	; 0x07
     2de:	82 81       	ldd	r24, Z+2	; 0x02
     2e0:	93 81       	ldd	r25, Z+3	; 0x03
     2e2:	01 97       	sbiw	r24, 0x01	; 1
     2e4:	93 83       	std	Z+3, r25	; 0x03
     2e6:	82 83       	std	Z+2, r24	; 0x02
     2e8:	24 81       	ldd	r18, Z+4	; 0x04
     2ea:	35 81       	ldd	r19, Z+5	; 0x05
     2ec:	46 81       	ldd	r20, Z+6	; 0x06
     2ee:	57 81       	ldd	r21, Z+7	; 0x07
     2f0:	da 01       	movw	r26, r20
     2f2:	c9 01       	movw	r24, r18
     2f4:	01 97       	sbiw	r24, 0x01	; 1
     2f6:	a1 09       	sbc	r26, r1
     2f8:	b1 09       	sbc	r27, r1
     2fa:	8f 5f       	subi	r24, 0xFF	; 255
     2fc:	9f 4f       	sbci	r25, 0xFF	; 255
     2fe:	af 4f       	sbci	r26, 0xFF	; 255
     300:	bf 43       	sbci	r27, 0x3F	; 63
     302:	28 f3       	brcs	.-54     	; 0x2ce <_fpadd_parts+0x1f4>
     304:	0b c0       	rjmp	.+22     	; 0x31c <_fpadd_parts+0x242>
     306:	91 83       	std	Z+1, r25	; 0x01
     308:	33 82       	std	Z+3, r3	; 0x03
     30a:	22 82       	std	Z+2, r2	; 0x02
     30c:	ea 0c       	add	r14, r10
     30e:	fb 1c       	adc	r15, r11
     310:	0c 1d       	adc	r16, r12
     312:	1d 1d       	adc	r17, r13
     314:	e4 82       	std	Z+4, r14	; 0x04
     316:	f5 82       	std	Z+5, r15	; 0x05
     318:	06 83       	std	Z+6, r16	; 0x06
     31a:	17 83       	std	Z+7, r17	; 0x07
     31c:	83 e0       	ldi	r24, 0x03	; 3
     31e:	80 83       	st	Z, r24
     320:	24 81       	ldd	r18, Z+4	; 0x04
     322:	35 81       	ldd	r19, Z+5	; 0x05
     324:	46 81       	ldd	r20, Z+6	; 0x06
     326:	57 81       	ldd	r21, Z+7	; 0x07
     328:	57 ff       	sbrs	r21, 7
     32a:	1a c0       	rjmp	.+52     	; 0x360 <_fpadd_parts+0x286>
     32c:	c9 01       	movw	r24, r18
     32e:	aa 27       	eor	r26, r26
     330:	97 fd       	sbrc	r25, 7
     332:	a0 95       	com	r26
     334:	ba 2f       	mov	r27, r26
     336:	81 70       	andi	r24, 0x01	; 1
     338:	90 70       	andi	r25, 0x00	; 0
     33a:	a0 70       	andi	r26, 0x00	; 0
     33c:	b0 70       	andi	r27, 0x00	; 0
     33e:	56 95       	lsr	r21
     340:	47 95       	ror	r20
     342:	37 95       	ror	r19
     344:	27 95       	ror	r18
     346:	82 2b       	or	r24, r18
     348:	93 2b       	or	r25, r19
     34a:	a4 2b       	or	r26, r20
     34c:	b5 2b       	or	r27, r21
     34e:	84 83       	std	Z+4, r24	; 0x04
     350:	95 83       	std	Z+5, r25	; 0x05
     352:	a6 83       	std	Z+6, r26	; 0x06
     354:	b7 83       	std	Z+7, r27	; 0x07
     356:	82 81       	ldd	r24, Z+2	; 0x02
     358:	93 81       	ldd	r25, Z+3	; 0x03
     35a:	01 96       	adiw	r24, 0x01	; 1
     35c:	93 83       	std	Z+3, r25	; 0x03
     35e:	82 83       	std	Z+2, r24	; 0x02
     360:	df 01       	movw	r26, r30
     362:	01 c0       	rjmp	.+2      	; 0x366 <_fpadd_parts+0x28c>
     364:	d2 01       	movw	r26, r4
     366:	cd 01       	movw	r24, r26
     368:	cd b7       	in	r28, 0x3d	; 61
     36a:	de b7       	in	r29, 0x3e	; 62
     36c:	e2 e1       	ldi	r30, 0x12	; 18
     36e:	0c 94 f3 0b 	jmp	0x17e6	; 0x17e6 <__epilogue_restores__>

00000372 <__subsf3>:
     372:	a0 e2       	ldi	r26, 0x20	; 32
     374:	b0 e0       	ldi	r27, 0x00	; 0
     376:	ef eb       	ldi	r30, 0xBF	; 191
     378:	f1 e0       	ldi	r31, 0x01	; 1
     37a:	0c 94 e3 0b 	jmp	0x17c6	; 0x17c6 <__prologue_saves__+0x18>
     37e:	69 83       	std	Y+1, r22	; 0x01
     380:	7a 83       	std	Y+2, r23	; 0x02
     382:	8b 83       	std	Y+3, r24	; 0x03
     384:	9c 83       	std	Y+4, r25	; 0x04
     386:	2d 83       	std	Y+5, r18	; 0x05
     388:	3e 83       	std	Y+6, r19	; 0x06
     38a:	4f 83       	std	Y+7, r20	; 0x07
     38c:	58 87       	std	Y+8, r21	; 0x08
     38e:	e9 e0       	ldi	r30, 0x09	; 9
     390:	ee 2e       	mov	r14, r30
     392:	f1 2c       	mov	r15, r1
     394:	ec 0e       	add	r14, r28
     396:	fd 1e       	adc	r15, r29
     398:	ce 01       	movw	r24, r28
     39a:	01 96       	adiw	r24, 0x01	; 1
     39c:	b7 01       	movw	r22, r14
     39e:	0e 94 ca 04 	call	0x994	; 0x994 <__unpack_f>
     3a2:	8e 01       	movw	r16, r28
     3a4:	0f 5e       	subi	r16, 0xEF	; 239
     3a6:	1f 4f       	sbci	r17, 0xFF	; 255
     3a8:	ce 01       	movw	r24, r28
     3aa:	05 96       	adiw	r24, 0x05	; 5
     3ac:	b8 01       	movw	r22, r16
     3ae:	0e 94 ca 04 	call	0x994	; 0x994 <__unpack_f>
     3b2:	8a 89       	ldd	r24, Y+18	; 0x12
     3b4:	91 e0       	ldi	r25, 0x01	; 1
     3b6:	89 27       	eor	r24, r25
     3b8:	8a 8b       	std	Y+18, r24	; 0x12
     3ba:	c7 01       	movw	r24, r14
     3bc:	b8 01       	movw	r22, r16
     3be:	ae 01       	movw	r20, r28
     3c0:	47 5e       	subi	r20, 0xE7	; 231
     3c2:	5f 4f       	sbci	r21, 0xFF	; 255
     3c4:	0e 94 6d 00 	call	0xda	; 0xda <_fpadd_parts>
     3c8:	0e 94 f5 03 	call	0x7ea	; 0x7ea <__pack_f>
     3cc:	a0 96       	adiw	r28, 0x20	; 32
     3ce:	e6 e0       	ldi	r30, 0x06	; 6
     3d0:	0c 94 ff 0b 	jmp	0x17fe	; 0x17fe <__epilogue_restores__+0x18>

000003d4 <__addsf3>:
     3d4:	a0 e2       	ldi	r26, 0x20	; 32
     3d6:	b0 e0       	ldi	r27, 0x00	; 0
     3d8:	e0 ef       	ldi	r30, 0xF0	; 240
     3da:	f1 e0       	ldi	r31, 0x01	; 1
     3dc:	0c 94 e3 0b 	jmp	0x17c6	; 0x17c6 <__prologue_saves__+0x18>
     3e0:	69 83       	std	Y+1, r22	; 0x01
     3e2:	7a 83       	std	Y+2, r23	; 0x02
     3e4:	8b 83       	std	Y+3, r24	; 0x03
     3e6:	9c 83       	std	Y+4, r25	; 0x04
     3e8:	2d 83       	std	Y+5, r18	; 0x05
     3ea:	3e 83       	std	Y+6, r19	; 0x06
     3ec:	4f 83       	std	Y+7, r20	; 0x07
     3ee:	58 87       	std	Y+8, r21	; 0x08
     3f0:	f9 e0       	ldi	r31, 0x09	; 9
     3f2:	ef 2e       	mov	r14, r31
     3f4:	f1 2c       	mov	r15, r1
     3f6:	ec 0e       	add	r14, r28
     3f8:	fd 1e       	adc	r15, r29
     3fa:	ce 01       	movw	r24, r28
     3fc:	01 96       	adiw	r24, 0x01	; 1
     3fe:	b7 01       	movw	r22, r14
     400:	0e 94 ca 04 	call	0x994	; 0x994 <__unpack_f>
     404:	8e 01       	movw	r16, r28
     406:	0f 5e       	subi	r16, 0xEF	; 239
     408:	1f 4f       	sbci	r17, 0xFF	; 255
     40a:	ce 01       	movw	r24, r28
     40c:	05 96       	adiw	r24, 0x05	; 5
     40e:	b8 01       	movw	r22, r16
     410:	0e 94 ca 04 	call	0x994	; 0x994 <__unpack_f>
     414:	c7 01       	movw	r24, r14
     416:	b8 01       	movw	r22, r16
     418:	ae 01       	movw	r20, r28
     41a:	47 5e       	subi	r20, 0xE7	; 231
     41c:	5f 4f       	sbci	r21, 0xFF	; 255
     41e:	0e 94 6d 00 	call	0xda	; 0xda <_fpadd_parts>
     422:	0e 94 f5 03 	call	0x7ea	; 0x7ea <__pack_f>
     426:	a0 96       	adiw	r28, 0x20	; 32
     428:	e6 e0       	ldi	r30, 0x06	; 6
     42a:	0c 94 ff 0b 	jmp	0x17fe	; 0x17fe <__epilogue_restores__+0x18>

0000042e <__mulsf3>:
     42e:	a0 e2       	ldi	r26, 0x20	; 32
     430:	b0 e0       	ldi	r27, 0x00	; 0
     432:	ed e1       	ldi	r30, 0x1D	; 29
     434:	f2 e0       	ldi	r31, 0x02	; 2
     436:	0c 94 d7 0b 	jmp	0x17ae	; 0x17ae <__prologue_saves__>
     43a:	69 83       	std	Y+1, r22	; 0x01
     43c:	7a 83       	std	Y+2, r23	; 0x02
     43e:	8b 83       	std	Y+3, r24	; 0x03
     440:	9c 83       	std	Y+4, r25	; 0x04
     442:	2d 83       	std	Y+5, r18	; 0x05
     444:	3e 83       	std	Y+6, r19	; 0x06
     446:	4f 83       	std	Y+7, r20	; 0x07
     448:	58 87       	std	Y+8, r21	; 0x08
     44a:	ce 01       	movw	r24, r28
     44c:	01 96       	adiw	r24, 0x01	; 1
     44e:	be 01       	movw	r22, r28
     450:	67 5f       	subi	r22, 0xF7	; 247
     452:	7f 4f       	sbci	r23, 0xFF	; 255
     454:	0e 94 ca 04 	call	0x994	; 0x994 <__unpack_f>
     458:	ce 01       	movw	r24, r28
     45a:	05 96       	adiw	r24, 0x05	; 5
     45c:	be 01       	movw	r22, r28
     45e:	6f 5e       	subi	r22, 0xEF	; 239
     460:	7f 4f       	sbci	r23, 0xFF	; 255
     462:	0e 94 ca 04 	call	0x994	; 0x994 <__unpack_f>
     466:	99 85       	ldd	r25, Y+9	; 0x09
     468:	92 30       	cpi	r25, 0x02	; 2
     46a:	88 f0       	brcs	.+34     	; 0x48e <__mulsf3+0x60>
     46c:	89 89       	ldd	r24, Y+17	; 0x11
     46e:	82 30       	cpi	r24, 0x02	; 2
     470:	c8 f0       	brcs	.+50     	; 0x4a4 <__mulsf3+0x76>
     472:	94 30       	cpi	r25, 0x04	; 4
     474:	19 f4       	brne	.+6      	; 0x47c <__mulsf3+0x4e>
     476:	82 30       	cpi	r24, 0x02	; 2
     478:	51 f4       	brne	.+20     	; 0x48e <__mulsf3+0x60>
     47a:	04 c0       	rjmp	.+8      	; 0x484 <__mulsf3+0x56>
     47c:	84 30       	cpi	r24, 0x04	; 4
     47e:	29 f4       	brne	.+10     	; 0x48a <__mulsf3+0x5c>
     480:	92 30       	cpi	r25, 0x02	; 2
     482:	81 f4       	brne	.+32     	; 0x4a4 <__mulsf3+0x76>
     484:	80 e6       	ldi	r24, 0x60	; 96
     486:	90 e0       	ldi	r25, 0x00	; 0
     488:	c6 c0       	rjmp	.+396    	; 0x616 <__mulsf3+0x1e8>
     48a:	92 30       	cpi	r25, 0x02	; 2
     48c:	49 f4       	brne	.+18     	; 0x4a0 <__mulsf3+0x72>
     48e:	20 e0       	ldi	r18, 0x00	; 0
     490:	9a 85       	ldd	r25, Y+10	; 0x0a
     492:	8a 89       	ldd	r24, Y+18	; 0x12
     494:	98 13       	cpse	r25, r24
     496:	21 e0       	ldi	r18, 0x01	; 1
     498:	2a 87       	std	Y+10, r18	; 0x0a
     49a:	ce 01       	movw	r24, r28
     49c:	09 96       	adiw	r24, 0x09	; 9
     49e:	bb c0       	rjmp	.+374    	; 0x616 <__mulsf3+0x1e8>
     4a0:	82 30       	cpi	r24, 0x02	; 2
     4a2:	49 f4       	brne	.+18     	; 0x4b6 <__mulsf3+0x88>
     4a4:	20 e0       	ldi	r18, 0x00	; 0
     4a6:	9a 85       	ldd	r25, Y+10	; 0x0a
     4a8:	8a 89       	ldd	r24, Y+18	; 0x12
     4aa:	98 13       	cpse	r25, r24
     4ac:	21 e0       	ldi	r18, 0x01	; 1
     4ae:	2a 8b       	std	Y+18, r18	; 0x12
     4b0:	ce 01       	movw	r24, r28
     4b2:	41 96       	adiw	r24, 0x11	; 17
     4b4:	b0 c0       	rjmp	.+352    	; 0x616 <__mulsf3+0x1e8>
     4b6:	2d 84       	ldd	r2, Y+13	; 0x0d
     4b8:	3e 84       	ldd	r3, Y+14	; 0x0e
     4ba:	4f 84       	ldd	r4, Y+15	; 0x0f
     4bc:	58 88       	ldd	r5, Y+16	; 0x10
     4be:	6d 88       	ldd	r6, Y+21	; 0x15
     4c0:	7e 88       	ldd	r7, Y+22	; 0x16
     4c2:	8f 88       	ldd	r8, Y+23	; 0x17
     4c4:	98 8c       	ldd	r9, Y+24	; 0x18
     4c6:	ee 24       	eor	r14, r14
     4c8:	ff 24       	eor	r15, r15
     4ca:	87 01       	movw	r16, r14
     4cc:	aa 24       	eor	r10, r10
     4ce:	bb 24       	eor	r11, r11
     4d0:	65 01       	movw	r12, r10
     4d2:	40 e0       	ldi	r20, 0x00	; 0
     4d4:	50 e0       	ldi	r21, 0x00	; 0
     4d6:	60 e0       	ldi	r22, 0x00	; 0
     4d8:	70 e0       	ldi	r23, 0x00	; 0
     4da:	e0 e0       	ldi	r30, 0x00	; 0
     4dc:	f0 e0       	ldi	r31, 0x00	; 0
     4de:	c1 01       	movw	r24, r2
     4e0:	81 70       	andi	r24, 0x01	; 1
     4e2:	90 70       	andi	r25, 0x00	; 0
     4e4:	89 2b       	or	r24, r25
     4e6:	e9 f0       	breq	.+58     	; 0x522 <__mulsf3+0xf4>
     4e8:	e6 0c       	add	r14, r6
     4ea:	f7 1c       	adc	r15, r7
     4ec:	08 1d       	adc	r16, r8
     4ee:	19 1d       	adc	r17, r9
     4f0:	9a 01       	movw	r18, r20
     4f2:	ab 01       	movw	r20, r22
     4f4:	2a 0d       	add	r18, r10
     4f6:	3b 1d       	adc	r19, r11
     4f8:	4c 1d       	adc	r20, r12
     4fa:	5d 1d       	adc	r21, r13
     4fc:	80 e0       	ldi	r24, 0x00	; 0
     4fe:	90 e0       	ldi	r25, 0x00	; 0
     500:	a0 e0       	ldi	r26, 0x00	; 0
     502:	b0 e0       	ldi	r27, 0x00	; 0
     504:	e6 14       	cp	r14, r6
     506:	f7 04       	cpc	r15, r7
     508:	08 05       	cpc	r16, r8
     50a:	19 05       	cpc	r17, r9
     50c:	20 f4       	brcc	.+8      	; 0x516 <__mulsf3+0xe8>
     50e:	81 e0       	ldi	r24, 0x01	; 1
     510:	90 e0       	ldi	r25, 0x00	; 0
     512:	a0 e0       	ldi	r26, 0x00	; 0
     514:	b0 e0       	ldi	r27, 0x00	; 0
     516:	ba 01       	movw	r22, r20
     518:	a9 01       	movw	r20, r18
     51a:	48 0f       	add	r20, r24
     51c:	59 1f       	adc	r21, r25
     51e:	6a 1f       	adc	r22, r26
     520:	7b 1f       	adc	r23, r27
     522:	aa 0c       	add	r10, r10
     524:	bb 1c       	adc	r11, r11
     526:	cc 1c       	adc	r12, r12
     528:	dd 1c       	adc	r13, r13
     52a:	97 fe       	sbrs	r9, 7
     52c:	08 c0       	rjmp	.+16     	; 0x53e <__mulsf3+0x110>
     52e:	81 e0       	ldi	r24, 0x01	; 1
     530:	90 e0       	ldi	r25, 0x00	; 0
     532:	a0 e0       	ldi	r26, 0x00	; 0
     534:	b0 e0       	ldi	r27, 0x00	; 0
     536:	a8 2a       	or	r10, r24
     538:	b9 2a       	or	r11, r25
     53a:	ca 2a       	or	r12, r26
     53c:	db 2a       	or	r13, r27
     53e:	31 96       	adiw	r30, 0x01	; 1
     540:	e0 32       	cpi	r30, 0x20	; 32
     542:	f1 05       	cpc	r31, r1
     544:	49 f0       	breq	.+18     	; 0x558 <__mulsf3+0x12a>
     546:	66 0c       	add	r6, r6
     548:	77 1c       	adc	r7, r7
     54a:	88 1c       	adc	r8, r8
     54c:	99 1c       	adc	r9, r9
     54e:	56 94       	lsr	r5
     550:	47 94       	ror	r4
     552:	37 94       	ror	r3
     554:	27 94       	ror	r2
     556:	c3 cf       	rjmp	.-122    	; 0x4de <__mulsf3+0xb0>
     558:	fa 85       	ldd	r31, Y+10	; 0x0a
     55a:	ea 89       	ldd	r30, Y+18	; 0x12
     55c:	2b 89       	ldd	r18, Y+19	; 0x13
     55e:	3c 89       	ldd	r19, Y+20	; 0x14
     560:	8b 85       	ldd	r24, Y+11	; 0x0b
     562:	9c 85       	ldd	r25, Y+12	; 0x0c
     564:	28 0f       	add	r18, r24
     566:	39 1f       	adc	r19, r25
     568:	2e 5f       	subi	r18, 0xFE	; 254
     56a:	3f 4f       	sbci	r19, 0xFF	; 255
     56c:	17 c0       	rjmp	.+46     	; 0x59c <__mulsf3+0x16e>
     56e:	ca 01       	movw	r24, r20
     570:	81 70       	andi	r24, 0x01	; 1
     572:	90 70       	andi	r25, 0x00	; 0
     574:	89 2b       	or	r24, r25
     576:	61 f0       	breq	.+24     	; 0x590 <__mulsf3+0x162>
     578:	16 95       	lsr	r17
     57a:	07 95       	ror	r16
     57c:	f7 94       	ror	r15
     57e:	e7 94       	ror	r14
     580:	80 e0       	ldi	r24, 0x00	; 0
     582:	90 e0       	ldi	r25, 0x00	; 0
     584:	a0 e0       	ldi	r26, 0x00	; 0
     586:	b0 e8       	ldi	r27, 0x80	; 128
     588:	e8 2a       	or	r14, r24
     58a:	f9 2a       	or	r15, r25
     58c:	0a 2b       	or	r16, r26
     58e:	1b 2b       	or	r17, r27
     590:	76 95       	lsr	r23
     592:	67 95       	ror	r22
     594:	57 95       	ror	r21
     596:	47 95       	ror	r20
     598:	2f 5f       	subi	r18, 0xFF	; 255
     59a:	3f 4f       	sbci	r19, 0xFF	; 255
     59c:	77 fd       	sbrc	r23, 7
     59e:	e7 cf       	rjmp	.-50     	; 0x56e <__mulsf3+0x140>
     5a0:	0c c0       	rjmp	.+24     	; 0x5ba <__mulsf3+0x18c>
     5a2:	44 0f       	add	r20, r20
     5a4:	55 1f       	adc	r21, r21
     5a6:	66 1f       	adc	r22, r22
     5a8:	77 1f       	adc	r23, r23
     5aa:	17 fd       	sbrc	r17, 7
     5ac:	41 60       	ori	r20, 0x01	; 1
     5ae:	ee 0c       	add	r14, r14
     5b0:	ff 1c       	adc	r15, r15
     5b2:	00 1f       	adc	r16, r16
     5b4:	11 1f       	adc	r17, r17
     5b6:	21 50       	subi	r18, 0x01	; 1
     5b8:	30 40       	sbci	r19, 0x00	; 0
     5ba:	40 30       	cpi	r20, 0x00	; 0
     5bc:	90 e0       	ldi	r25, 0x00	; 0
     5be:	59 07       	cpc	r21, r25
     5c0:	90 e0       	ldi	r25, 0x00	; 0
     5c2:	69 07       	cpc	r22, r25
     5c4:	90 e4       	ldi	r25, 0x40	; 64
     5c6:	79 07       	cpc	r23, r25
     5c8:	60 f3       	brcs	.-40     	; 0x5a2 <__mulsf3+0x174>
     5ca:	2b 8f       	std	Y+27, r18	; 0x1b
     5cc:	3c 8f       	std	Y+28, r19	; 0x1c
     5ce:	db 01       	movw	r26, r22
     5d0:	ca 01       	movw	r24, r20
     5d2:	8f 77       	andi	r24, 0x7F	; 127
     5d4:	90 70       	andi	r25, 0x00	; 0
     5d6:	a0 70       	andi	r26, 0x00	; 0
     5d8:	b0 70       	andi	r27, 0x00	; 0
     5da:	80 34       	cpi	r24, 0x40	; 64
     5dc:	91 05       	cpc	r25, r1
     5de:	a1 05       	cpc	r26, r1
     5e0:	b1 05       	cpc	r27, r1
     5e2:	61 f4       	brne	.+24     	; 0x5fc <__mulsf3+0x1ce>
     5e4:	47 fd       	sbrc	r20, 7
     5e6:	0a c0       	rjmp	.+20     	; 0x5fc <__mulsf3+0x1ce>
     5e8:	e1 14       	cp	r14, r1
     5ea:	f1 04       	cpc	r15, r1
     5ec:	01 05       	cpc	r16, r1
     5ee:	11 05       	cpc	r17, r1
     5f0:	29 f0       	breq	.+10     	; 0x5fc <__mulsf3+0x1ce>
     5f2:	40 5c       	subi	r20, 0xC0	; 192
     5f4:	5f 4f       	sbci	r21, 0xFF	; 255
     5f6:	6f 4f       	sbci	r22, 0xFF	; 255
     5f8:	7f 4f       	sbci	r23, 0xFF	; 255
     5fa:	40 78       	andi	r20, 0x80	; 128
     5fc:	1a 8e       	std	Y+26, r1	; 0x1a
     5fe:	fe 17       	cp	r31, r30
     600:	11 f0       	breq	.+4      	; 0x606 <__mulsf3+0x1d8>
     602:	81 e0       	ldi	r24, 0x01	; 1
     604:	8a 8f       	std	Y+26, r24	; 0x1a
     606:	4d 8f       	std	Y+29, r20	; 0x1d
     608:	5e 8f       	std	Y+30, r21	; 0x1e
     60a:	6f 8f       	std	Y+31, r22	; 0x1f
     60c:	78 a3       	std	Y+32, r23	; 0x20
     60e:	83 e0       	ldi	r24, 0x03	; 3
     610:	89 8f       	std	Y+25, r24	; 0x19
     612:	ce 01       	movw	r24, r28
     614:	49 96       	adiw	r24, 0x19	; 25
     616:	0e 94 f5 03 	call	0x7ea	; 0x7ea <__pack_f>
     61a:	a0 96       	adiw	r28, 0x20	; 32
     61c:	e2 e1       	ldi	r30, 0x12	; 18
     61e:	0c 94 f3 0b 	jmp	0x17e6	; 0x17e6 <__epilogue_restores__>

00000622 <__gtsf2>:
     622:	a8 e1       	ldi	r26, 0x18	; 24
     624:	b0 e0       	ldi	r27, 0x00	; 0
     626:	e7 e1       	ldi	r30, 0x17	; 23
     628:	f3 e0       	ldi	r31, 0x03	; 3
     62a:	0c 94 e3 0b 	jmp	0x17c6	; 0x17c6 <__prologue_saves__+0x18>
     62e:	69 83       	std	Y+1, r22	; 0x01
     630:	7a 83       	std	Y+2, r23	; 0x02
     632:	8b 83       	std	Y+3, r24	; 0x03
     634:	9c 83       	std	Y+4, r25	; 0x04
     636:	2d 83       	std	Y+5, r18	; 0x05
     638:	3e 83       	std	Y+6, r19	; 0x06
     63a:	4f 83       	std	Y+7, r20	; 0x07
     63c:	58 87       	std	Y+8, r21	; 0x08
     63e:	89 e0       	ldi	r24, 0x09	; 9
     640:	e8 2e       	mov	r14, r24
     642:	f1 2c       	mov	r15, r1
     644:	ec 0e       	add	r14, r28
     646:	fd 1e       	adc	r15, r29
     648:	ce 01       	movw	r24, r28
     64a:	01 96       	adiw	r24, 0x01	; 1
     64c:	b7 01       	movw	r22, r14
     64e:	0e 94 ca 04 	call	0x994	; 0x994 <__unpack_f>
     652:	8e 01       	movw	r16, r28
     654:	0f 5e       	subi	r16, 0xEF	; 239
     656:	1f 4f       	sbci	r17, 0xFF	; 255
     658:	ce 01       	movw	r24, r28
     65a:	05 96       	adiw	r24, 0x05	; 5
     65c:	b8 01       	movw	r22, r16
     65e:	0e 94 ca 04 	call	0x994	; 0x994 <__unpack_f>
     662:	89 85       	ldd	r24, Y+9	; 0x09
     664:	82 30       	cpi	r24, 0x02	; 2
     666:	40 f0       	brcs	.+16     	; 0x678 <__gtsf2+0x56>
     668:	89 89       	ldd	r24, Y+17	; 0x11
     66a:	82 30       	cpi	r24, 0x02	; 2
     66c:	28 f0       	brcs	.+10     	; 0x678 <__gtsf2+0x56>
     66e:	c7 01       	movw	r24, r14
     670:	b8 01       	movw	r22, r16
     672:	0e 94 42 05 	call	0xa84	; 0xa84 <__fpcmp_parts_f>
     676:	01 c0       	rjmp	.+2      	; 0x67a <__gtsf2+0x58>
     678:	8f ef       	ldi	r24, 0xFF	; 255
     67a:	68 96       	adiw	r28, 0x18	; 24
     67c:	e6 e0       	ldi	r30, 0x06	; 6
     67e:	0c 94 ff 0b 	jmp	0x17fe	; 0x17fe <__epilogue_restores__+0x18>

00000682 <__gesf2>:
     682:	a8 e1       	ldi	r26, 0x18	; 24
     684:	b0 e0       	ldi	r27, 0x00	; 0
     686:	e7 e4       	ldi	r30, 0x47	; 71
     688:	f3 e0       	ldi	r31, 0x03	; 3
     68a:	0c 94 e3 0b 	jmp	0x17c6	; 0x17c6 <__prologue_saves__+0x18>
     68e:	69 83       	std	Y+1, r22	; 0x01
     690:	7a 83       	std	Y+2, r23	; 0x02
     692:	8b 83       	std	Y+3, r24	; 0x03
     694:	9c 83       	std	Y+4, r25	; 0x04
     696:	2d 83       	std	Y+5, r18	; 0x05
     698:	3e 83       	std	Y+6, r19	; 0x06
     69a:	4f 83       	std	Y+7, r20	; 0x07
     69c:	58 87       	std	Y+8, r21	; 0x08
     69e:	89 e0       	ldi	r24, 0x09	; 9
     6a0:	e8 2e       	mov	r14, r24
     6a2:	f1 2c       	mov	r15, r1
     6a4:	ec 0e       	add	r14, r28
     6a6:	fd 1e       	adc	r15, r29
     6a8:	ce 01       	movw	r24, r28
     6aa:	01 96       	adiw	r24, 0x01	; 1
     6ac:	b7 01       	movw	r22, r14
     6ae:	0e 94 ca 04 	call	0x994	; 0x994 <__unpack_f>
     6b2:	8e 01       	movw	r16, r28
     6b4:	0f 5e       	subi	r16, 0xEF	; 239
     6b6:	1f 4f       	sbci	r17, 0xFF	; 255
     6b8:	ce 01       	movw	r24, r28
     6ba:	05 96       	adiw	r24, 0x05	; 5
     6bc:	b8 01       	movw	r22, r16
     6be:	0e 94 ca 04 	call	0x994	; 0x994 <__unpack_f>
     6c2:	89 85       	ldd	r24, Y+9	; 0x09
     6c4:	82 30       	cpi	r24, 0x02	; 2
     6c6:	40 f0       	brcs	.+16     	; 0x6d8 <__gesf2+0x56>
     6c8:	89 89       	ldd	r24, Y+17	; 0x11
     6ca:	82 30       	cpi	r24, 0x02	; 2
     6cc:	28 f0       	brcs	.+10     	; 0x6d8 <__gesf2+0x56>
     6ce:	c7 01       	movw	r24, r14
     6d0:	b8 01       	movw	r22, r16
     6d2:	0e 94 42 05 	call	0xa84	; 0xa84 <__fpcmp_parts_f>
     6d6:	01 c0       	rjmp	.+2      	; 0x6da <__gesf2+0x58>
     6d8:	8f ef       	ldi	r24, 0xFF	; 255
     6da:	68 96       	adiw	r28, 0x18	; 24
     6dc:	e6 e0       	ldi	r30, 0x06	; 6
     6de:	0c 94 ff 0b 	jmp	0x17fe	; 0x17fe <__epilogue_restores__+0x18>

000006e2 <__ltsf2>:
     6e2:	a8 e1       	ldi	r26, 0x18	; 24
     6e4:	b0 e0       	ldi	r27, 0x00	; 0
     6e6:	e7 e7       	ldi	r30, 0x77	; 119
     6e8:	f3 e0       	ldi	r31, 0x03	; 3
     6ea:	0c 94 e3 0b 	jmp	0x17c6	; 0x17c6 <__prologue_saves__+0x18>
     6ee:	69 83       	std	Y+1, r22	; 0x01
     6f0:	7a 83       	std	Y+2, r23	; 0x02
     6f2:	8b 83       	std	Y+3, r24	; 0x03
     6f4:	9c 83       	std	Y+4, r25	; 0x04
     6f6:	2d 83       	std	Y+5, r18	; 0x05
     6f8:	3e 83       	std	Y+6, r19	; 0x06
     6fa:	4f 83       	std	Y+7, r20	; 0x07
     6fc:	58 87       	std	Y+8, r21	; 0x08
     6fe:	89 e0       	ldi	r24, 0x09	; 9
     700:	e8 2e       	mov	r14, r24
     702:	f1 2c       	mov	r15, r1
     704:	ec 0e       	add	r14, r28
     706:	fd 1e       	adc	r15, r29
     708:	ce 01       	movw	r24, r28
     70a:	01 96       	adiw	r24, 0x01	; 1
     70c:	b7 01       	movw	r22, r14
     70e:	0e 94 ca 04 	call	0x994	; 0x994 <__unpack_f>
     712:	8e 01       	movw	r16, r28
     714:	0f 5e       	subi	r16, 0xEF	; 239
     716:	1f 4f       	sbci	r17, 0xFF	; 255
     718:	ce 01       	movw	r24, r28
     71a:	05 96       	adiw	r24, 0x05	; 5
     71c:	b8 01       	movw	r22, r16
     71e:	0e 94 ca 04 	call	0x994	; 0x994 <__unpack_f>
     722:	89 85       	ldd	r24, Y+9	; 0x09
     724:	82 30       	cpi	r24, 0x02	; 2
     726:	40 f0       	brcs	.+16     	; 0x738 <__ltsf2+0x56>
     728:	89 89       	ldd	r24, Y+17	; 0x11
     72a:	82 30       	cpi	r24, 0x02	; 2
     72c:	28 f0       	brcs	.+10     	; 0x738 <__ltsf2+0x56>
     72e:	c7 01       	movw	r24, r14
     730:	b8 01       	movw	r22, r16
     732:	0e 94 42 05 	call	0xa84	; 0xa84 <__fpcmp_parts_f>
     736:	01 c0       	rjmp	.+2      	; 0x73a <__ltsf2+0x58>
     738:	81 e0       	ldi	r24, 0x01	; 1
     73a:	68 96       	adiw	r28, 0x18	; 24
     73c:	e6 e0       	ldi	r30, 0x06	; 6
     73e:	0c 94 ff 0b 	jmp	0x17fe	; 0x17fe <__epilogue_restores__+0x18>

00000742 <__fixsfsi>:
     742:	ac e0       	ldi	r26, 0x0C	; 12
     744:	b0 e0       	ldi	r27, 0x00	; 0
     746:	e7 ea       	ldi	r30, 0xA7	; 167
     748:	f3 e0       	ldi	r31, 0x03	; 3
     74a:	0c 94 e7 0b 	jmp	0x17ce	; 0x17ce <__prologue_saves__+0x20>
     74e:	69 83       	std	Y+1, r22	; 0x01
     750:	7a 83       	std	Y+2, r23	; 0x02
     752:	8b 83       	std	Y+3, r24	; 0x03
     754:	9c 83       	std	Y+4, r25	; 0x04
     756:	ce 01       	movw	r24, r28
     758:	01 96       	adiw	r24, 0x01	; 1
     75a:	be 01       	movw	r22, r28
     75c:	6b 5f       	subi	r22, 0xFB	; 251
     75e:	7f 4f       	sbci	r23, 0xFF	; 255
     760:	0e 94 ca 04 	call	0x994	; 0x994 <__unpack_f>
     764:	8d 81       	ldd	r24, Y+5	; 0x05
     766:	82 30       	cpi	r24, 0x02	; 2
     768:	61 f1       	breq	.+88     	; 0x7c2 <__fixsfsi+0x80>
     76a:	82 30       	cpi	r24, 0x02	; 2
     76c:	50 f1       	brcs	.+84     	; 0x7c2 <__fixsfsi+0x80>
     76e:	84 30       	cpi	r24, 0x04	; 4
     770:	21 f4       	brne	.+8      	; 0x77a <__fixsfsi+0x38>
     772:	8e 81       	ldd	r24, Y+6	; 0x06
     774:	88 23       	and	r24, r24
     776:	51 f1       	breq	.+84     	; 0x7cc <__fixsfsi+0x8a>
     778:	2e c0       	rjmp	.+92     	; 0x7d6 <__fixsfsi+0x94>
     77a:	2f 81       	ldd	r18, Y+7	; 0x07
     77c:	38 85       	ldd	r19, Y+8	; 0x08
     77e:	37 fd       	sbrc	r19, 7
     780:	20 c0       	rjmp	.+64     	; 0x7c2 <__fixsfsi+0x80>
     782:	6e 81       	ldd	r22, Y+6	; 0x06
     784:	2f 31       	cpi	r18, 0x1F	; 31
     786:	31 05       	cpc	r19, r1
     788:	1c f0       	brlt	.+6      	; 0x790 <__fixsfsi+0x4e>
     78a:	66 23       	and	r22, r22
     78c:	f9 f0       	breq	.+62     	; 0x7cc <__fixsfsi+0x8a>
     78e:	23 c0       	rjmp	.+70     	; 0x7d6 <__fixsfsi+0x94>
     790:	8e e1       	ldi	r24, 0x1E	; 30
     792:	90 e0       	ldi	r25, 0x00	; 0
     794:	82 1b       	sub	r24, r18
     796:	93 0b       	sbc	r25, r19
     798:	29 85       	ldd	r18, Y+9	; 0x09
     79a:	3a 85       	ldd	r19, Y+10	; 0x0a
     79c:	4b 85       	ldd	r20, Y+11	; 0x0b
     79e:	5c 85       	ldd	r21, Y+12	; 0x0c
     7a0:	04 c0       	rjmp	.+8      	; 0x7aa <__fixsfsi+0x68>
     7a2:	56 95       	lsr	r21
     7a4:	47 95       	ror	r20
     7a6:	37 95       	ror	r19
     7a8:	27 95       	ror	r18
     7aa:	8a 95       	dec	r24
     7ac:	d2 f7       	brpl	.-12     	; 0x7a2 <__fixsfsi+0x60>
     7ae:	66 23       	and	r22, r22
     7b0:	b1 f0       	breq	.+44     	; 0x7de <__fixsfsi+0x9c>
     7b2:	50 95       	com	r21
     7b4:	40 95       	com	r20
     7b6:	30 95       	com	r19
     7b8:	21 95       	neg	r18
     7ba:	3f 4f       	sbci	r19, 0xFF	; 255
     7bc:	4f 4f       	sbci	r20, 0xFF	; 255
     7be:	5f 4f       	sbci	r21, 0xFF	; 255
     7c0:	0e c0       	rjmp	.+28     	; 0x7de <__fixsfsi+0x9c>
     7c2:	20 e0       	ldi	r18, 0x00	; 0
     7c4:	30 e0       	ldi	r19, 0x00	; 0
     7c6:	40 e0       	ldi	r20, 0x00	; 0
     7c8:	50 e0       	ldi	r21, 0x00	; 0
     7ca:	09 c0       	rjmp	.+18     	; 0x7de <__fixsfsi+0x9c>
     7cc:	2f ef       	ldi	r18, 0xFF	; 255
     7ce:	3f ef       	ldi	r19, 0xFF	; 255
     7d0:	4f ef       	ldi	r20, 0xFF	; 255
     7d2:	5f e7       	ldi	r21, 0x7F	; 127
     7d4:	04 c0       	rjmp	.+8      	; 0x7de <__fixsfsi+0x9c>
     7d6:	20 e0       	ldi	r18, 0x00	; 0
     7d8:	30 e0       	ldi	r19, 0x00	; 0
     7da:	40 e0       	ldi	r20, 0x00	; 0
     7dc:	50 e8       	ldi	r21, 0x80	; 128
     7de:	b9 01       	movw	r22, r18
     7e0:	ca 01       	movw	r24, r20
     7e2:	2c 96       	adiw	r28, 0x0c	; 12
     7e4:	e2 e0       	ldi	r30, 0x02	; 2
     7e6:	0c 94 03 0c 	jmp	0x1806	; 0x1806 <__epilogue_restores__+0x20>

000007ea <__pack_f>:
     7ea:	df 92       	push	r13
     7ec:	ef 92       	push	r14
     7ee:	ff 92       	push	r15
     7f0:	0f 93       	push	r16
     7f2:	1f 93       	push	r17
     7f4:	fc 01       	movw	r30, r24
     7f6:	e4 80       	ldd	r14, Z+4	; 0x04
     7f8:	f5 80       	ldd	r15, Z+5	; 0x05
     7fa:	06 81       	ldd	r16, Z+6	; 0x06
     7fc:	17 81       	ldd	r17, Z+7	; 0x07
     7fe:	d1 80       	ldd	r13, Z+1	; 0x01
     800:	80 81       	ld	r24, Z
     802:	82 30       	cpi	r24, 0x02	; 2
     804:	48 f4       	brcc	.+18     	; 0x818 <__pack_f+0x2e>
     806:	80 e0       	ldi	r24, 0x00	; 0
     808:	90 e0       	ldi	r25, 0x00	; 0
     80a:	a0 e1       	ldi	r26, 0x10	; 16
     80c:	b0 e0       	ldi	r27, 0x00	; 0
     80e:	e8 2a       	or	r14, r24
     810:	f9 2a       	or	r15, r25
     812:	0a 2b       	or	r16, r26
     814:	1b 2b       	or	r17, r27
     816:	a5 c0       	rjmp	.+330    	; 0x962 <__stack+0x103>
     818:	84 30       	cpi	r24, 0x04	; 4
     81a:	09 f4       	brne	.+2      	; 0x81e <__pack_f+0x34>
     81c:	9f c0       	rjmp	.+318    	; 0x95c <__stack+0xfd>
     81e:	82 30       	cpi	r24, 0x02	; 2
     820:	21 f4       	brne	.+8      	; 0x82a <__pack_f+0x40>
     822:	ee 24       	eor	r14, r14
     824:	ff 24       	eor	r15, r15
     826:	87 01       	movw	r16, r14
     828:	05 c0       	rjmp	.+10     	; 0x834 <__pack_f+0x4a>
     82a:	e1 14       	cp	r14, r1
     82c:	f1 04       	cpc	r15, r1
     82e:	01 05       	cpc	r16, r1
     830:	11 05       	cpc	r17, r1
     832:	19 f4       	brne	.+6      	; 0x83a <__pack_f+0x50>
     834:	e0 e0       	ldi	r30, 0x00	; 0
     836:	f0 e0       	ldi	r31, 0x00	; 0
     838:	96 c0       	rjmp	.+300    	; 0x966 <__stack+0x107>
     83a:	62 81       	ldd	r22, Z+2	; 0x02
     83c:	73 81       	ldd	r23, Z+3	; 0x03
     83e:	9f ef       	ldi	r25, 0xFF	; 255
     840:	62 38       	cpi	r22, 0x82	; 130
     842:	79 07       	cpc	r23, r25
     844:	0c f0       	brlt	.+2      	; 0x848 <__pack_f+0x5e>
     846:	5b c0       	rjmp	.+182    	; 0x8fe <__stack+0x9f>
     848:	22 e8       	ldi	r18, 0x82	; 130
     84a:	3f ef       	ldi	r19, 0xFF	; 255
     84c:	26 1b       	sub	r18, r22
     84e:	37 0b       	sbc	r19, r23
     850:	2a 31       	cpi	r18, 0x1A	; 26
     852:	31 05       	cpc	r19, r1
     854:	2c f0       	brlt	.+10     	; 0x860 <__stack+0x1>
     856:	20 e0       	ldi	r18, 0x00	; 0
     858:	30 e0       	ldi	r19, 0x00	; 0
     85a:	40 e0       	ldi	r20, 0x00	; 0
     85c:	50 e0       	ldi	r21, 0x00	; 0
     85e:	2a c0       	rjmp	.+84     	; 0x8b4 <__stack+0x55>
     860:	b8 01       	movw	r22, r16
     862:	a7 01       	movw	r20, r14
     864:	02 2e       	mov	r0, r18
     866:	04 c0       	rjmp	.+8      	; 0x870 <__stack+0x11>
     868:	76 95       	lsr	r23
     86a:	67 95       	ror	r22
     86c:	57 95       	ror	r21
     86e:	47 95       	ror	r20
     870:	0a 94       	dec	r0
     872:	d2 f7       	brpl	.-12     	; 0x868 <__stack+0x9>
     874:	81 e0       	ldi	r24, 0x01	; 1
     876:	90 e0       	ldi	r25, 0x00	; 0
     878:	a0 e0       	ldi	r26, 0x00	; 0
     87a:	b0 e0       	ldi	r27, 0x00	; 0
     87c:	04 c0       	rjmp	.+8      	; 0x886 <__stack+0x27>
     87e:	88 0f       	add	r24, r24
     880:	99 1f       	adc	r25, r25
     882:	aa 1f       	adc	r26, r26
     884:	bb 1f       	adc	r27, r27
     886:	2a 95       	dec	r18
     888:	d2 f7       	brpl	.-12     	; 0x87e <__stack+0x1f>
     88a:	01 97       	sbiw	r24, 0x01	; 1
     88c:	a1 09       	sbc	r26, r1
     88e:	b1 09       	sbc	r27, r1
     890:	8e 21       	and	r24, r14
     892:	9f 21       	and	r25, r15
     894:	a0 23       	and	r26, r16
     896:	b1 23       	and	r27, r17
     898:	00 97       	sbiw	r24, 0x00	; 0
     89a:	a1 05       	cpc	r26, r1
     89c:	b1 05       	cpc	r27, r1
     89e:	21 f0       	breq	.+8      	; 0x8a8 <__stack+0x49>
     8a0:	81 e0       	ldi	r24, 0x01	; 1
     8a2:	90 e0       	ldi	r25, 0x00	; 0
     8a4:	a0 e0       	ldi	r26, 0x00	; 0
     8a6:	b0 e0       	ldi	r27, 0x00	; 0
     8a8:	9a 01       	movw	r18, r20
     8aa:	ab 01       	movw	r20, r22
     8ac:	28 2b       	or	r18, r24
     8ae:	39 2b       	or	r19, r25
     8b0:	4a 2b       	or	r20, r26
     8b2:	5b 2b       	or	r21, r27
     8b4:	da 01       	movw	r26, r20
     8b6:	c9 01       	movw	r24, r18
     8b8:	8f 77       	andi	r24, 0x7F	; 127
     8ba:	90 70       	andi	r25, 0x00	; 0
     8bc:	a0 70       	andi	r26, 0x00	; 0
     8be:	b0 70       	andi	r27, 0x00	; 0
     8c0:	80 34       	cpi	r24, 0x40	; 64
     8c2:	91 05       	cpc	r25, r1
     8c4:	a1 05       	cpc	r26, r1
     8c6:	b1 05       	cpc	r27, r1
     8c8:	39 f4       	brne	.+14     	; 0x8d8 <__stack+0x79>
     8ca:	27 ff       	sbrs	r18, 7
     8cc:	09 c0       	rjmp	.+18     	; 0x8e0 <__stack+0x81>
     8ce:	20 5c       	subi	r18, 0xC0	; 192
     8d0:	3f 4f       	sbci	r19, 0xFF	; 255
     8d2:	4f 4f       	sbci	r20, 0xFF	; 255
     8d4:	5f 4f       	sbci	r21, 0xFF	; 255
     8d6:	04 c0       	rjmp	.+8      	; 0x8e0 <__stack+0x81>
     8d8:	21 5c       	subi	r18, 0xC1	; 193
     8da:	3f 4f       	sbci	r19, 0xFF	; 255
     8dc:	4f 4f       	sbci	r20, 0xFF	; 255
     8de:	5f 4f       	sbci	r21, 0xFF	; 255
     8e0:	e0 e0       	ldi	r30, 0x00	; 0
     8e2:	f0 e0       	ldi	r31, 0x00	; 0
     8e4:	20 30       	cpi	r18, 0x00	; 0
     8e6:	a0 e0       	ldi	r26, 0x00	; 0
     8e8:	3a 07       	cpc	r19, r26
     8ea:	a0 e0       	ldi	r26, 0x00	; 0
     8ec:	4a 07       	cpc	r20, r26
     8ee:	a0 e4       	ldi	r26, 0x40	; 64
     8f0:	5a 07       	cpc	r21, r26
     8f2:	10 f0       	brcs	.+4      	; 0x8f8 <__stack+0x99>
     8f4:	e1 e0       	ldi	r30, 0x01	; 1
     8f6:	f0 e0       	ldi	r31, 0x00	; 0
     8f8:	79 01       	movw	r14, r18
     8fa:	8a 01       	movw	r16, r20
     8fc:	27 c0       	rjmp	.+78     	; 0x94c <__stack+0xed>
     8fe:	60 38       	cpi	r22, 0x80	; 128
     900:	71 05       	cpc	r23, r1
     902:	64 f5       	brge	.+88     	; 0x95c <__stack+0xfd>
     904:	fb 01       	movw	r30, r22
     906:	e1 58       	subi	r30, 0x81	; 129
     908:	ff 4f       	sbci	r31, 0xFF	; 255
     90a:	d8 01       	movw	r26, r16
     90c:	c7 01       	movw	r24, r14
     90e:	8f 77       	andi	r24, 0x7F	; 127
     910:	90 70       	andi	r25, 0x00	; 0
     912:	a0 70       	andi	r26, 0x00	; 0
     914:	b0 70       	andi	r27, 0x00	; 0
     916:	80 34       	cpi	r24, 0x40	; 64
     918:	91 05       	cpc	r25, r1
     91a:	a1 05       	cpc	r26, r1
     91c:	b1 05       	cpc	r27, r1
     91e:	39 f4       	brne	.+14     	; 0x92e <__stack+0xcf>
     920:	e7 fe       	sbrs	r14, 7
     922:	0d c0       	rjmp	.+26     	; 0x93e <__stack+0xdf>
     924:	80 e4       	ldi	r24, 0x40	; 64
     926:	90 e0       	ldi	r25, 0x00	; 0
     928:	a0 e0       	ldi	r26, 0x00	; 0
     92a:	b0 e0       	ldi	r27, 0x00	; 0
     92c:	04 c0       	rjmp	.+8      	; 0x936 <__stack+0xd7>
     92e:	8f e3       	ldi	r24, 0x3F	; 63
     930:	90 e0       	ldi	r25, 0x00	; 0
     932:	a0 e0       	ldi	r26, 0x00	; 0
     934:	b0 e0       	ldi	r27, 0x00	; 0
     936:	e8 0e       	add	r14, r24
     938:	f9 1e       	adc	r15, r25
     93a:	0a 1f       	adc	r16, r26
     93c:	1b 1f       	adc	r17, r27
     93e:	17 ff       	sbrs	r17, 7
     940:	05 c0       	rjmp	.+10     	; 0x94c <__stack+0xed>
     942:	16 95       	lsr	r17
     944:	07 95       	ror	r16
     946:	f7 94       	ror	r15
     948:	e7 94       	ror	r14
     94a:	31 96       	adiw	r30, 0x01	; 1
     94c:	87 e0       	ldi	r24, 0x07	; 7
     94e:	16 95       	lsr	r17
     950:	07 95       	ror	r16
     952:	f7 94       	ror	r15
     954:	e7 94       	ror	r14
     956:	8a 95       	dec	r24
     958:	d1 f7       	brne	.-12     	; 0x94e <__stack+0xef>
     95a:	05 c0       	rjmp	.+10     	; 0x966 <__stack+0x107>
     95c:	ee 24       	eor	r14, r14
     95e:	ff 24       	eor	r15, r15
     960:	87 01       	movw	r16, r14
     962:	ef ef       	ldi	r30, 0xFF	; 255
     964:	f0 e0       	ldi	r31, 0x00	; 0
     966:	6e 2f       	mov	r22, r30
     968:	67 95       	ror	r22
     96a:	66 27       	eor	r22, r22
     96c:	67 95       	ror	r22
     96e:	90 2f       	mov	r25, r16
     970:	9f 77       	andi	r25, 0x7F	; 127
     972:	d7 94       	ror	r13
     974:	dd 24       	eor	r13, r13
     976:	d7 94       	ror	r13
     978:	8e 2f       	mov	r24, r30
     97a:	86 95       	lsr	r24
     97c:	49 2f       	mov	r20, r25
     97e:	46 2b       	or	r20, r22
     980:	58 2f       	mov	r21, r24
     982:	5d 29       	or	r21, r13
     984:	b7 01       	movw	r22, r14
     986:	ca 01       	movw	r24, r20
     988:	1f 91       	pop	r17
     98a:	0f 91       	pop	r16
     98c:	ff 90       	pop	r15
     98e:	ef 90       	pop	r14
     990:	df 90       	pop	r13
     992:	08 95       	ret

00000994 <__unpack_f>:
     994:	fc 01       	movw	r30, r24
     996:	db 01       	movw	r26, r22
     998:	40 81       	ld	r20, Z
     99a:	51 81       	ldd	r21, Z+1	; 0x01
     99c:	22 81       	ldd	r18, Z+2	; 0x02
     99e:	62 2f       	mov	r22, r18
     9a0:	6f 77       	andi	r22, 0x7F	; 127
     9a2:	70 e0       	ldi	r23, 0x00	; 0
     9a4:	22 1f       	adc	r18, r18
     9a6:	22 27       	eor	r18, r18
     9a8:	22 1f       	adc	r18, r18
     9aa:	93 81       	ldd	r25, Z+3	; 0x03
     9ac:	89 2f       	mov	r24, r25
     9ae:	88 0f       	add	r24, r24
     9b0:	82 2b       	or	r24, r18
     9b2:	28 2f       	mov	r18, r24
     9b4:	30 e0       	ldi	r19, 0x00	; 0
     9b6:	99 1f       	adc	r25, r25
     9b8:	99 27       	eor	r25, r25
     9ba:	99 1f       	adc	r25, r25
     9bc:	11 96       	adiw	r26, 0x01	; 1
     9be:	9c 93       	st	X, r25
     9c0:	11 97       	sbiw	r26, 0x01	; 1
     9c2:	21 15       	cp	r18, r1
     9c4:	31 05       	cpc	r19, r1
     9c6:	a9 f5       	brne	.+106    	; 0xa32 <__unpack_f+0x9e>
     9c8:	41 15       	cp	r20, r1
     9ca:	51 05       	cpc	r21, r1
     9cc:	61 05       	cpc	r22, r1
     9ce:	71 05       	cpc	r23, r1
     9d0:	11 f4       	brne	.+4      	; 0x9d6 <__unpack_f+0x42>
     9d2:	82 e0       	ldi	r24, 0x02	; 2
     9d4:	37 c0       	rjmp	.+110    	; 0xa44 <__unpack_f+0xb0>
     9d6:	82 e8       	ldi	r24, 0x82	; 130
     9d8:	9f ef       	ldi	r25, 0xFF	; 255
     9da:	13 96       	adiw	r26, 0x03	; 3
     9dc:	9c 93       	st	X, r25
     9de:	8e 93       	st	-X, r24
     9e0:	12 97       	sbiw	r26, 0x02	; 2
     9e2:	9a 01       	movw	r18, r20
     9e4:	ab 01       	movw	r20, r22
     9e6:	67 e0       	ldi	r22, 0x07	; 7
     9e8:	22 0f       	add	r18, r18
     9ea:	33 1f       	adc	r19, r19
     9ec:	44 1f       	adc	r20, r20
     9ee:	55 1f       	adc	r21, r21
     9f0:	6a 95       	dec	r22
     9f2:	d1 f7       	brne	.-12     	; 0x9e8 <__unpack_f+0x54>
     9f4:	83 e0       	ldi	r24, 0x03	; 3
     9f6:	8c 93       	st	X, r24
     9f8:	0d c0       	rjmp	.+26     	; 0xa14 <__unpack_f+0x80>
     9fa:	22 0f       	add	r18, r18
     9fc:	33 1f       	adc	r19, r19
     9fe:	44 1f       	adc	r20, r20
     a00:	55 1f       	adc	r21, r21
     a02:	12 96       	adiw	r26, 0x02	; 2
     a04:	8d 91       	ld	r24, X+
     a06:	9c 91       	ld	r25, X
     a08:	13 97       	sbiw	r26, 0x03	; 3
     a0a:	01 97       	sbiw	r24, 0x01	; 1
     a0c:	13 96       	adiw	r26, 0x03	; 3
     a0e:	9c 93       	st	X, r25
     a10:	8e 93       	st	-X, r24
     a12:	12 97       	sbiw	r26, 0x02	; 2
     a14:	20 30       	cpi	r18, 0x00	; 0
     a16:	80 e0       	ldi	r24, 0x00	; 0
     a18:	38 07       	cpc	r19, r24
     a1a:	80 e0       	ldi	r24, 0x00	; 0
     a1c:	48 07       	cpc	r20, r24
     a1e:	80 e4       	ldi	r24, 0x40	; 64
     a20:	58 07       	cpc	r21, r24
     a22:	58 f3       	brcs	.-42     	; 0x9fa <__unpack_f+0x66>
     a24:	14 96       	adiw	r26, 0x04	; 4
     a26:	2d 93       	st	X+, r18
     a28:	3d 93       	st	X+, r19
     a2a:	4d 93       	st	X+, r20
     a2c:	5c 93       	st	X, r21
     a2e:	17 97       	sbiw	r26, 0x07	; 7
     a30:	08 95       	ret
     a32:	2f 3f       	cpi	r18, 0xFF	; 255
     a34:	31 05       	cpc	r19, r1
     a36:	79 f4       	brne	.+30     	; 0xa56 <__unpack_f+0xc2>
     a38:	41 15       	cp	r20, r1
     a3a:	51 05       	cpc	r21, r1
     a3c:	61 05       	cpc	r22, r1
     a3e:	71 05       	cpc	r23, r1
     a40:	19 f4       	brne	.+6      	; 0xa48 <__unpack_f+0xb4>
     a42:	84 e0       	ldi	r24, 0x04	; 4
     a44:	8c 93       	st	X, r24
     a46:	08 95       	ret
     a48:	64 ff       	sbrs	r22, 4
     a4a:	03 c0       	rjmp	.+6      	; 0xa52 <__unpack_f+0xbe>
     a4c:	81 e0       	ldi	r24, 0x01	; 1
     a4e:	8c 93       	st	X, r24
     a50:	12 c0       	rjmp	.+36     	; 0xa76 <__unpack_f+0xe2>
     a52:	1c 92       	st	X, r1
     a54:	10 c0       	rjmp	.+32     	; 0xa76 <__unpack_f+0xe2>
     a56:	2f 57       	subi	r18, 0x7F	; 127
     a58:	30 40       	sbci	r19, 0x00	; 0
     a5a:	13 96       	adiw	r26, 0x03	; 3
     a5c:	3c 93       	st	X, r19
     a5e:	2e 93       	st	-X, r18
     a60:	12 97       	sbiw	r26, 0x02	; 2
     a62:	83 e0       	ldi	r24, 0x03	; 3
     a64:	8c 93       	st	X, r24
     a66:	87 e0       	ldi	r24, 0x07	; 7
     a68:	44 0f       	add	r20, r20
     a6a:	55 1f       	adc	r21, r21
     a6c:	66 1f       	adc	r22, r22
     a6e:	77 1f       	adc	r23, r23
     a70:	8a 95       	dec	r24
     a72:	d1 f7       	brne	.-12     	; 0xa68 <__unpack_f+0xd4>
     a74:	70 64       	ori	r23, 0x40	; 64
     a76:	14 96       	adiw	r26, 0x04	; 4
     a78:	4d 93       	st	X+, r20
     a7a:	5d 93       	st	X+, r21
     a7c:	6d 93       	st	X+, r22
     a7e:	7c 93       	st	X, r23
     a80:	17 97       	sbiw	r26, 0x07	; 7
     a82:	08 95       	ret

00000a84 <__fpcmp_parts_f>:
     a84:	1f 93       	push	r17
     a86:	dc 01       	movw	r26, r24
     a88:	fb 01       	movw	r30, r22
     a8a:	9c 91       	ld	r25, X
     a8c:	92 30       	cpi	r25, 0x02	; 2
     a8e:	08 f4       	brcc	.+2      	; 0xa92 <__fpcmp_parts_f+0xe>
     a90:	47 c0       	rjmp	.+142    	; 0xb20 <__fpcmp_parts_f+0x9c>
     a92:	80 81       	ld	r24, Z
     a94:	82 30       	cpi	r24, 0x02	; 2
     a96:	08 f4       	brcc	.+2      	; 0xa9a <__fpcmp_parts_f+0x16>
     a98:	43 c0       	rjmp	.+134    	; 0xb20 <__fpcmp_parts_f+0x9c>
     a9a:	94 30       	cpi	r25, 0x04	; 4
     a9c:	51 f4       	brne	.+20     	; 0xab2 <__fpcmp_parts_f+0x2e>
     a9e:	11 96       	adiw	r26, 0x01	; 1
     aa0:	1c 91       	ld	r17, X
     aa2:	84 30       	cpi	r24, 0x04	; 4
     aa4:	99 f5       	brne	.+102    	; 0xb0c <__fpcmp_parts_f+0x88>
     aa6:	81 81       	ldd	r24, Z+1	; 0x01
     aa8:	68 2f       	mov	r22, r24
     aaa:	70 e0       	ldi	r23, 0x00	; 0
     aac:	61 1b       	sub	r22, r17
     aae:	71 09       	sbc	r23, r1
     ab0:	3f c0       	rjmp	.+126    	; 0xb30 <__fpcmp_parts_f+0xac>
     ab2:	84 30       	cpi	r24, 0x04	; 4
     ab4:	21 f0       	breq	.+8      	; 0xabe <__fpcmp_parts_f+0x3a>
     ab6:	92 30       	cpi	r25, 0x02	; 2
     ab8:	31 f4       	brne	.+12     	; 0xac6 <__fpcmp_parts_f+0x42>
     aba:	82 30       	cpi	r24, 0x02	; 2
     abc:	b9 f1       	breq	.+110    	; 0xb2c <__fpcmp_parts_f+0xa8>
     abe:	81 81       	ldd	r24, Z+1	; 0x01
     ac0:	88 23       	and	r24, r24
     ac2:	89 f1       	breq	.+98     	; 0xb26 <__fpcmp_parts_f+0xa2>
     ac4:	2d c0       	rjmp	.+90     	; 0xb20 <__fpcmp_parts_f+0x9c>
     ac6:	11 96       	adiw	r26, 0x01	; 1
     ac8:	1c 91       	ld	r17, X
     aca:	11 97       	sbiw	r26, 0x01	; 1
     acc:	82 30       	cpi	r24, 0x02	; 2
     ace:	f1 f0       	breq	.+60     	; 0xb0c <__fpcmp_parts_f+0x88>
     ad0:	81 81       	ldd	r24, Z+1	; 0x01
     ad2:	18 17       	cp	r17, r24
     ad4:	d9 f4       	brne	.+54     	; 0xb0c <__fpcmp_parts_f+0x88>
     ad6:	12 96       	adiw	r26, 0x02	; 2
     ad8:	2d 91       	ld	r18, X+
     ada:	3c 91       	ld	r19, X
     adc:	13 97       	sbiw	r26, 0x03	; 3
     ade:	82 81       	ldd	r24, Z+2	; 0x02
     ae0:	93 81       	ldd	r25, Z+3	; 0x03
     ae2:	82 17       	cp	r24, r18
     ae4:	93 07       	cpc	r25, r19
     ae6:	94 f0       	brlt	.+36     	; 0xb0c <__fpcmp_parts_f+0x88>
     ae8:	28 17       	cp	r18, r24
     aea:	39 07       	cpc	r19, r25
     aec:	bc f0       	brlt	.+46     	; 0xb1c <__fpcmp_parts_f+0x98>
     aee:	14 96       	adiw	r26, 0x04	; 4
     af0:	8d 91       	ld	r24, X+
     af2:	9d 91       	ld	r25, X+
     af4:	0d 90       	ld	r0, X+
     af6:	bc 91       	ld	r27, X
     af8:	a0 2d       	mov	r26, r0
     afa:	24 81       	ldd	r18, Z+4	; 0x04
     afc:	35 81       	ldd	r19, Z+5	; 0x05
     afe:	46 81       	ldd	r20, Z+6	; 0x06
     b00:	57 81       	ldd	r21, Z+7	; 0x07
     b02:	28 17       	cp	r18, r24
     b04:	39 07       	cpc	r19, r25
     b06:	4a 07       	cpc	r20, r26
     b08:	5b 07       	cpc	r21, r27
     b0a:	18 f4       	brcc	.+6      	; 0xb12 <__fpcmp_parts_f+0x8e>
     b0c:	11 23       	and	r17, r17
     b0e:	41 f0       	breq	.+16     	; 0xb20 <__fpcmp_parts_f+0x9c>
     b10:	0a c0       	rjmp	.+20     	; 0xb26 <__fpcmp_parts_f+0xa2>
     b12:	82 17       	cp	r24, r18
     b14:	93 07       	cpc	r25, r19
     b16:	a4 07       	cpc	r26, r20
     b18:	b5 07       	cpc	r27, r21
     b1a:	40 f4       	brcc	.+16     	; 0xb2c <__fpcmp_parts_f+0xa8>
     b1c:	11 23       	and	r17, r17
     b1e:	19 f0       	breq	.+6      	; 0xb26 <__fpcmp_parts_f+0xa2>
     b20:	61 e0       	ldi	r22, 0x01	; 1
     b22:	70 e0       	ldi	r23, 0x00	; 0
     b24:	05 c0       	rjmp	.+10     	; 0xb30 <__fpcmp_parts_f+0xac>
     b26:	6f ef       	ldi	r22, 0xFF	; 255
     b28:	7f ef       	ldi	r23, 0xFF	; 255
     b2a:	02 c0       	rjmp	.+4      	; 0xb30 <__fpcmp_parts_f+0xac>
     b2c:	60 e0       	ldi	r22, 0x00	; 0
     b2e:	70 e0       	ldi	r23, 0x00	; 0
     b30:	cb 01       	movw	r24, r22
     b32:	1f 91       	pop	r17
     b34:	08 95       	ret

00000b36 <TIMER1_voidServoInit>:
#include "Timer1_Config.h"
#include "Timer1_Private.h"
#include "Timer1_Int.h"

void TIMER1_voidServoInit(void)
{
     b36:	df 93       	push	r29
     b38:	cf 93       	push	r28
     b3a:	cd b7       	in	r28, 0x3d	; 61
     b3c:	de b7       	in	r29, 0x3e	; 62
    DIO_voidSetPinDirection(DIO_PORTC, PIN1, OUTPUT);
     b3e:	82 e0       	ldi	r24, 0x02	; 2
     b40:	61 e0       	ldi	r22, 0x01	; 1
     b42:	41 e0       	ldi	r20, 0x01	; 1
     b44:	0e 94 2b 06 	call	0xc56	; 0xc56 <DIO_voidSetPinDirection>

    SET_BIT(TCCR1A, TIMER1_WGM11);
     b48:	af e4       	ldi	r26, 0x4F	; 79
     b4a:	b0 e0       	ldi	r27, 0x00	; 0
     b4c:	ef e4       	ldi	r30, 0x4F	; 79
     b4e:	f0 e0       	ldi	r31, 0x00	; 0
     b50:	80 81       	ld	r24, Z
     b52:	82 60       	ori	r24, 0x02	; 2
     b54:	8c 93       	st	X, r24
    CLR_BIT(TCCR1A, TIMER1_WGM10);
     b56:	af e4       	ldi	r26, 0x4F	; 79
     b58:	b0 e0       	ldi	r27, 0x00	; 0
     b5a:	ef e4       	ldi	r30, 0x4F	; 79
     b5c:	f0 e0       	ldi	r31, 0x00	; 0
     b5e:	80 81       	ld	r24, Z
     b60:	8e 7f       	andi	r24, 0xFE	; 254
     b62:	8c 93       	st	X, r24
    SET_BIT(TCCR1B, TIMER1_WGM13);
     b64:	ae e4       	ldi	r26, 0x4E	; 78
     b66:	b0 e0       	ldi	r27, 0x00	; 0
     b68:	ee e4       	ldi	r30, 0x4E	; 78
     b6a:	f0 e0       	ldi	r31, 0x00	; 0
     b6c:	80 81       	ld	r24, Z
     b6e:	80 61       	ori	r24, 0x10	; 16
     b70:	8c 93       	st	X, r24
    SET_BIT(TCCR1B, TIMER1_WGM12);
     b72:	ae e4       	ldi	r26, 0x4E	; 78
     b74:	b0 e0       	ldi	r27, 0x00	; 0
     b76:	ee e4       	ldi	r30, 0x4E	; 78
     b78:	f0 e0       	ldi	r31, 0x00	; 0
     b7a:	80 81       	ld	r24, Z
     b7c:	88 60       	ori	r24, 0x08	; 8
     b7e:	8c 93       	st	X, r24

    SET_BIT(TCCR1A, TIMER1_COM1A1);
     b80:	af e4       	ldi	r26, 0x4F	; 79
     b82:	b0 e0       	ldi	r27, 0x00	; 0
     b84:	ef e4       	ldi	r30, 0x4F	; 79
     b86:	f0 e0       	ldi	r31, 0x00	; 0
     b88:	80 81       	ld	r24, Z
     b8a:	80 68       	ori	r24, 0x80	; 128
     b8c:	8c 93       	st	X, r24
    CLR_BIT(TCCR1A, TIMER1_COM1A0);
     b8e:	af e4       	ldi	r26, 0x4F	; 79
     b90:	b0 e0       	ldi	r27, 0x00	; 0
     b92:	ef e4       	ldi	r30, 0x4F	; 79
     b94:	f0 e0       	ldi	r31, 0x00	; 0
     b96:	80 81       	ld	r24, Z
     b98:	8f 7b       	andi	r24, 0xBF	; 191
     b9a:	8c 93       	st	X, r24

    ICR1 = TIMER1_TOP_VALUE;
     b9c:	e6 e4       	ldi	r30, 0x46	; 70
     b9e:	f0 e0       	ldi	r31, 0x00	; 0
     ba0:	8f e3       	ldi	r24, 0x3F	; 63
     ba2:	9c e9       	ldi	r25, 0x9C	; 156
     ba4:	91 83       	std	Z+1, r25	; 0x01
     ba6:	80 83       	st	Z, r24

    TCCR1B |= TIMER1_PRESCALER_BITS;
     ba8:	ae e4       	ldi	r26, 0x4E	; 78
     baa:	b0 e0       	ldi	r27, 0x00	; 0
     bac:	ee e4       	ldi	r30, 0x4E	; 78
     bae:	f0 e0       	ldi	r31, 0x00	; 0
     bb0:	80 81       	ld	r24, Z
     bb2:	82 60       	ori	r24, 0x02	; 2
     bb4:	8c 93       	st	X, r24

    TIMER1_voidServoSetAngle(90);
     bb6:	8a e5       	ldi	r24, 0x5A	; 90
     bb8:	0e 94 e1 05 	call	0xbc2	; 0xbc2 <TIMER1_voidServoSetAngle>
}
     bbc:	cf 91       	pop	r28
     bbe:	df 91       	pop	r29
     bc0:	08 95       	ret

00000bc2 <TIMER1_voidServoSetAngle>:

void TIMER1_voidServoSetAngle(u8 u8Angle)
{
     bc2:	df 93       	push	r29
     bc4:	cf 93       	push	r28
     bc6:	00 d0       	rcall	.+0      	; 0xbc8 <TIMER1_voidServoSetAngle+0x6>
     bc8:	0f 92       	push	r0
     bca:	cd b7       	in	r28, 0x3d	; 61
     bcc:	de b7       	in	r29, 0x3e	; 62
     bce:	8b 83       	std	Y+3, r24	; 0x03
    u16 u16PulseTicks;

    if (u8Angle > 180)
     bd0:	8b 81       	ldd	r24, Y+3	; 0x03
     bd2:	85 3b       	cpi	r24, 0xB5	; 181
     bd4:	10 f0       	brcs	.+4      	; 0xbda <TIMER1_voidServoSetAngle+0x18>
    {
        u8Angle = 180;
     bd6:	84 eb       	ldi	r24, 0xB4	; 180
     bd8:	8b 83       	std	Y+3, r24	; 0x03
    }

    u16PulseTicks = 2000 + (((u32)u8Angle * 2000) / 180);
     bda:	8b 81       	ldd	r24, Y+3	; 0x03
     bdc:	88 2f       	mov	r24, r24
     bde:	90 e0       	ldi	r25, 0x00	; 0
     be0:	a0 e0       	ldi	r26, 0x00	; 0
     be2:	b0 e0       	ldi	r27, 0x00	; 0
     be4:	20 ed       	ldi	r18, 0xD0	; 208
     be6:	37 e0       	ldi	r19, 0x07	; 7
     be8:	40 e0       	ldi	r20, 0x00	; 0
     bea:	50 e0       	ldi	r21, 0x00	; 0
     bec:	bc 01       	movw	r22, r24
     bee:	cd 01       	movw	r24, r26
     bf0:	0e 94 96 0b 	call	0x172c	; 0x172c <__mulsi3>
     bf4:	dc 01       	movw	r26, r24
     bf6:	cb 01       	movw	r24, r22
     bf8:	24 eb       	ldi	r18, 0xB4	; 180
     bfa:	30 e0       	ldi	r19, 0x00	; 0
     bfc:	40 e0       	ldi	r20, 0x00	; 0
     bfe:	50 e0       	ldi	r21, 0x00	; 0
     c00:	bc 01       	movw	r22, r24
     c02:	cd 01       	movw	r24, r26
     c04:	0e 94 b5 0b 	call	0x176a	; 0x176a <__udivmodsi4>
     c08:	da 01       	movw	r26, r20
     c0a:	c9 01       	movw	r24, r18
     c0c:	80 53       	subi	r24, 0x30	; 48
     c0e:	98 4f       	sbci	r25, 0xF8	; 248
     c10:	9a 83       	std	Y+2, r25	; 0x02
     c12:	89 83       	std	Y+1, r24	; 0x01

    OCR1A = u16PulseTicks;
     c14:	ea e4       	ldi	r30, 0x4A	; 74
     c16:	f0 e0       	ldi	r31, 0x00	; 0
     c18:	89 81       	ldd	r24, Y+1	; 0x01
     c1a:	9a 81       	ldd	r25, Y+2	; 0x02
     c1c:	91 83       	std	Z+1, r25	; 0x01
     c1e:	80 83       	st	Z, r24
}
     c20:	0f 90       	pop	r0
     c22:	0f 90       	pop	r0
     c24:	0f 90       	pop	r0
     c26:	cf 91       	pop	r28
     c28:	df 91       	pop	r29
     c2a:	08 95       	ret

00000c2c <DIO_voidInitialization>:
#include "Dio_Int.h"
#include "Dio_Private.h"
#include "Dio_Config.h"

void DIO_voidInitialization(void)
{
     c2c:	df 93       	push	r29
     c2e:	cf 93       	push	r28
     c30:	cd b7       	in	r28, 0x3d	; 61
     c32:	de b7       	in	r29, 0x3e	; 62
	DDRA = DIO_PORTA_DIRECTIONS;
     c34:	ea e3       	ldi	r30, 0x3A	; 58
     c36:	f0 e0       	ldi	r31, 0x00	; 0
     c38:	8f ef       	ldi	r24, 0xFF	; 255
     c3a:	80 83       	st	Z, r24
	DDRB = DIO_PORTB_DIRECTIONS;
     c3c:	e7 e3       	ldi	r30, 0x37	; 55
     c3e:	f0 e0       	ldi	r31, 0x00	; 0
     c40:	8f ef       	ldi	r24, 0xFF	; 255
     c42:	80 83       	st	Z, r24
	DDRC = DIO_PORTC_DIRECTIONS;
     c44:	e4 e3       	ldi	r30, 0x34	; 52
     c46:	f0 e0       	ldi	r31, 0x00	; 0
     c48:	10 82       	st	Z, r1
	DDRD = DIO_PORTD_DIRECTIONS;
     c4a:	e1 e3       	ldi	r30, 0x31	; 49
     c4c:	f0 e0       	ldi	r31, 0x00	; 0
     c4e:	10 82       	st	Z, r1
}
     c50:	cf 91       	pop	r28
     c52:	df 91       	pop	r29
     c54:	08 95       	ret

00000c56 <DIO_voidSetPinDirection>:

void DIO_voidSetPinDirection(u8 PortID, u8 PinID, u8 Direction)
{
     c56:	df 93       	push	r29
     c58:	cf 93       	push	r28
     c5a:	cd b7       	in	r28, 0x3d	; 61
     c5c:	de b7       	in	r29, 0x3e	; 62
     c5e:	27 97       	sbiw	r28, 0x07	; 7
     c60:	0f b6       	in	r0, 0x3f	; 63
     c62:	f8 94       	cli
     c64:	de bf       	out	0x3e, r29	; 62
     c66:	0f be       	out	0x3f, r0	; 63
     c68:	cd bf       	out	0x3d, r28	; 61
     c6a:	89 83       	std	Y+1, r24	; 0x01
     c6c:	6a 83       	std	Y+2, r22	; 0x02
     c6e:	4b 83       	std	Y+3, r20	; 0x03
	if(PortID < 4 && PinID < 8)
     c70:	89 81       	ldd	r24, Y+1	; 0x01
     c72:	84 30       	cpi	r24, 0x04	; 4
     c74:	08 f0       	brcs	.+2      	; 0xc78 <DIO_voidSetPinDirection+0x22>
     c76:	ee c0       	rjmp	.+476    	; 0xe54 <DIO_voidSetPinDirection+0x1fe>
     c78:	8a 81       	ldd	r24, Y+2	; 0x02
     c7a:	88 30       	cpi	r24, 0x08	; 8
     c7c:	08 f0       	brcs	.+2      	; 0xc80 <DIO_voidSetPinDirection+0x2a>
     c7e:	ea c0       	rjmp	.+468    	; 0xe54 <DIO_voidSetPinDirection+0x1fe>
	{
		if(Direction == OUTPUT)
     c80:	8b 81       	ldd	r24, Y+3	; 0x03
     c82:	81 30       	cpi	r24, 0x01	; 1
     c84:	09 f0       	breq	.+2      	; 0xc88 <DIO_voidSetPinDirection+0x32>
     c86:	6f c0       	rjmp	.+222    	; 0xd66 <DIO_voidSetPinDirection+0x110>
		{
			switch(PortID)
     c88:	89 81       	ldd	r24, Y+1	; 0x01
     c8a:	28 2f       	mov	r18, r24
     c8c:	30 e0       	ldi	r19, 0x00	; 0
     c8e:	3f 83       	std	Y+7, r19	; 0x07
     c90:	2e 83       	std	Y+6, r18	; 0x06
     c92:	8e 81       	ldd	r24, Y+6	; 0x06
     c94:	9f 81       	ldd	r25, Y+7	; 0x07
     c96:	81 30       	cpi	r24, 0x01	; 1
     c98:	91 05       	cpc	r25, r1
     c9a:	49 f1       	breq	.+82     	; 0xcee <DIO_voidSetPinDirection+0x98>
     c9c:	2e 81       	ldd	r18, Y+6	; 0x06
     c9e:	3f 81       	ldd	r19, Y+7	; 0x07
     ca0:	22 30       	cpi	r18, 0x02	; 2
     ca2:	31 05       	cpc	r19, r1
     ca4:	2c f4       	brge	.+10     	; 0xcb0 <DIO_voidSetPinDirection+0x5a>
     ca6:	8e 81       	ldd	r24, Y+6	; 0x06
     ca8:	9f 81       	ldd	r25, Y+7	; 0x07
     caa:	00 97       	sbiw	r24, 0x00	; 0
     cac:	61 f0       	breq	.+24     	; 0xcc6 <DIO_voidSetPinDirection+0x70>
     cae:	d2 c0       	rjmp	.+420    	; 0xe54 <DIO_voidSetPinDirection+0x1fe>
     cb0:	2e 81       	ldd	r18, Y+6	; 0x06
     cb2:	3f 81       	ldd	r19, Y+7	; 0x07
     cb4:	22 30       	cpi	r18, 0x02	; 2
     cb6:	31 05       	cpc	r19, r1
     cb8:	71 f1       	breq	.+92     	; 0xd16 <DIO_voidSetPinDirection+0xc0>
     cba:	8e 81       	ldd	r24, Y+6	; 0x06
     cbc:	9f 81       	ldd	r25, Y+7	; 0x07
     cbe:	83 30       	cpi	r24, 0x03	; 3
     cc0:	91 05       	cpc	r25, r1
     cc2:	e9 f1       	breq	.+122    	; 0xd3e <DIO_voidSetPinDirection+0xe8>
     cc4:	c7 c0       	rjmp	.+398    	; 0xe54 <DIO_voidSetPinDirection+0x1fe>
			{
				case DIO_PORTA: SET_BIT(DDRA, PinID); break;
     cc6:	aa e3       	ldi	r26, 0x3A	; 58
     cc8:	b0 e0       	ldi	r27, 0x00	; 0
     cca:	ea e3       	ldi	r30, 0x3A	; 58
     ccc:	f0 e0       	ldi	r31, 0x00	; 0
     cce:	80 81       	ld	r24, Z
     cd0:	48 2f       	mov	r20, r24
     cd2:	8a 81       	ldd	r24, Y+2	; 0x02
     cd4:	28 2f       	mov	r18, r24
     cd6:	30 e0       	ldi	r19, 0x00	; 0
     cd8:	81 e0       	ldi	r24, 0x01	; 1
     cda:	90 e0       	ldi	r25, 0x00	; 0
     cdc:	02 2e       	mov	r0, r18
     cde:	02 c0       	rjmp	.+4      	; 0xce4 <DIO_voidSetPinDirection+0x8e>
     ce0:	88 0f       	add	r24, r24
     ce2:	99 1f       	adc	r25, r25
     ce4:	0a 94       	dec	r0
     ce6:	e2 f7       	brpl	.-8      	; 0xce0 <DIO_voidSetPinDirection+0x8a>
     ce8:	84 2b       	or	r24, r20
     cea:	8c 93       	st	X, r24
     cec:	b3 c0       	rjmp	.+358    	; 0xe54 <DIO_voidSetPinDirection+0x1fe>
				case DIO_PORTB: SET_BIT(DDRB, PinID); break;
     cee:	a7 e3       	ldi	r26, 0x37	; 55
     cf0:	b0 e0       	ldi	r27, 0x00	; 0
     cf2:	e7 e3       	ldi	r30, 0x37	; 55
     cf4:	f0 e0       	ldi	r31, 0x00	; 0
     cf6:	80 81       	ld	r24, Z
     cf8:	48 2f       	mov	r20, r24
     cfa:	8a 81       	ldd	r24, Y+2	; 0x02
     cfc:	28 2f       	mov	r18, r24
     cfe:	30 e0       	ldi	r19, 0x00	; 0
     d00:	81 e0       	ldi	r24, 0x01	; 1
     d02:	90 e0       	ldi	r25, 0x00	; 0
     d04:	02 2e       	mov	r0, r18
     d06:	02 c0       	rjmp	.+4      	; 0xd0c <DIO_voidSetPinDirection+0xb6>
     d08:	88 0f       	add	r24, r24
     d0a:	99 1f       	adc	r25, r25
     d0c:	0a 94       	dec	r0
     d0e:	e2 f7       	brpl	.-8      	; 0xd08 <DIO_voidSetPinDirection+0xb2>
     d10:	84 2b       	or	r24, r20
     d12:	8c 93       	st	X, r24
     d14:	9f c0       	rjmp	.+318    	; 0xe54 <DIO_voidSetPinDirection+0x1fe>
				case DIO_PORTC: SET_BIT(DDRC, PinID); break;
     d16:	a4 e3       	ldi	r26, 0x34	; 52
     d18:	b0 e0       	ldi	r27, 0x00	; 0
     d1a:	e4 e3       	ldi	r30, 0x34	; 52
     d1c:	f0 e0       	ldi	r31, 0x00	; 0
     d1e:	80 81       	ld	r24, Z
     d20:	48 2f       	mov	r20, r24
     d22:	8a 81       	ldd	r24, Y+2	; 0x02
     d24:	28 2f       	mov	r18, r24
     d26:	30 e0       	ldi	r19, 0x00	; 0
     d28:	81 e0       	ldi	r24, 0x01	; 1
     d2a:	90 e0       	ldi	r25, 0x00	; 0
     d2c:	02 2e       	mov	r0, r18
     d2e:	02 c0       	rjmp	.+4      	; 0xd34 <DIO_voidSetPinDirection+0xde>
     d30:	88 0f       	add	r24, r24
     d32:	99 1f       	adc	r25, r25
     d34:	0a 94       	dec	r0
     d36:	e2 f7       	brpl	.-8      	; 0xd30 <DIO_voidSetPinDirection+0xda>
     d38:	84 2b       	or	r24, r20
     d3a:	8c 93       	st	X, r24
     d3c:	8b c0       	rjmp	.+278    	; 0xe54 <DIO_voidSetPinDirection+0x1fe>
				case DIO_PORTD: SET_BIT(DDRD, PinID); break;
     d3e:	a1 e3       	ldi	r26, 0x31	; 49
     d40:	b0 e0       	ldi	r27, 0x00	; 0
     d42:	e1 e3       	ldi	r30, 0x31	; 49
     d44:	f0 e0       	ldi	r31, 0x00	; 0
     d46:	80 81       	ld	r24, Z
     d48:	48 2f       	mov	r20, r24
     d4a:	8a 81       	ldd	r24, Y+2	; 0x02
     d4c:	28 2f       	mov	r18, r24
     d4e:	30 e0       	ldi	r19, 0x00	; 0
     d50:	81 e0       	ldi	r24, 0x01	; 1
     d52:	90 e0       	ldi	r25, 0x00	; 0
     d54:	02 2e       	mov	r0, r18
     d56:	02 c0       	rjmp	.+4      	; 0xd5c <DIO_voidSetPinDirection+0x106>
     d58:	88 0f       	add	r24, r24
     d5a:	99 1f       	adc	r25, r25
     d5c:	0a 94       	dec	r0
     d5e:	e2 f7       	brpl	.-8      	; 0xd58 <DIO_voidSetPinDirection+0x102>
     d60:	84 2b       	or	r24, r20
     d62:	8c 93       	st	X, r24
     d64:	77 c0       	rjmp	.+238    	; 0xe54 <DIO_voidSetPinDirection+0x1fe>
			}
		}
		else if(Direction == INPUT)
     d66:	8b 81       	ldd	r24, Y+3	; 0x03
     d68:	88 23       	and	r24, r24
     d6a:	09 f0       	breq	.+2      	; 0xd6e <DIO_voidSetPinDirection+0x118>
     d6c:	73 c0       	rjmp	.+230    	; 0xe54 <DIO_voidSetPinDirection+0x1fe>
		{
			switch(PortID)
     d6e:	89 81       	ldd	r24, Y+1	; 0x01
     d70:	28 2f       	mov	r18, r24
     d72:	30 e0       	ldi	r19, 0x00	; 0
     d74:	3d 83       	std	Y+5, r19	; 0x05
     d76:	2c 83       	std	Y+4, r18	; 0x04
     d78:	8c 81       	ldd	r24, Y+4	; 0x04
     d7a:	9d 81       	ldd	r25, Y+5	; 0x05
     d7c:	81 30       	cpi	r24, 0x01	; 1
     d7e:	91 05       	cpc	r25, r1
     d80:	59 f1       	breq	.+86     	; 0xdd8 <DIO_voidSetPinDirection+0x182>
     d82:	2c 81       	ldd	r18, Y+4	; 0x04
     d84:	3d 81       	ldd	r19, Y+5	; 0x05
     d86:	22 30       	cpi	r18, 0x02	; 2
     d88:	31 05       	cpc	r19, r1
     d8a:	2c f4       	brge	.+10     	; 0xd96 <DIO_voidSetPinDirection+0x140>
     d8c:	8c 81       	ldd	r24, Y+4	; 0x04
     d8e:	9d 81       	ldd	r25, Y+5	; 0x05
     d90:	00 97       	sbiw	r24, 0x00	; 0
     d92:	69 f0       	breq	.+26     	; 0xdae <DIO_voidSetPinDirection+0x158>
     d94:	5f c0       	rjmp	.+190    	; 0xe54 <DIO_voidSetPinDirection+0x1fe>
     d96:	2c 81       	ldd	r18, Y+4	; 0x04
     d98:	3d 81       	ldd	r19, Y+5	; 0x05
     d9a:	22 30       	cpi	r18, 0x02	; 2
     d9c:	31 05       	cpc	r19, r1
     d9e:	89 f1       	breq	.+98     	; 0xe02 <DIO_voidSetPinDirection+0x1ac>
     da0:	8c 81       	ldd	r24, Y+4	; 0x04
     da2:	9d 81       	ldd	r25, Y+5	; 0x05
     da4:	83 30       	cpi	r24, 0x03	; 3
     da6:	91 05       	cpc	r25, r1
     da8:	09 f4       	brne	.+2      	; 0xdac <DIO_voidSetPinDirection+0x156>
     daa:	40 c0       	rjmp	.+128    	; 0xe2c <DIO_voidSetPinDirection+0x1d6>
     dac:	53 c0       	rjmp	.+166    	; 0xe54 <DIO_voidSetPinDirection+0x1fe>
			{
				case DIO_PORTA: CLR_BIT(DDRA, PinID); break;
     dae:	aa e3       	ldi	r26, 0x3A	; 58
     db0:	b0 e0       	ldi	r27, 0x00	; 0
     db2:	ea e3       	ldi	r30, 0x3A	; 58
     db4:	f0 e0       	ldi	r31, 0x00	; 0
     db6:	80 81       	ld	r24, Z
     db8:	48 2f       	mov	r20, r24
     dba:	8a 81       	ldd	r24, Y+2	; 0x02
     dbc:	28 2f       	mov	r18, r24
     dbe:	30 e0       	ldi	r19, 0x00	; 0
     dc0:	81 e0       	ldi	r24, 0x01	; 1
     dc2:	90 e0       	ldi	r25, 0x00	; 0
     dc4:	02 2e       	mov	r0, r18
     dc6:	02 c0       	rjmp	.+4      	; 0xdcc <DIO_voidSetPinDirection+0x176>
     dc8:	88 0f       	add	r24, r24
     dca:	99 1f       	adc	r25, r25
     dcc:	0a 94       	dec	r0
     dce:	e2 f7       	brpl	.-8      	; 0xdc8 <DIO_voidSetPinDirection+0x172>
     dd0:	80 95       	com	r24
     dd2:	84 23       	and	r24, r20
     dd4:	8c 93       	st	X, r24
     dd6:	3e c0       	rjmp	.+124    	; 0xe54 <DIO_voidSetPinDirection+0x1fe>
				case DIO_PORTB: CLR_BIT(DDRB, PinID); break;
     dd8:	a7 e3       	ldi	r26, 0x37	; 55
     dda:	b0 e0       	ldi	r27, 0x00	; 0
     ddc:	e7 e3       	ldi	r30, 0x37	; 55
     dde:	f0 e0       	ldi	r31, 0x00	; 0
     de0:	80 81       	ld	r24, Z
     de2:	48 2f       	mov	r20, r24
     de4:	8a 81       	ldd	r24, Y+2	; 0x02
     de6:	28 2f       	mov	r18, r24
     de8:	30 e0       	ldi	r19, 0x00	; 0
     dea:	81 e0       	ldi	r24, 0x01	; 1
     dec:	90 e0       	ldi	r25, 0x00	; 0
     dee:	02 2e       	mov	r0, r18
     df0:	02 c0       	rjmp	.+4      	; 0xdf6 <DIO_voidSetPinDirection+0x1a0>
     df2:	88 0f       	add	r24, r24
     df4:	99 1f       	adc	r25, r25
     df6:	0a 94       	dec	r0
     df8:	e2 f7       	brpl	.-8      	; 0xdf2 <DIO_voidSetPinDirection+0x19c>
     dfa:	80 95       	com	r24
     dfc:	84 23       	and	r24, r20
     dfe:	8c 93       	st	X, r24
     e00:	29 c0       	rjmp	.+82     	; 0xe54 <DIO_voidSetPinDirection+0x1fe>
				case DIO_PORTC: CLR_BIT(DDRC, PinID); break;
     e02:	a4 e3       	ldi	r26, 0x34	; 52
     e04:	b0 e0       	ldi	r27, 0x00	; 0
     e06:	e4 e3       	ldi	r30, 0x34	; 52
     e08:	f0 e0       	ldi	r31, 0x00	; 0
     e0a:	80 81       	ld	r24, Z
     e0c:	48 2f       	mov	r20, r24
     e0e:	8a 81       	ldd	r24, Y+2	; 0x02
     e10:	28 2f       	mov	r18, r24
     e12:	30 e0       	ldi	r19, 0x00	; 0
     e14:	81 e0       	ldi	r24, 0x01	; 1
     e16:	90 e0       	ldi	r25, 0x00	; 0
     e18:	02 2e       	mov	r0, r18
     e1a:	02 c0       	rjmp	.+4      	; 0xe20 <DIO_voidSetPinDirection+0x1ca>
     e1c:	88 0f       	add	r24, r24
     e1e:	99 1f       	adc	r25, r25
     e20:	0a 94       	dec	r0
     e22:	e2 f7       	brpl	.-8      	; 0xe1c <DIO_voidSetPinDirection+0x1c6>
     e24:	80 95       	com	r24
     e26:	84 23       	and	r24, r20
     e28:	8c 93       	st	X, r24
     e2a:	14 c0       	rjmp	.+40     	; 0xe54 <DIO_voidSetPinDirection+0x1fe>
				case DIO_PORTD: CLR_BIT(DDRD, PinID); break;
     e2c:	a1 e3       	ldi	r26, 0x31	; 49
     e2e:	b0 e0       	ldi	r27, 0x00	; 0
     e30:	e1 e3       	ldi	r30, 0x31	; 49
     e32:	f0 e0       	ldi	r31, 0x00	; 0
     e34:	80 81       	ld	r24, Z
     e36:	48 2f       	mov	r20, r24
     e38:	8a 81       	ldd	r24, Y+2	; 0x02
     e3a:	28 2f       	mov	r18, r24
     e3c:	30 e0       	ldi	r19, 0x00	; 0
     e3e:	81 e0       	ldi	r24, 0x01	; 1
     e40:	90 e0       	ldi	r25, 0x00	; 0
     e42:	02 2e       	mov	r0, r18
     e44:	02 c0       	rjmp	.+4      	; 0xe4a <DIO_voidSetPinDirection+0x1f4>
     e46:	88 0f       	add	r24, r24
     e48:	99 1f       	adc	r25, r25
     e4a:	0a 94       	dec	r0
     e4c:	e2 f7       	brpl	.-8      	; 0xe46 <DIO_voidSetPinDirection+0x1f0>
     e4e:	80 95       	com	r24
     e50:	84 23       	and	r24, r20
     e52:	8c 93       	st	X, r24
			}
		}
	}
}
     e54:	27 96       	adiw	r28, 0x07	; 7
     e56:	0f b6       	in	r0, 0x3f	; 63
     e58:	f8 94       	cli
     e5a:	de bf       	out	0x3e, r29	; 62
     e5c:	0f be       	out	0x3f, r0	; 63
     e5e:	cd bf       	out	0x3d, r28	; 61
     e60:	cf 91       	pop	r28
     e62:	df 91       	pop	r29
     e64:	08 95       	ret

00000e66 <DIO_voidSetPinValue>:

/**************** output value *************************/
void DIO_voidSetPinValue(u8 PortID, u8 PinID, u8 Value)
{
     e66:	df 93       	push	r29
     e68:	cf 93       	push	r28
     e6a:	cd b7       	in	r28, 0x3d	; 61
     e6c:	de b7       	in	r29, 0x3e	; 62
     e6e:	27 97       	sbiw	r28, 0x07	; 7
     e70:	0f b6       	in	r0, 0x3f	; 63
     e72:	f8 94       	cli
     e74:	de bf       	out	0x3e, r29	; 62
     e76:	0f be       	out	0x3f, r0	; 63
     e78:	cd bf       	out	0x3d, r28	; 61
     e7a:	89 83       	std	Y+1, r24	; 0x01
     e7c:	6a 83       	std	Y+2, r22	; 0x02
     e7e:	4b 83       	std	Y+3, r20	; 0x03
	if(PortID < 4 && PinID < 8)
     e80:	89 81       	ldd	r24, Y+1	; 0x01
     e82:	84 30       	cpi	r24, 0x04	; 4
     e84:	08 f0       	brcs	.+2      	; 0xe88 <DIO_voidSetPinValue+0x22>
     e86:	ee c0       	rjmp	.+476    	; 0x1064 <DIO_voidSetPinValue+0x1fe>
     e88:	8a 81       	ldd	r24, Y+2	; 0x02
     e8a:	88 30       	cpi	r24, 0x08	; 8
     e8c:	08 f0       	brcs	.+2      	; 0xe90 <DIO_voidSetPinValue+0x2a>
     e8e:	ea c0       	rjmp	.+468    	; 0x1064 <DIO_voidSetPinValue+0x1fe>
	{
		if(Value == HIGH)
     e90:	8b 81       	ldd	r24, Y+3	; 0x03
     e92:	81 30       	cpi	r24, 0x01	; 1
     e94:	09 f0       	breq	.+2      	; 0xe98 <DIO_voidSetPinValue+0x32>
     e96:	6f c0       	rjmp	.+222    	; 0xf76 <DIO_voidSetPinValue+0x110>
		{
			switch(PortID)
     e98:	89 81       	ldd	r24, Y+1	; 0x01
     e9a:	28 2f       	mov	r18, r24
     e9c:	30 e0       	ldi	r19, 0x00	; 0
     e9e:	3f 83       	std	Y+7, r19	; 0x07
     ea0:	2e 83       	std	Y+6, r18	; 0x06
     ea2:	8e 81       	ldd	r24, Y+6	; 0x06
     ea4:	9f 81       	ldd	r25, Y+7	; 0x07
     ea6:	81 30       	cpi	r24, 0x01	; 1
     ea8:	91 05       	cpc	r25, r1
     eaa:	49 f1       	breq	.+82     	; 0xefe <DIO_voidSetPinValue+0x98>
     eac:	2e 81       	ldd	r18, Y+6	; 0x06
     eae:	3f 81       	ldd	r19, Y+7	; 0x07
     eb0:	22 30       	cpi	r18, 0x02	; 2
     eb2:	31 05       	cpc	r19, r1
     eb4:	2c f4       	brge	.+10     	; 0xec0 <DIO_voidSetPinValue+0x5a>
     eb6:	8e 81       	ldd	r24, Y+6	; 0x06
     eb8:	9f 81       	ldd	r25, Y+7	; 0x07
     eba:	00 97       	sbiw	r24, 0x00	; 0
     ebc:	61 f0       	breq	.+24     	; 0xed6 <DIO_voidSetPinValue+0x70>
     ebe:	d2 c0       	rjmp	.+420    	; 0x1064 <DIO_voidSetPinValue+0x1fe>
     ec0:	2e 81       	ldd	r18, Y+6	; 0x06
     ec2:	3f 81       	ldd	r19, Y+7	; 0x07
     ec4:	22 30       	cpi	r18, 0x02	; 2
     ec6:	31 05       	cpc	r19, r1
     ec8:	71 f1       	breq	.+92     	; 0xf26 <DIO_voidSetPinValue+0xc0>
     eca:	8e 81       	ldd	r24, Y+6	; 0x06
     ecc:	9f 81       	ldd	r25, Y+7	; 0x07
     ece:	83 30       	cpi	r24, 0x03	; 3
     ed0:	91 05       	cpc	r25, r1
     ed2:	e9 f1       	breq	.+122    	; 0xf4e <DIO_voidSetPinValue+0xe8>
     ed4:	c7 c0       	rjmp	.+398    	; 0x1064 <DIO_voidSetPinValue+0x1fe>
			{
				case DIO_PORTA: SET_BIT(PORTA, PinID); break;
     ed6:	ab e3       	ldi	r26, 0x3B	; 59
     ed8:	b0 e0       	ldi	r27, 0x00	; 0
     eda:	eb e3       	ldi	r30, 0x3B	; 59
     edc:	f0 e0       	ldi	r31, 0x00	; 0
     ede:	80 81       	ld	r24, Z
     ee0:	48 2f       	mov	r20, r24
     ee2:	8a 81       	ldd	r24, Y+2	; 0x02
     ee4:	28 2f       	mov	r18, r24
     ee6:	30 e0       	ldi	r19, 0x00	; 0
     ee8:	81 e0       	ldi	r24, 0x01	; 1
     eea:	90 e0       	ldi	r25, 0x00	; 0
     eec:	02 2e       	mov	r0, r18
     eee:	02 c0       	rjmp	.+4      	; 0xef4 <DIO_voidSetPinValue+0x8e>
     ef0:	88 0f       	add	r24, r24
     ef2:	99 1f       	adc	r25, r25
     ef4:	0a 94       	dec	r0
     ef6:	e2 f7       	brpl	.-8      	; 0xef0 <DIO_voidSetPinValue+0x8a>
     ef8:	84 2b       	or	r24, r20
     efa:	8c 93       	st	X, r24
     efc:	b3 c0       	rjmp	.+358    	; 0x1064 <DIO_voidSetPinValue+0x1fe>
				case DIO_PORTB: SET_BIT(PORTB, PinID); break;
     efe:	a8 e3       	ldi	r26, 0x38	; 56
     f00:	b0 e0       	ldi	r27, 0x00	; 0
     f02:	e8 e3       	ldi	r30, 0x38	; 56
     f04:	f0 e0       	ldi	r31, 0x00	; 0
     f06:	80 81       	ld	r24, Z
     f08:	48 2f       	mov	r20, r24
     f0a:	8a 81       	ldd	r24, Y+2	; 0x02
     f0c:	28 2f       	mov	r18, r24
     f0e:	30 e0       	ldi	r19, 0x00	; 0
     f10:	81 e0       	ldi	r24, 0x01	; 1
     f12:	90 e0       	ldi	r25, 0x00	; 0
     f14:	02 2e       	mov	r0, r18
     f16:	02 c0       	rjmp	.+4      	; 0xf1c <DIO_voidSetPinValue+0xb6>
     f18:	88 0f       	add	r24, r24
     f1a:	99 1f       	adc	r25, r25
     f1c:	0a 94       	dec	r0
     f1e:	e2 f7       	brpl	.-8      	; 0xf18 <DIO_voidSetPinValue+0xb2>
     f20:	84 2b       	or	r24, r20
     f22:	8c 93       	st	X, r24
     f24:	9f c0       	rjmp	.+318    	; 0x1064 <DIO_voidSetPinValue+0x1fe>
				case DIO_PORTC: SET_BIT(PORTC, PinID); break;
     f26:	a5 e3       	ldi	r26, 0x35	; 53
     f28:	b0 e0       	ldi	r27, 0x00	; 0
     f2a:	e5 e3       	ldi	r30, 0x35	; 53
     f2c:	f0 e0       	ldi	r31, 0x00	; 0
     f2e:	80 81       	ld	r24, Z
     f30:	48 2f       	mov	r20, r24
     f32:	8a 81       	ldd	r24, Y+2	; 0x02
     f34:	28 2f       	mov	r18, r24
     f36:	30 e0       	ldi	r19, 0x00	; 0
     f38:	81 e0       	ldi	r24, 0x01	; 1
     f3a:	90 e0       	ldi	r25, 0x00	; 0
     f3c:	02 2e       	mov	r0, r18
     f3e:	02 c0       	rjmp	.+4      	; 0xf44 <DIO_voidSetPinValue+0xde>
     f40:	88 0f       	add	r24, r24
     f42:	99 1f       	adc	r25, r25
     f44:	0a 94       	dec	r0
     f46:	e2 f7       	brpl	.-8      	; 0xf40 <DIO_voidSetPinValue+0xda>
     f48:	84 2b       	or	r24, r20
     f4a:	8c 93       	st	X, r24
     f4c:	8b c0       	rjmp	.+278    	; 0x1064 <DIO_voidSetPinValue+0x1fe>
				case DIO_PORTD: SET_BIT(PORTD, PinID); break;
     f4e:	a2 e3       	ldi	r26, 0x32	; 50
     f50:	b0 e0       	ldi	r27, 0x00	; 0
     f52:	e2 e3       	ldi	r30, 0x32	; 50
     f54:	f0 e0       	ldi	r31, 0x00	; 0
     f56:	80 81       	ld	r24, Z
     f58:	48 2f       	mov	r20, r24
     f5a:	8a 81       	ldd	r24, Y+2	; 0x02
     f5c:	28 2f       	mov	r18, r24
     f5e:	30 e0       	ldi	r19, 0x00	; 0
     f60:	81 e0       	ldi	r24, 0x01	; 1
     f62:	90 e0       	ldi	r25, 0x00	; 0
     f64:	02 2e       	mov	r0, r18
     f66:	02 c0       	rjmp	.+4      	; 0xf6c <DIO_voidSetPinValue+0x106>
     f68:	88 0f       	add	r24, r24
     f6a:	99 1f       	adc	r25, r25
     f6c:	0a 94       	dec	r0
     f6e:	e2 f7       	brpl	.-8      	; 0xf68 <DIO_voidSetPinValue+0x102>
     f70:	84 2b       	or	r24, r20
     f72:	8c 93       	st	X, r24
     f74:	77 c0       	rjmp	.+238    	; 0x1064 <DIO_voidSetPinValue+0x1fe>
			}
		}
		else if(Value == LOW)
     f76:	8b 81       	ldd	r24, Y+3	; 0x03
     f78:	88 23       	and	r24, r24
     f7a:	09 f0       	breq	.+2      	; 0xf7e <DIO_voidSetPinValue+0x118>
     f7c:	73 c0       	rjmp	.+230    	; 0x1064 <DIO_voidSetPinValue+0x1fe>
		{
			switch(PortID)
     f7e:	89 81       	ldd	r24, Y+1	; 0x01
     f80:	28 2f       	mov	r18, r24
     f82:	30 e0       	ldi	r19, 0x00	; 0
     f84:	3d 83       	std	Y+5, r19	; 0x05
     f86:	2c 83       	std	Y+4, r18	; 0x04
     f88:	8c 81       	ldd	r24, Y+4	; 0x04
     f8a:	9d 81       	ldd	r25, Y+5	; 0x05
     f8c:	81 30       	cpi	r24, 0x01	; 1
     f8e:	91 05       	cpc	r25, r1
     f90:	59 f1       	breq	.+86     	; 0xfe8 <DIO_voidSetPinValue+0x182>
     f92:	2c 81       	ldd	r18, Y+4	; 0x04
     f94:	3d 81       	ldd	r19, Y+5	; 0x05
     f96:	22 30       	cpi	r18, 0x02	; 2
     f98:	31 05       	cpc	r19, r1
     f9a:	2c f4       	brge	.+10     	; 0xfa6 <DIO_voidSetPinValue+0x140>
     f9c:	8c 81       	ldd	r24, Y+4	; 0x04
     f9e:	9d 81       	ldd	r25, Y+5	; 0x05
     fa0:	00 97       	sbiw	r24, 0x00	; 0
     fa2:	69 f0       	breq	.+26     	; 0xfbe <DIO_voidSetPinValue+0x158>
     fa4:	5f c0       	rjmp	.+190    	; 0x1064 <DIO_voidSetPinValue+0x1fe>
     fa6:	2c 81       	ldd	r18, Y+4	; 0x04
     fa8:	3d 81       	ldd	r19, Y+5	; 0x05
     faa:	22 30       	cpi	r18, 0x02	; 2
     fac:	31 05       	cpc	r19, r1
     fae:	89 f1       	breq	.+98     	; 0x1012 <DIO_voidSetPinValue+0x1ac>
     fb0:	8c 81       	ldd	r24, Y+4	; 0x04
     fb2:	9d 81       	ldd	r25, Y+5	; 0x05
     fb4:	83 30       	cpi	r24, 0x03	; 3
     fb6:	91 05       	cpc	r25, r1
     fb8:	09 f4       	brne	.+2      	; 0xfbc <DIO_voidSetPinValue+0x156>
     fba:	40 c0       	rjmp	.+128    	; 0x103c <DIO_voidSetPinValue+0x1d6>
     fbc:	53 c0       	rjmp	.+166    	; 0x1064 <DIO_voidSetPinValue+0x1fe>
			{
				case DIO_PORTA: CLR_BIT(PORTA, PinID); break;
     fbe:	ab e3       	ldi	r26, 0x3B	; 59
     fc0:	b0 e0       	ldi	r27, 0x00	; 0
     fc2:	eb e3       	ldi	r30, 0x3B	; 59
     fc4:	f0 e0       	ldi	r31, 0x00	; 0
     fc6:	80 81       	ld	r24, Z
     fc8:	48 2f       	mov	r20, r24
     fca:	8a 81       	ldd	r24, Y+2	; 0x02
     fcc:	28 2f       	mov	r18, r24
     fce:	30 e0       	ldi	r19, 0x00	; 0
     fd0:	81 e0       	ldi	r24, 0x01	; 1
     fd2:	90 e0       	ldi	r25, 0x00	; 0
     fd4:	02 2e       	mov	r0, r18
     fd6:	02 c0       	rjmp	.+4      	; 0xfdc <DIO_voidSetPinValue+0x176>
     fd8:	88 0f       	add	r24, r24
     fda:	99 1f       	adc	r25, r25
     fdc:	0a 94       	dec	r0
     fde:	e2 f7       	brpl	.-8      	; 0xfd8 <DIO_voidSetPinValue+0x172>
     fe0:	80 95       	com	r24
     fe2:	84 23       	and	r24, r20
     fe4:	8c 93       	st	X, r24
     fe6:	3e c0       	rjmp	.+124    	; 0x1064 <DIO_voidSetPinValue+0x1fe>
				case DIO_PORTB: CLR_BIT(PORTB, PinID); break;
     fe8:	a8 e3       	ldi	r26, 0x38	; 56
     fea:	b0 e0       	ldi	r27, 0x00	; 0
     fec:	e8 e3       	ldi	r30, 0x38	; 56
     fee:	f0 e0       	ldi	r31, 0x00	; 0
     ff0:	80 81       	ld	r24, Z
     ff2:	48 2f       	mov	r20, r24
     ff4:	8a 81       	ldd	r24, Y+2	; 0x02
     ff6:	28 2f       	mov	r18, r24
     ff8:	30 e0       	ldi	r19, 0x00	; 0
     ffa:	81 e0       	ldi	r24, 0x01	; 1
     ffc:	90 e0       	ldi	r25, 0x00	; 0
     ffe:	02 2e       	mov	r0, r18
    1000:	02 c0       	rjmp	.+4      	; 0x1006 <DIO_voidSetPinValue+0x1a0>
    1002:	88 0f       	add	r24, r24
    1004:	99 1f       	adc	r25, r25
    1006:	0a 94       	dec	r0
    1008:	e2 f7       	brpl	.-8      	; 0x1002 <DIO_voidSetPinValue+0x19c>
    100a:	80 95       	com	r24
    100c:	84 23       	and	r24, r20
    100e:	8c 93       	st	X, r24
    1010:	29 c0       	rjmp	.+82     	; 0x1064 <DIO_voidSetPinValue+0x1fe>
				case DIO_PORTC: CLR_BIT(PORTC, PinID); break;
    1012:	a5 e3       	ldi	r26, 0x35	; 53
    1014:	b0 e0       	ldi	r27, 0x00	; 0
    1016:	e5 e3       	ldi	r30, 0x35	; 53
    1018:	f0 e0       	ldi	r31, 0x00	; 0
    101a:	80 81       	ld	r24, Z
    101c:	48 2f       	mov	r20, r24
    101e:	8a 81       	ldd	r24, Y+2	; 0x02
    1020:	28 2f       	mov	r18, r24
    1022:	30 e0       	ldi	r19, 0x00	; 0
    1024:	81 e0       	ldi	r24, 0x01	; 1
    1026:	90 e0       	ldi	r25, 0x00	; 0
    1028:	02 2e       	mov	r0, r18
    102a:	02 c0       	rjmp	.+4      	; 0x1030 <DIO_voidSetPinValue+0x1ca>
    102c:	88 0f       	add	r24, r24
    102e:	99 1f       	adc	r25, r25
    1030:	0a 94       	dec	r0
    1032:	e2 f7       	brpl	.-8      	; 0x102c <DIO_voidSetPinValue+0x1c6>
    1034:	80 95       	com	r24
    1036:	84 23       	and	r24, r20
    1038:	8c 93       	st	X, r24
    103a:	14 c0       	rjmp	.+40     	; 0x1064 <DIO_voidSetPinValue+0x1fe>
				case DIO_PORTD: CLR_BIT(PORTD, PinID); break;
    103c:	a2 e3       	ldi	r26, 0x32	; 50
    103e:	b0 e0       	ldi	r27, 0x00	; 0
    1040:	e2 e3       	ldi	r30, 0x32	; 50
    1042:	f0 e0       	ldi	r31, 0x00	; 0
    1044:	80 81       	ld	r24, Z
    1046:	48 2f       	mov	r20, r24
    1048:	8a 81       	ldd	r24, Y+2	; 0x02
    104a:	28 2f       	mov	r18, r24
    104c:	30 e0       	ldi	r19, 0x00	; 0
    104e:	81 e0       	ldi	r24, 0x01	; 1
    1050:	90 e0       	ldi	r25, 0x00	; 0
    1052:	02 2e       	mov	r0, r18
    1054:	02 c0       	rjmp	.+4      	; 0x105a <DIO_voidSetPinValue+0x1f4>
    1056:	88 0f       	add	r24, r24
    1058:	99 1f       	adc	r25, r25
    105a:	0a 94       	dec	r0
    105c:	e2 f7       	brpl	.-8      	; 0x1056 <DIO_voidSetPinValue+0x1f0>
    105e:	80 95       	com	r24
    1060:	84 23       	and	r24, r20
    1062:	8c 93       	st	X, r24
			}
		}
	}
}
    1064:	27 96       	adiw	r28, 0x07	; 7
    1066:	0f b6       	in	r0, 0x3f	; 63
    1068:	f8 94       	cli
    106a:	de bf       	out	0x3e, r29	; 62
    106c:	0f be       	out	0x3f, r0	; 63
    106e:	cd bf       	out	0x3d, r28	; 61
    1070:	cf 91       	pop	r28
    1072:	df 91       	pop	r29
    1074:	08 95       	ret

00001076 <DIO_u8GetPinValue>:

/**************** input value *************************/
u8 DIO_u8GetPinValue(u8 PortID, u8 PinID)
{
    1076:	df 93       	push	r29
    1078:	cf 93       	push	r28
    107a:	00 d0       	rcall	.+0      	; 0x107c <DIO_u8GetPinValue+0x6>
    107c:	00 d0       	rcall	.+0      	; 0x107e <DIO_u8GetPinValue+0x8>
    107e:	0f 92       	push	r0
    1080:	cd b7       	in	r28, 0x3d	; 61
    1082:	de b7       	in	r29, 0x3e	; 62
    1084:	8a 83       	std	Y+2, r24	; 0x02
    1086:	6b 83       	std	Y+3, r22	; 0x03
	u8 Local_u8PinValue = 0;
    1088:	19 82       	std	Y+1, r1	; 0x01

	if(PortID < 4 && PinID < 8)
    108a:	8a 81       	ldd	r24, Y+2	; 0x02
    108c:	84 30       	cpi	r24, 0x04	; 4
    108e:	08 f0       	brcs	.+2      	; 0x1092 <DIO_u8GetPinValue+0x1c>
    1090:	6b c0       	rjmp	.+214    	; 0x1168 <DIO_u8GetPinValue+0xf2>
    1092:	8b 81       	ldd	r24, Y+3	; 0x03
    1094:	88 30       	cpi	r24, 0x08	; 8
    1096:	08 f0       	brcs	.+2      	; 0x109a <DIO_u8GetPinValue+0x24>
    1098:	67 c0       	rjmp	.+206    	; 0x1168 <DIO_u8GetPinValue+0xf2>
	{
		switch(PortID)
    109a:	8a 81       	ldd	r24, Y+2	; 0x02
    109c:	28 2f       	mov	r18, r24
    109e:	30 e0       	ldi	r19, 0x00	; 0
    10a0:	3d 83       	std	Y+5, r19	; 0x05
    10a2:	2c 83       	std	Y+4, r18	; 0x04
    10a4:	4c 81       	ldd	r20, Y+4	; 0x04
    10a6:	5d 81       	ldd	r21, Y+5	; 0x05
    10a8:	41 30       	cpi	r20, 0x01	; 1
    10aa:	51 05       	cpc	r21, r1
    10ac:	41 f1       	breq	.+80     	; 0x10fe <DIO_u8GetPinValue+0x88>
    10ae:	8c 81       	ldd	r24, Y+4	; 0x04
    10b0:	9d 81       	ldd	r25, Y+5	; 0x05
    10b2:	82 30       	cpi	r24, 0x02	; 2
    10b4:	91 05       	cpc	r25, r1
    10b6:	34 f4       	brge	.+12     	; 0x10c4 <DIO_u8GetPinValue+0x4e>
    10b8:	2c 81       	ldd	r18, Y+4	; 0x04
    10ba:	3d 81       	ldd	r19, Y+5	; 0x05
    10bc:	21 15       	cp	r18, r1
    10be:	31 05       	cpc	r19, r1
    10c0:	61 f0       	breq	.+24     	; 0x10da <DIO_u8GetPinValue+0x64>
    10c2:	52 c0       	rjmp	.+164    	; 0x1168 <DIO_u8GetPinValue+0xf2>
    10c4:	4c 81       	ldd	r20, Y+4	; 0x04
    10c6:	5d 81       	ldd	r21, Y+5	; 0x05
    10c8:	42 30       	cpi	r20, 0x02	; 2
    10ca:	51 05       	cpc	r21, r1
    10cc:	51 f1       	breq	.+84     	; 0x1122 <DIO_u8GetPinValue+0xac>
    10ce:	8c 81       	ldd	r24, Y+4	; 0x04
    10d0:	9d 81       	ldd	r25, Y+5	; 0x05
    10d2:	83 30       	cpi	r24, 0x03	; 3
    10d4:	91 05       	cpc	r25, r1
    10d6:	b9 f1       	breq	.+110    	; 0x1146 <DIO_u8GetPinValue+0xd0>
    10d8:	47 c0       	rjmp	.+142    	; 0x1168 <DIO_u8GetPinValue+0xf2>
		{
			case DIO_PORTA: Local_u8PinValue = GET_BIT(PINA, PinID); break;
    10da:	e9 e3       	ldi	r30, 0x39	; 57
    10dc:	f0 e0       	ldi	r31, 0x00	; 0
    10de:	80 81       	ld	r24, Z
    10e0:	28 2f       	mov	r18, r24
    10e2:	30 e0       	ldi	r19, 0x00	; 0
    10e4:	8b 81       	ldd	r24, Y+3	; 0x03
    10e6:	88 2f       	mov	r24, r24
    10e8:	90 e0       	ldi	r25, 0x00	; 0
    10ea:	a9 01       	movw	r20, r18
    10ec:	02 c0       	rjmp	.+4      	; 0x10f2 <DIO_u8GetPinValue+0x7c>
    10ee:	55 95       	asr	r21
    10f0:	47 95       	ror	r20
    10f2:	8a 95       	dec	r24
    10f4:	e2 f7       	brpl	.-8      	; 0x10ee <DIO_u8GetPinValue+0x78>
    10f6:	ca 01       	movw	r24, r20
    10f8:	81 70       	andi	r24, 0x01	; 1
    10fa:	89 83       	std	Y+1, r24	; 0x01
    10fc:	35 c0       	rjmp	.+106    	; 0x1168 <DIO_u8GetPinValue+0xf2>
			case DIO_PORTB: Local_u8PinValue = GET_BIT(PINB, PinID); break;
    10fe:	e6 e3       	ldi	r30, 0x36	; 54
    1100:	f0 e0       	ldi	r31, 0x00	; 0
    1102:	80 81       	ld	r24, Z
    1104:	28 2f       	mov	r18, r24
    1106:	30 e0       	ldi	r19, 0x00	; 0
    1108:	8b 81       	ldd	r24, Y+3	; 0x03
    110a:	88 2f       	mov	r24, r24
    110c:	90 e0       	ldi	r25, 0x00	; 0
    110e:	a9 01       	movw	r20, r18
    1110:	02 c0       	rjmp	.+4      	; 0x1116 <DIO_u8GetPinValue+0xa0>
    1112:	55 95       	asr	r21
    1114:	47 95       	ror	r20
    1116:	8a 95       	dec	r24
    1118:	e2 f7       	brpl	.-8      	; 0x1112 <DIO_u8GetPinValue+0x9c>
    111a:	ca 01       	movw	r24, r20
    111c:	81 70       	andi	r24, 0x01	; 1
    111e:	89 83       	std	Y+1, r24	; 0x01
    1120:	23 c0       	rjmp	.+70     	; 0x1168 <DIO_u8GetPinValue+0xf2>
			case DIO_PORTC: Local_u8PinValue = GET_BIT(PINC, PinID); break;
    1122:	e3 e3       	ldi	r30, 0x33	; 51
    1124:	f0 e0       	ldi	r31, 0x00	; 0
    1126:	80 81       	ld	r24, Z
    1128:	28 2f       	mov	r18, r24
    112a:	30 e0       	ldi	r19, 0x00	; 0
    112c:	8b 81       	ldd	r24, Y+3	; 0x03
    112e:	88 2f       	mov	r24, r24
    1130:	90 e0       	ldi	r25, 0x00	; 0
    1132:	a9 01       	movw	r20, r18
    1134:	02 c0       	rjmp	.+4      	; 0x113a <DIO_u8GetPinValue+0xc4>
    1136:	55 95       	asr	r21
    1138:	47 95       	ror	r20
    113a:	8a 95       	dec	r24
    113c:	e2 f7       	brpl	.-8      	; 0x1136 <DIO_u8GetPinValue+0xc0>
    113e:	ca 01       	movw	r24, r20
    1140:	81 70       	andi	r24, 0x01	; 1
    1142:	89 83       	std	Y+1, r24	; 0x01
    1144:	11 c0       	rjmp	.+34     	; 0x1168 <DIO_u8GetPinValue+0xf2>
			case DIO_PORTD: Local_u8PinValue = GET_BIT(PIND, PinID); break;
    1146:	e0 e3       	ldi	r30, 0x30	; 48
    1148:	f0 e0       	ldi	r31, 0x00	; 0
    114a:	80 81       	ld	r24, Z
    114c:	28 2f       	mov	r18, r24
    114e:	30 e0       	ldi	r19, 0x00	; 0
    1150:	8b 81       	ldd	r24, Y+3	; 0x03
    1152:	88 2f       	mov	r24, r24
    1154:	90 e0       	ldi	r25, 0x00	; 0
    1156:	a9 01       	movw	r20, r18
    1158:	02 c0       	rjmp	.+4      	; 0x115e <DIO_u8GetPinValue+0xe8>
    115a:	55 95       	asr	r21
    115c:	47 95       	ror	r20
    115e:	8a 95       	dec	r24
    1160:	e2 f7       	brpl	.-8      	; 0x115a <DIO_u8GetPinValue+0xe4>
    1162:	ca 01       	movw	r24, r20
    1164:	81 70       	andi	r24, 0x01	; 1
    1166:	89 83       	std	Y+1, r24	; 0x01
		}
	}
	return Local_u8PinValue;
    1168:	89 81       	ldd	r24, Y+1	; 0x01
}
    116a:	0f 90       	pop	r0
    116c:	0f 90       	pop	r0
    116e:	0f 90       	pop	r0
    1170:	0f 90       	pop	r0
    1172:	0f 90       	pop	r0
    1174:	cf 91       	pop	r28
    1176:	df 91       	pop	r29
    1178:	08 95       	ret

0000117a <DIO_voidTogglePinValue>:

/****************** Toggle Pin Value Function **************************/
void DIO_voidTogglePinValue(u8 PortID, u8 PinID)
{
    117a:	df 93       	push	r29
    117c:	cf 93       	push	r28
    117e:	00 d0       	rcall	.+0      	; 0x1180 <DIO_voidTogglePinValue+0x6>
    1180:	00 d0       	rcall	.+0      	; 0x1182 <DIO_voidTogglePinValue+0x8>
    1182:	cd b7       	in	r28, 0x3d	; 61
    1184:	de b7       	in	r29, 0x3e	; 62
    1186:	89 83       	std	Y+1, r24	; 0x01
    1188:	6a 83       	std	Y+2, r22	; 0x02
    if((PortID < 4) && (PinID < 8))
    118a:	89 81       	ldd	r24, Y+1	; 0x01
    118c:	84 30       	cpi	r24, 0x04	; 4
    118e:	08 f0       	brcs	.+2      	; 0x1192 <DIO_voidTogglePinValue+0x18>
    1190:	72 c0       	rjmp	.+228    	; 0x1276 <DIO_voidTogglePinValue+0xfc>
    1192:	8a 81       	ldd	r24, Y+2	; 0x02
    1194:	88 30       	cpi	r24, 0x08	; 8
    1196:	08 f0       	brcs	.+2      	; 0x119a <DIO_voidTogglePinValue+0x20>
    1198:	6e c0       	rjmp	.+220    	; 0x1276 <DIO_voidTogglePinValue+0xfc>
    {
        switch(PortID)
    119a:	89 81       	ldd	r24, Y+1	; 0x01
    119c:	28 2f       	mov	r18, r24
    119e:	30 e0       	ldi	r19, 0x00	; 0
    11a0:	3c 83       	std	Y+4, r19	; 0x04
    11a2:	2b 83       	std	Y+3, r18	; 0x03
    11a4:	8b 81       	ldd	r24, Y+3	; 0x03
    11a6:	9c 81       	ldd	r25, Y+4	; 0x04
    11a8:	81 30       	cpi	r24, 0x01	; 1
    11aa:	91 05       	cpc	r25, r1
    11ac:	49 f1       	breq	.+82     	; 0x1200 <DIO_voidTogglePinValue+0x86>
    11ae:	2b 81       	ldd	r18, Y+3	; 0x03
    11b0:	3c 81       	ldd	r19, Y+4	; 0x04
    11b2:	22 30       	cpi	r18, 0x02	; 2
    11b4:	31 05       	cpc	r19, r1
    11b6:	2c f4       	brge	.+10     	; 0x11c2 <DIO_voidTogglePinValue+0x48>
    11b8:	8b 81       	ldd	r24, Y+3	; 0x03
    11ba:	9c 81       	ldd	r25, Y+4	; 0x04
    11bc:	00 97       	sbiw	r24, 0x00	; 0
    11be:	61 f0       	breq	.+24     	; 0x11d8 <DIO_voidTogglePinValue+0x5e>
    11c0:	5a c0       	rjmp	.+180    	; 0x1276 <DIO_voidTogglePinValue+0xfc>
    11c2:	2b 81       	ldd	r18, Y+3	; 0x03
    11c4:	3c 81       	ldd	r19, Y+4	; 0x04
    11c6:	22 30       	cpi	r18, 0x02	; 2
    11c8:	31 05       	cpc	r19, r1
    11ca:	71 f1       	breq	.+92     	; 0x1228 <DIO_voidTogglePinValue+0xae>
    11cc:	8b 81       	ldd	r24, Y+3	; 0x03
    11ce:	9c 81       	ldd	r25, Y+4	; 0x04
    11d0:	83 30       	cpi	r24, 0x03	; 3
    11d2:	91 05       	cpc	r25, r1
    11d4:	e9 f1       	breq	.+122    	; 0x1250 <DIO_voidTogglePinValue+0xd6>
    11d6:	4f c0       	rjmp	.+158    	; 0x1276 <DIO_voidTogglePinValue+0xfc>
        {
            case DIO_PORTA: TOG_BIT(PORTA, PinID); break;
    11d8:	ab e3       	ldi	r26, 0x3B	; 59
    11da:	b0 e0       	ldi	r27, 0x00	; 0
    11dc:	eb e3       	ldi	r30, 0x3B	; 59
    11de:	f0 e0       	ldi	r31, 0x00	; 0
    11e0:	80 81       	ld	r24, Z
    11e2:	48 2f       	mov	r20, r24
    11e4:	8a 81       	ldd	r24, Y+2	; 0x02
    11e6:	28 2f       	mov	r18, r24
    11e8:	30 e0       	ldi	r19, 0x00	; 0
    11ea:	81 e0       	ldi	r24, 0x01	; 1
    11ec:	90 e0       	ldi	r25, 0x00	; 0
    11ee:	02 2e       	mov	r0, r18
    11f0:	02 c0       	rjmp	.+4      	; 0x11f6 <DIO_voidTogglePinValue+0x7c>
    11f2:	88 0f       	add	r24, r24
    11f4:	99 1f       	adc	r25, r25
    11f6:	0a 94       	dec	r0
    11f8:	e2 f7       	brpl	.-8      	; 0x11f2 <DIO_voidTogglePinValue+0x78>
    11fa:	84 27       	eor	r24, r20
    11fc:	8c 93       	st	X, r24
    11fe:	3b c0       	rjmp	.+118    	; 0x1276 <DIO_voidTogglePinValue+0xfc>
            case DIO_PORTB: TOG_BIT(PORTB, PinID); break;
    1200:	a8 e3       	ldi	r26, 0x38	; 56
    1202:	b0 e0       	ldi	r27, 0x00	; 0
    1204:	e8 e3       	ldi	r30, 0x38	; 56
    1206:	f0 e0       	ldi	r31, 0x00	; 0
    1208:	80 81       	ld	r24, Z
    120a:	48 2f       	mov	r20, r24
    120c:	8a 81       	ldd	r24, Y+2	; 0x02
    120e:	28 2f       	mov	r18, r24
    1210:	30 e0       	ldi	r19, 0x00	; 0
    1212:	81 e0       	ldi	r24, 0x01	; 1
    1214:	90 e0       	ldi	r25, 0x00	; 0
    1216:	02 2e       	mov	r0, r18
    1218:	02 c0       	rjmp	.+4      	; 0x121e <DIO_voidTogglePinValue+0xa4>
    121a:	88 0f       	add	r24, r24
    121c:	99 1f       	adc	r25, r25
    121e:	0a 94       	dec	r0
    1220:	e2 f7       	brpl	.-8      	; 0x121a <DIO_voidTogglePinValue+0xa0>
    1222:	84 27       	eor	r24, r20
    1224:	8c 93       	st	X, r24
    1226:	27 c0       	rjmp	.+78     	; 0x1276 <DIO_voidTogglePinValue+0xfc>
            case DIO_PORTC: TOG_BIT(PORTC, PinID); break;
    1228:	a5 e3       	ldi	r26, 0x35	; 53
    122a:	b0 e0       	ldi	r27, 0x00	; 0
    122c:	e5 e3       	ldi	r30, 0x35	; 53
    122e:	f0 e0       	ldi	r31, 0x00	; 0
    1230:	80 81       	ld	r24, Z
    1232:	48 2f       	mov	r20, r24
    1234:	8a 81       	ldd	r24, Y+2	; 0x02
    1236:	28 2f       	mov	r18, r24
    1238:	30 e0       	ldi	r19, 0x00	; 0
    123a:	81 e0       	ldi	r24, 0x01	; 1
    123c:	90 e0       	ldi	r25, 0x00	; 0
    123e:	02 2e       	mov	r0, r18
    1240:	02 c0       	rjmp	.+4      	; 0x1246 <DIO_voidTogglePinValue+0xcc>
    1242:	88 0f       	add	r24, r24
    1244:	99 1f       	adc	r25, r25
    1246:	0a 94       	dec	r0
    1248:	e2 f7       	brpl	.-8      	; 0x1242 <DIO_voidTogglePinValue+0xc8>
    124a:	84 27       	eor	r24, r20
    124c:	8c 93       	st	X, r24
    124e:	13 c0       	rjmp	.+38     	; 0x1276 <DIO_voidTogglePinValue+0xfc>
            case DIO_PORTD: TOG_BIT(PORTD, PinID); break;
    1250:	a2 e3       	ldi	r26, 0x32	; 50
    1252:	b0 e0       	ldi	r27, 0x00	; 0
    1254:	e2 e3       	ldi	r30, 0x32	; 50
    1256:	f0 e0       	ldi	r31, 0x00	; 0
    1258:	80 81       	ld	r24, Z
    125a:	48 2f       	mov	r20, r24
    125c:	8a 81       	ldd	r24, Y+2	; 0x02
    125e:	28 2f       	mov	r18, r24
    1260:	30 e0       	ldi	r19, 0x00	; 0
    1262:	81 e0       	ldi	r24, 0x01	; 1
    1264:	90 e0       	ldi	r25, 0x00	; 0
    1266:	02 2e       	mov	r0, r18
    1268:	02 c0       	rjmp	.+4      	; 0x126e <DIO_voidTogglePinValue+0xf4>
    126a:	88 0f       	add	r24, r24
    126c:	99 1f       	adc	r25, r25
    126e:	0a 94       	dec	r0
    1270:	e2 f7       	brpl	.-8      	; 0x126a <DIO_voidTogglePinValue+0xf0>
    1272:	84 27       	eor	r24, r20
    1274:	8c 93       	st	X, r24
        }
    }
}
    1276:	0f 90       	pop	r0
    1278:	0f 90       	pop	r0
    127a:	0f 90       	pop	r0
    127c:	0f 90       	pop	r0
    127e:	cf 91       	pop	r28
    1280:	df 91       	pop	r29
    1282:	08 95       	ret

00001284 <DIO_voidSetPortDirection>:

/****************** Set Port Direction Function **************************/
void DIO_voidSetPortDirection(u8 PortID, u8 Direction)
{
    1284:	df 93       	push	r29
    1286:	cf 93       	push	r28
    1288:	00 d0       	rcall	.+0      	; 0x128a <DIO_voidSetPortDirection+0x6>
    128a:	00 d0       	rcall	.+0      	; 0x128c <DIO_voidSetPortDirection+0x8>
    128c:	cd b7       	in	r28, 0x3d	; 61
    128e:	de b7       	in	r29, 0x3e	; 62
    1290:	89 83       	std	Y+1, r24	; 0x01
    1292:	6a 83       	std	Y+2, r22	; 0x02
    if(PortID < 4)
    1294:	89 81       	ldd	r24, Y+1	; 0x01
    1296:	84 30       	cpi	r24, 0x04	; 4
    1298:	90 f5       	brcc	.+100    	; 0x12fe <DIO_voidSetPortDirection+0x7a>
    {
        switch(PortID)
    129a:	89 81       	ldd	r24, Y+1	; 0x01
    129c:	28 2f       	mov	r18, r24
    129e:	30 e0       	ldi	r19, 0x00	; 0
    12a0:	3c 83       	std	Y+4, r19	; 0x04
    12a2:	2b 83       	std	Y+3, r18	; 0x03
    12a4:	8b 81       	ldd	r24, Y+3	; 0x03
    12a6:	9c 81       	ldd	r25, Y+4	; 0x04
    12a8:	81 30       	cpi	r24, 0x01	; 1
    12aa:	91 05       	cpc	r25, r1
    12ac:	d1 f0       	breq	.+52     	; 0x12e2 <DIO_voidSetPortDirection+0x5e>
    12ae:	2b 81       	ldd	r18, Y+3	; 0x03
    12b0:	3c 81       	ldd	r19, Y+4	; 0x04
    12b2:	22 30       	cpi	r18, 0x02	; 2
    12b4:	31 05       	cpc	r19, r1
    12b6:	2c f4       	brge	.+10     	; 0x12c2 <DIO_voidSetPortDirection+0x3e>
    12b8:	8b 81       	ldd	r24, Y+3	; 0x03
    12ba:	9c 81       	ldd	r25, Y+4	; 0x04
    12bc:	00 97       	sbiw	r24, 0x00	; 0
    12be:	61 f0       	breq	.+24     	; 0x12d8 <DIO_voidSetPortDirection+0x54>
    12c0:	1e c0       	rjmp	.+60     	; 0x12fe <DIO_voidSetPortDirection+0x7a>
    12c2:	2b 81       	ldd	r18, Y+3	; 0x03
    12c4:	3c 81       	ldd	r19, Y+4	; 0x04
    12c6:	22 30       	cpi	r18, 0x02	; 2
    12c8:	31 05       	cpc	r19, r1
    12ca:	81 f0       	breq	.+32     	; 0x12ec <DIO_voidSetPortDirection+0x68>
    12cc:	8b 81       	ldd	r24, Y+3	; 0x03
    12ce:	9c 81       	ldd	r25, Y+4	; 0x04
    12d0:	83 30       	cpi	r24, 0x03	; 3
    12d2:	91 05       	cpc	r25, r1
    12d4:	81 f0       	breq	.+32     	; 0x12f6 <DIO_voidSetPortDirection+0x72>
    12d6:	13 c0       	rjmp	.+38     	; 0x12fe <DIO_voidSetPortDirection+0x7a>
        {
            case DIO_PORTA: DDRA = Direction; break;
    12d8:	ea e3       	ldi	r30, 0x3A	; 58
    12da:	f0 e0       	ldi	r31, 0x00	; 0
    12dc:	8a 81       	ldd	r24, Y+2	; 0x02
    12de:	80 83       	st	Z, r24
    12e0:	0e c0       	rjmp	.+28     	; 0x12fe <DIO_voidSetPortDirection+0x7a>
            case DIO_PORTB: DDRB = Direction; break;
    12e2:	e7 e3       	ldi	r30, 0x37	; 55
    12e4:	f0 e0       	ldi	r31, 0x00	; 0
    12e6:	8a 81       	ldd	r24, Y+2	; 0x02
    12e8:	80 83       	st	Z, r24
    12ea:	09 c0       	rjmp	.+18     	; 0x12fe <DIO_voidSetPortDirection+0x7a>
            case DIO_PORTC: DDRC = Direction; break;
    12ec:	e4 e3       	ldi	r30, 0x34	; 52
    12ee:	f0 e0       	ldi	r31, 0x00	; 0
    12f0:	8a 81       	ldd	r24, Y+2	; 0x02
    12f2:	80 83       	st	Z, r24
    12f4:	04 c0       	rjmp	.+8      	; 0x12fe <DIO_voidSetPortDirection+0x7a>
            case DIO_PORTD: DDRD = Direction; break;
    12f6:	e1 e3       	ldi	r30, 0x31	; 49
    12f8:	f0 e0       	ldi	r31, 0x00	; 0
    12fa:	8a 81       	ldd	r24, Y+2	; 0x02
    12fc:	80 83       	st	Z, r24
        }
    }
}
    12fe:	0f 90       	pop	r0
    1300:	0f 90       	pop	r0
    1302:	0f 90       	pop	r0
    1304:	0f 90       	pop	r0
    1306:	cf 91       	pop	r28
    1308:	df 91       	pop	r29
    130a:	08 95       	ret

0000130c <DIO_voidSetPortValue>:

/****************** Set Port Value Function **************************/
void DIO_voidSetPortValue(u8 PortID, u8 Value)
{
    130c:	df 93       	push	r29
    130e:	cf 93       	push	r28
    1310:	00 d0       	rcall	.+0      	; 0x1312 <DIO_voidSetPortValue+0x6>
    1312:	00 d0       	rcall	.+0      	; 0x1314 <DIO_voidSetPortValue+0x8>
    1314:	cd b7       	in	r28, 0x3d	; 61
    1316:	de b7       	in	r29, 0x3e	; 62
    1318:	89 83       	std	Y+1, r24	; 0x01
    131a:	6a 83       	std	Y+2, r22	; 0x02
    if(PortID < 4)
    131c:	89 81       	ldd	r24, Y+1	; 0x01
    131e:	84 30       	cpi	r24, 0x04	; 4
    1320:	90 f5       	brcc	.+100    	; 0x1386 <DIO_voidSetPortValue+0x7a>
    {
        switch(PortID)
    1322:	89 81       	ldd	r24, Y+1	; 0x01
    1324:	28 2f       	mov	r18, r24
    1326:	30 e0       	ldi	r19, 0x00	; 0
    1328:	3c 83       	std	Y+4, r19	; 0x04
    132a:	2b 83       	std	Y+3, r18	; 0x03
    132c:	8b 81       	ldd	r24, Y+3	; 0x03
    132e:	9c 81       	ldd	r25, Y+4	; 0x04
    1330:	81 30       	cpi	r24, 0x01	; 1
    1332:	91 05       	cpc	r25, r1
    1334:	d1 f0       	breq	.+52     	; 0x136a <DIO_voidSetPortValue+0x5e>
    1336:	2b 81       	ldd	r18, Y+3	; 0x03
    1338:	3c 81       	ldd	r19, Y+4	; 0x04
    133a:	22 30       	cpi	r18, 0x02	; 2
    133c:	31 05       	cpc	r19, r1
    133e:	2c f4       	brge	.+10     	; 0x134a <DIO_voidSetPortValue+0x3e>
    1340:	8b 81       	ldd	r24, Y+3	; 0x03
    1342:	9c 81       	ldd	r25, Y+4	; 0x04
    1344:	00 97       	sbiw	r24, 0x00	; 0
    1346:	61 f0       	breq	.+24     	; 0x1360 <DIO_voidSetPortValue+0x54>
    1348:	1e c0       	rjmp	.+60     	; 0x1386 <DIO_voidSetPortValue+0x7a>
    134a:	2b 81       	ldd	r18, Y+3	; 0x03
    134c:	3c 81       	ldd	r19, Y+4	; 0x04
    134e:	22 30       	cpi	r18, 0x02	; 2
    1350:	31 05       	cpc	r19, r1
    1352:	81 f0       	breq	.+32     	; 0x1374 <DIO_voidSetPortValue+0x68>
    1354:	8b 81       	ldd	r24, Y+3	; 0x03
    1356:	9c 81       	ldd	r25, Y+4	; 0x04
    1358:	83 30       	cpi	r24, 0x03	; 3
    135a:	91 05       	cpc	r25, r1
    135c:	81 f0       	breq	.+32     	; 0x137e <DIO_voidSetPortValue+0x72>
    135e:	13 c0       	rjmp	.+38     	; 0x1386 <DIO_voidSetPortValue+0x7a>
        {
            case DIO_PORTA: PORTA = Value; break;
    1360:	eb e3       	ldi	r30, 0x3B	; 59
    1362:	f0 e0       	ldi	r31, 0x00	; 0
    1364:	8a 81       	ldd	r24, Y+2	; 0x02
    1366:	80 83       	st	Z, r24
    1368:	0e c0       	rjmp	.+28     	; 0x1386 <DIO_voidSetPortValue+0x7a>
            case DIO_PORTB: PORTB = Value; break;
    136a:	e8 e3       	ldi	r30, 0x38	; 56
    136c:	f0 e0       	ldi	r31, 0x00	; 0
    136e:	8a 81       	ldd	r24, Y+2	; 0x02
    1370:	80 83       	st	Z, r24
    1372:	09 c0       	rjmp	.+18     	; 0x1386 <DIO_voidSetPortValue+0x7a>
            case DIO_PORTC: PORTC = Value; break;
    1374:	e5 e3       	ldi	r30, 0x35	; 53
    1376:	f0 e0       	ldi	r31, 0x00	; 0
    1378:	8a 81       	ldd	r24, Y+2	; 0x02
    137a:	80 83       	st	Z, r24
    137c:	04 c0       	rjmp	.+8      	; 0x1386 <DIO_voidSetPortValue+0x7a>
            case DIO_PORTD: PORTD = Value; break;
    137e:	e2 e3       	ldi	r30, 0x32	; 50
    1380:	f0 e0       	ldi	r31, 0x00	; 0
    1382:	8a 81       	ldd	r24, Y+2	; 0x02
    1384:	80 83       	st	Z, r24
        }
    }
}
    1386:	0f 90       	pop	r0
    1388:	0f 90       	pop	r0
    138a:	0f 90       	pop	r0
    138c:	0f 90       	pop	r0
    138e:	cf 91       	pop	r28
    1390:	df 91       	pop	r29
    1392:	08 95       	ret

00001394 <LED_voidInit>:
#include "../../std_lib/Bit_Math.h"
#include "../DIO/Dio_Int.h"
#include "led_int.h"

void LED_voidInit(u8 u8LedColor)
{
    1394:	df 93       	push	r29
    1396:	cf 93       	push	r28
    1398:	00 d0       	rcall	.+0      	; 0x139a <LED_voidInit+0x6>
    139a:	0f 92       	push	r0
    139c:	cd b7       	in	r28, 0x3d	; 61
    139e:	de b7       	in	r29, 0x3e	; 62
    13a0:	89 83       	std	Y+1, r24	; 0x01

    switch (u8LedColor)
    13a2:	89 81       	ldd	r24, Y+1	; 0x01
    13a4:	28 2f       	mov	r18, r24
    13a6:	30 e0       	ldi	r19, 0x00	; 0
    13a8:	3b 83       	std	Y+3, r19	; 0x03
    13aa:	2a 83       	std	Y+2, r18	; 0x02
    13ac:	8a 81       	ldd	r24, Y+2	; 0x02
    13ae:	9b 81       	ldd	r25, Y+3	; 0x03
    13b0:	81 30       	cpi	r24, 0x01	; 1
    13b2:	91 05       	cpc	r25, r1
    13b4:	79 f0       	breq	.+30     	; 0x13d4 <LED_voidInit+0x40>
    13b6:	2a 81       	ldd	r18, Y+2	; 0x02
    13b8:	3b 81       	ldd	r19, Y+3	; 0x03
    13ba:	22 30       	cpi	r18, 0x02	; 2
    13bc:	31 05       	cpc	r19, r1
    13be:	81 f0       	breq	.+32     	; 0x13e0 <LED_voidInit+0x4c>
    13c0:	8a 81       	ldd	r24, Y+2	; 0x02
    13c2:	9b 81       	ldd	r25, Y+3	; 0x03
    13c4:	00 97       	sbiw	r24, 0x00	; 0
    13c6:	89 f4       	brne	.+34     	; 0x13ea <LED_voidInit+0x56>
    {
        case LED_GREEN:  DIO_voidSetPinDirection(DIO_PORTB, PIN0, OUTPUT); break;
    13c8:	81 e0       	ldi	r24, 0x01	; 1
    13ca:	60 e0       	ldi	r22, 0x00	; 0
    13cc:	41 e0       	ldi	r20, 0x01	; 1
    13ce:	0e 94 2b 06 	call	0xc56	; 0xc56 <DIO_voidSetPinDirection>
    13d2:	0b c0       	rjmp	.+22     	; 0x13ea <LED_voidInit+0x56>
        case LED_YELLOW: DIO_voidSetPinDirection(DIO_PORTB, PIN1, OUTPUT); break;
    13d4:	81 e0       	ldi	r24, 0x01	; 1
    13d6:	61 e0       	ldi	r22, 0x01	; 1
    13d8:	41 e0       	ldi	r20, 0x01	; 1
    13da:	0e 94 2b 06 	call	0xc56	; 0xc56 <DIO_voidSetPinDirection>
    13de:	05 c0       	rjmp	.+10     	; 0x13ea <LED_voidInit+0x56>
        case LED_RED:    DIO_voidSetPinDirection(DIO_PORTB, PIN2, OUTPUT); break;
    13e0:	81 e0       	ldi	r24, 0x01	; 1
    13e2:	62 e0       	ldi	r22, 0x02	; 2
    13e4:	41 e0       	ldi	r20, 0x01	; 1
    13e6:	0e 94 2b 06 	call	0xc56	; 0xc56 <DIO_voidSetPinDirection>
    }
}
    13ea:	0f 90       	pop	r0
    13ec:	0f 90       	pop	r0
    13ee:	0f 90       	pop	r0
    13f0:	cf 91       	pop	r28
    13f2:	df 91       	pop	r29
    13f4:	08 95       	ret

000013f6 <LED_voidTurnOn>:

void LED_voidTurnOn(u8 u8LedColor)
{
    13f6:	df 93       	push	r29
    13f8:	cf 93       	push	r28
    13fa:	00 d0       	rcall	.+0      	; 0x13fc <LED_voidTurnOn+0x6>
    13fc:	0f 92       	push	r0
    13fe:	cd b7       	in	r28, 0x3d	; 61
    1400:	de b7       	in	r29, 0x3e	; 62
    1402:	89 83       	std	Y+1, r24	; 0x01
    switch (u8LedColor)
    1404:	89 81       	ldd	r24, Y+1	; 0x01
    1406:	28 2f       	mov	r18, r24
    1408:	30 e0       	ldi	r19, 0x00	; 0
    140a:	3b 83       	std	Y+3, r19	; 0x03
    140c:	2a 83       	std	Y+2, r18	; 0x02
    140e:	8a 81       	ldd	r24, Y+2	; 0x02
    1410:	9b 81       	ldd	r25, Y+3	; 0x03
    1412:	81 30       	cpi	r24, 0x01	; 1
    1414:	91 05       	cpc	r25, r1
    1416:	91 f0       	breq	.+36     	; 0x143c <LED_voidTurnOn+0x46>
    1418:	2a 81       	ldd	r18, Y+2	; 0x02
    141a:	3b 81       	ldd	r19, Y+3	; 0x03
    141c:	22 30       	cpi	r18, 0x02	; 2
    141e:	31 05       	cpc	r19, r1
    1420:	b1 f0       	breq	.+44     	; 0x144e <LED_voidTurnOn+0x58>
    1422:	8a 81       	ldd	r24, Y+2	; 0x02
    1424:	9b 81       	ldd	r25, Y+3	; 0x03
    1426:	00 97       	sbiw	r24, 0x00	; 0
    1428:	d1 f4       	brne	.+52     	; 0x145e <LED_voidTurnOn+0x68>
    {
        case LED_GREEN:  DIO_voidSetPinValue(DIO_PORTB, PIN0, HIGH); break;
    142a:	81 e0       	ldi	r24, 0x01	; 1
    142c:	90 e0       	ldi	r25, 0x00	; 0
    142e:	60 e0       	ldi	r22, 0x00	; 0
    1430:	70 e0       	ldi	r23, 0x00	; 0
    1432:	41 e0       	ldi	r20, 0x01	; 1
    1434:	50 e0       	ldi	r21, 0x00	; 0
    1436:	0e 94 33 07 	call	0xe66	; 0xe66 <DIO_voidSetPinValue>
    143a:	11 c0       	rjmp	.+34     	; 0x145e <LED_voidTurnOn+0x68>
        case LED_YELLOW: DIO_voidSetPinValue(DIO_PORTB, PIN1, HIGH); break;
    143c:	81 e0       	ldi	r24, 0x01	; 1
    143e:	90 e0       	ldi	r25, 0x00	; 0
    1440:	61 e0       	ldi	r22, 0x01	; 1
    1442:	70 e0       	ldi	r23, 0x00	; 0
    1444:	41 e0       	ldi	r20, 0x01	; 1
    1446:	50 e0       	ldi	r21, 0x00	; 0
    1448:	0e 94 33 07 	call	0xe66	; 0xe66 <DIO_voidSetPinValue>
    144c:	08 c0       	rjmp	.+16     	; 0x145e <LED_voidTurnOn+0x68>
        case LED_RED:    DIO_voidSetPinValue(DIO_PORTB, PIN2, HIGH); break;
    144e:	81 e0       	ldi	r24, 0x01	; 1
    1450:	90 e0       	ldi	r25, 0x00	; 0
    1452:	62 e0       	ldi	r22, 0x02	; 2
    1454:	70 e0       	ldi	r23, 0x00	; 0
    1456:	41 e0       	ldi	r20, 0x01	; 1
    1458:	50 e0       	ldi	r21, 0x00	; 0
    145a:	0e 94 33 07 	call	0xe66	; 0xe66 <DIO_voidSetPinValue>
    }
}
    145e:	0f 90       	pop	r0
    1460:	0f 90       	pop	r0
    1462:	0f 90       	pop	r0
    1464:	cf 91       	pop	r28
    1466:	df 91       	pop	r29
    1468:	08 95       	ret

0000146a <LED_voidTurnOff>:

void LED_voidTurnOff(u8 u8LedColor)
{
    146a:	df 93       	push	r29
    146c:	cf 93       	push	r28
    146e:	00 d0       	rcall	.+0      	; 0x1470 <LED_voidTurnOff+0x6>
    1470:	0f 92       	push	r0
    1472:	cd b7       	in	r28, 0x3d	; 61
    1474:	de b7       	in	r29, 0x3e	; 62
    1476:	89 83       	std	Y+1, r24	; 0x01
    switch (u8LedColor)
    1478:	89 81       	ldd	r24, Y+1	; 0x01
    147a:	28 2f       	mov	r18, r24
    147c:	30 e0       	ldi	r19, 0x00	; 0
    147e:	3b 83       	std	Y+3, r19	; 0x03
    1480:	2a 83       	std	Y+2, r18	; 0x02
    1482:	8a 81       	ldd	r24, Y+2	; 0x02
    1484:	9b 81       	ldd	r25, Y+3	; 0x03
    1486:	81 30       	cpi	r24, 0x01	; 1
    1488:	91 05       	cpc	r25, r1
    148a:	91 f0       	breq	.+36     	; 0x14b0 <LED_voidTurnOff+0x46>
    148c:	2a 81       	ldd	r18, Y+2	; 0x02
    148e:	3b 81       	ldd	r19, Y+3	; 0x03
    1490:	22 30       	cpi	r18, 0x02	; 2
    1492:	31 05       	cpc	r19, r1
    1494:	b1 f0       	breq	.+44     	; 0x14c2 <LED_voidTurnOff+0x58>
    1496:	8a 81       	ldd	r24, Y+2	; 0x02
    1498:	9b 81       	ldd	r25, Y+3	; 0x03
    149a:	00 97       	sbiw	r24, 0x00	; 0
    149c:	d1 f4       	brne	.+52     	; 0x14d2 <LED_voidTurnOff+0x68>
    {
        case LED_GREEN:  DIO_voidSetPinValue(DIO_PORTB, PIN0, LOW); break;
    149e:	81 e0       	ldi	r24, 0x01	; 1
    14a0:	90 e0       	ldi	r25, 0x00	; 0
    14a2:	60 e0       	ldi	r22, 0x00	; 0
    14a4:	70 e0       	ldi	r23, 0x00	; 0
    14a6:	40 e0       	ldi	r20, 0x00	; 0
    14a8:	50 e0       	ldi	r21, 0x00	; 0
    14aa:	0e 94 33 07 	call	0xe66	; 0xe66 <DIO_voidSetPinValue>
    14ae:	11 c0       	rjmp	.+34     	; 0x14d2 <LED_voidTurnOff+0x68>
        case LED_YELLOW: DIO_voidSetPinValue(DIO_PORTB, PIN1, LOW); break;
    14b0:	81 e0       	ldi	r24, 0x01	; 1
    14b2:	90 e0       	ldi	r25, 0x00	; 0
    14b4:	61 e0       	ldi	r22, 0x01	; 1
    14b6:	70 e0       	ldi	r23, 0x00	; 0
    14b8:	40 e0       	ldi	r20, 0x00	; 0
    14ba:	50 e0       	ldi	r21, 0x00	; 0
    14bc:	0e 94 33 07 	call	0xe66	; 0xe66 <DIO_voidSetPinValue>
    14c0:	08 c0       	rjmp	.+16     	; 0x14d2 <LED_voidTurnOff+0x68>
        case LED_RED:    DIO_voidSetPinValue(DIO_PORTB, PIN2, LOW); break;
    14c2:	81 e0       	ldi	r24, 0x01	; 1
    14c4:	90 e0       	ldi	r25, 0x00	; 0
    14c6:	62 e0       	ldi	r22, 0x02	; 2
    14c8:	70 e0       	ldi	r23, 0x00	; 0
    14ca:	40 e0       	ldi	r20, 0x00	; 0
    14cc:	50 e0       	ldi	r21, 0x00	; 0
    14ce:	0e 94 33 07 	call	0xe66	; 0xe66 <DIO_voidSetPinValue>
    }
}
    14d2:	0f 90       	pop	r0
    14d4:	0f 90       	pop	r0
    14d6:	0f 90       	pop	r0
    14d8:	cf 91       	pop	r28
    14da:	df 91       	pop	r29
    14dc:	08 95       	ret

000014de <LED_voidToggle>:

void LED_voidToggle(u8 u8LedColor)
{
    14de:	df 93       	push	r29
    14e0:	cf 93       	push	r28
    14e2:	00 d0       	rcall	.+0      	; 0x14e4 <LED_voidToggle+0x6>
    14e4:	0f 92       	push	r0
    14e6:	cd b7       	in	r28, 0x3d	; 61
    14e8:	de b7       	in	r29, 0x3e	; 62
    14ea:	89 83       	std	Y+1, r24	; 0x01
    switch (u8LedColor)
    14ec:	89 81       	ldd	r24, Y+1	; 0x01
    14ee:	28 2f       	mov	r18, r24
    14f0:	30 e0       	ldi	r19, 0x00	; 0
    14f2:	3b 83       	std	Y+3, r19	; 0x03
    14f4:	2a 83       	std	Y+2, r18	; 0x02
    14f6:	8a 81       	ldd	r24, Y+2	; 0x02
    14f8:	9b 81       	ldd	r25, Y+3	; 0x03
    14fa:	81 30       	cpi	r24, 0x01	; 1
    14fc:	91 05       	cpc	r25, r1
    14fe:	71 f0       	breq	.+28     	; 0x151c <LED_voidToggle+0x3e>
    1500:	2a 81       	ldd	r18, Y+2	; 0x02
    1502:	3b 81       	ldd	r19, Y+3	; 0x03
    1504:	22 30       	cpi	r18, 0x02	; 2
    1506:	31 05       	cpc	r19, r1
    1508:	71 f0       	breq	.+28     	; 0x1526 <LED_voidToggle+0x48>
    150a:	8a 81       	ldd	r24, Y+2	; 0x02
    150c:	9b 81       	ldd	r25, Y+3	; 0x03
    150e:	00 97       	sbiw	r24, 0x00	; 0
    1510:	71 f4       	brne	.+28     	; 0x152e <LED_voidToggle+0x50>
    {
        case LED_GREEN:  DIO_voidTogglePinValue(DIO_PORTB, PIN0); break;
    1512:	81 e0       	ldi	r24, 0x01	; 1
    1514:	60 e0       	ldi	r22, 0x00	; 0
    1516:	0e 94 bd 08 	call	0x117a	; 0x117a <DIO_voidTogglePinValue>
    151a:	09 c0       	rjmp	.+18     	; 0x152e <LED_voidToggle+0x50>
        case LED_YELLOW: DIO_voidTogglePinValue(DIO_PORTB, PIN1); break;
    151c:	81 e0       	ldi	r24, 0x01	; 1
    151e:	61 e0       	ldi	r22, 0x01	; 1
    1520:	0e 94 bd 08 	call	0x117a	; 0x117a <DIO_voidTogglePinValue>
    1524:	04 c0       	rjmp	.+8      	; 0x152e <LED_voidToggle+0x50>
        case LED_RED:    DIO_voidTogglePinValue(DIO_PORTB, PIN2); break;
    1526:	81 e0       	ldi	r24, 0x01	; 1
    1528:	62 e0       	ldi	r22, 0x02	; 2
    152a:	0e 94 bd 08 	call	0x117a	; 0x117a <DIO_voidTogglePinValue>
    }
}
    152e:	0f 90       	pop	r0
    1530:	0f 90       	pop	r0
    1532:	0f 90       	pop	r0
    1534:	cf 91       	pop	r28
    1536:	df 91       	pop	r29
    1538:	08 95       	ret

0000153a <main>:
/***      title : final project             ***/
/***      file : timer 1 main   ***/
#include <avr/delay.h>
#include "mcal/TIMER for servo/Timer1_Int.h"
int main(void)
{
    153a:	df 93       	push	r29
    153c:	cf 93       	push	r28
    153e:	cd b7       	in	r28, 0x3d	; 61
    1540:	de b7       	in	r29, 0x3e	; 62
    1542:	6c 97       	sbiw	r28, 0x1c	; 28
    1544:	0f b6       	in	r0, 0x3f	; 63
    1546:	f8 94       	cli
    1548:	de bf       	out	0x3e, r29	; 62
    154a:	0f be       	out	0x3f, r0	; 63
    154c:	cd bf       	out	0x3d, r28	; 61
    TIMER1_voidServoInit();
    154e:	0e 94 9b 05 	call	0xb36	; 0xb36 <TIMER1_voidServoInit>

    TIMER1_voidServoSetAngle(0);
    1552:	80 e0       	ldi	r24, 0x00	; 0
    1554:	90 e0       	ldi	r25, 0x00	; 0
    1556:	0e 94 e1 05 	call	0xbc2	; 0xbc2 <TIMER1_voidServoSetAngle>
    155a:	80 e0       	ldi	r24, 0x00	; 0
    155c:	90 e0       	ldi	r25, 0x00	; 0
    155e:	aa ef       	ldi	r26, 0xFA	; 250
    1560:	b4 e4       	ldi	r27, 0x44	; 68
    1562:	89 8f       	std	Y+25, r24	; 0x19
    1564:	9a 8f       	std	Y+26, r25	; 0x1a
    1566:	ab 8f       	std	Y+27, r26	; 0x1b
    1568:	bc 8f       	std	Y+28, r27	; 0x1c
 */
void
_delay_ms(double __ms)
{
	uint16_t __ticks;
	double __tmp = ((F_CPU) / 4e3) * __ms;
    156a:	69 8d       	ldd	r22, Y+25	; 0x19
    156c:	7a 8d       	ldd	r23, Y+26	; 0x1a
    156e:	8b 8d       	ldd	r24, Y+27	; 0x1b
    1570:	9c 8d       	ldd	r25, Y+28	; 0x1c
    1572:	20 e0       	ldi	r18, 0x00	; 0
    1574:	30 e0       	ldi	r19, 0x00	; 0
    1576:	4a ef       	ldi	r20, 0xFA	; 250
    1578:	54 e4       	ldi	r21, 0x44	; 68
    157a:	0e 94 17 02 	call	0x42e	; 0x42e <__mulsf3>
    157e:	dc 01       	movw	r26, r24
    1580:	cb 01       	movw	r24, r22
    1582:	8d 8b       	std	Y+21, r24	; 0x15
    1584:	9e 8b       	std	Y+22, r25	; 0x16
    1586:	af 8b       	std	Y+23, r26	; 0x17
    1588:	b8 8f       	std	Y+24, r27	; 0x18
	if (__tmp < 1.0)
    158a:	6d 89       	ldd	r22, Y+21	; 0x15
    158c:	7e 89       	ldd	r23, Y+22	; 0x16
    158e:	8f 89       	ldd	r24, Y+23	; 0x17
    1590:	98 8d       	ldd	r25, Y+24	; 0x18
    1592:	20 e0       	ldi	r18, 0x00	; 0
    1594:	30 e0       	ldi	r19, 0x00	; 0
    1596:	40 e8       	ldi	r20, 0x80	; 128
    1598:	5f e3       	ldi	r21, 0x3F	; 63
    159a:	0e 94 71 03 	call	0x6e2	; 0x6e2 <__ltsf2>
    159e:	88 23       	and	r24, r24
    15a0:	2c f4       	brge	.+10     	; 0x15ac <main+0x72>
		__ticks = 1;
    15a2:	81 e0       	ldi	r24, 0x01	; 1
    15a4:	90 e0       	ldi	r25, 0x00	; 0
    15a6:	9c 8b       	std	Y+20, r25	; 0x14
    15a8:	8b 8b       	std	Y+19, r24	; 0x13
    15aa:	3f c0       	rjmp	.+126    	; 0x162a <main+0xf0>
	else if (__tmp > 65535)
    15ac:	6d 89       	ldd	r22, Y+21	; 0x15
    15ae:	7e 89       	ldd	r23, Y+22	; 0x16
    15b0:	8f 89       	ldd	r24, Y+23	; 0x17
    15b2:	98 8d       	ldd	r25, Y+24	; 0x18
    15b4:	20 e0       	ldi	r18, 0x00	; 0
    15b6:	3f ef       	ldi	r19, 0xFF	; 255
    15b8:	4f e7       	ldi	r20, 0x7F	; 127
    15ba:	57 e4       	ldi	r21, 0x47	; 71
    15bc:	0e 94 11 03 	call	0x622	; 0x622 <__gtsf2>
    15c0:	18 16       	cp	r1, r24
    15c2:	4c f5       	brge	.+82     	; 0x1616 <main+0xdc>
	{
		//	__ticks = requested delay in 1/10 ms
		__ticks = (uint16_t) (__ms * 10.0);
    15c4:	69 8d       	ldd	r22, Y+25	; 0x19
    15c6:	7a 8d       	ldd	r23, Y+26	; 0x1a
    15c8:	8b 8d       	ldd	r24, Y+27	; 0x1b
    15ca:	9c 8d       	ldd	r25, Y+28	; 0x1c
    15cc:	20 e0       	ldi	r18, 0x00	; 0
    15ce:	30 e0       	ldi	r19, 0x00	; 0
    15d0:	40 e2       	ldi	r20, 0x20	; 32
    15d2:	51 e4       	ldi	r21, 0x41	; 65
    15d4:	0e 94 17 02 	call	0x42e	; 0x42e <__mulsf3>
    15d8:	dc 01       	movw	r26, r24
    15da:	cb 01       	movw	r24, r22
    15dc:	bc 01       	movw	r22, r24
    15de:	cd 01       	movw	r24, r26
    15e0:	0e 94 41 00 	call	0x82	; 0x82 <__fixunssfsi>
    15e4:	dc 01       	movw	r26, r24
    15e6:	cb 01       	movw	r24, r22
    15e8:	9c 8b       	std	Y+20, r25	; 0x14
    15ea:	8b 8b       	std	Y+19, r24	; 0x13
    15ec:	0f c0       	rjmp	.+30     	; 0x160c <main+0xd2>
    15ee:	88 ec       	ldi	r24, 0xC8	; 200
    15f0:	90 e0       	ldi	r25, 0x00	; 0
    15f2:	9a 8b       	std	Y+18, r25	; 0x12
    15f4:	89 8b       	std	Y+17, r24	; 0x11
    milliseconds can be achieved.
 */
void
_delay_loop_2(uint16_t __count)
{
	__asm__ volatile (
    15f6:	89 89       	ldd	r24, Y+17	; 0x11
    15f8:	9a 89       	ldd	r25, Y+18	; 0x12
    15fa:	01 97       	sbiw	r24, 0x01	; 1
    15fc:	f1 f7       	brne	.-4      	; 0x15fa <main+0xc0>
    15fe:	9a 8b       	std	Y+18, r25	; 0x12
    1600:	89 8b       	std	Y+17, r24	; 0x11
		while(__ticks)
		{
			// wait 1/10 ms
			_delay_loop_2(((F_CPU) / 4e3) / 10);
			__ticks --;
    1602:	8b 89       	ldd	r24, Y+19	; 0x13
    1604:	9c 89       	ldd	r25, Y+20	; 0x14
    1606:	01 97       	sbiw	r24, 0x01	; 1
    1608:	9c 8b       	std	Y+20, r25	; 0x14
    160a:	8b 8b       	std	Y+19, r24	; 0x13
		__ticks = 1;
	else if (__tmp > 65535)
	{
		//	__ticks = requested delay in 1/10 ms
		__ticks = (uint16_t) (__ms * 10.0);
		while(__ticks)
    160c:	8b 89       	ldd	r24, Y+19	; 0x13
    160e:	9c 89       	ldd	r25, Y+20	; 0x14
    1610:	00 97       	sbiw	r24, 0x00	; 0
    1612:	69 f7       	brne	.-38     	; 0x15ee <main+0xb4>
    1614:	14 c0       	rjmp	.+40     	; 0x163e <main+0x104>
			__ticks --;
		}
		return;
	}
	else
		__ticks = (uint16_t)__tmp;
    1616:	6d 89       	ldd	r22, Y+21	; 0x15
    1618:	7e 89       	ldd	r23, Y+22	; 0x16
    161a:	8f 89       	ldd	r24, Y+23	; 0x17
    161c:	98 8d       	ldd	r25, Y+24	; 0x18
    161e:	0e 94 41 00 	call	0x82	; 0x82 <__fixunssfsi>
    1622:	dc 01       	movw	r26, r24
    1624:	cb 01       	movw	r24, r22
    1626:	9c 8b       	std	Y+20, r25	; 0x14
    1628:	8b 8b       	std	Y+19, r24	; 0x13
    162a:	8b 89       	ldd	r24, Y+19	; 0x13
    162c:	9c 89       	ldd	r25, Y+20	; 0x14
    162e:	98 8b       	std	Y+16, r25	; 0x10
    1630:	8f 87       	std	Y+15, r24	; 0x0f
    1632:	8f 85       	ldd	r24, Y+15	; 0x0f
    1634:	98 89       	ldd	r25, Y+16	; 0x10
    1636:	01 97       	sbiw	r24, 0x01	; 1
    1638:	f1 f7       	brne	.-4      	; 0x1636 <main+0xfc>
    163a:	98 8b       	std	Y+16, r25	; 0x10
    163c:	8f 87       	std	Y+15, r24	; 0x0f
    _delay_ms(2000);

    TIMER1_voidServoSetAngle(90);
    163e:	8a e5       	ldi	r24, 0x5A	; 90
    1640:	90 e0       	ldi	r25, 0x00	; 0
    1642:	0e 94 e1 05 	call	0xbc2	; 0xbc2 <TIMER1_voidServoSetAngle>
    1646:	80 e0       	ldi	r24, 0x00	; 0
    1648:	90 e0       	ldi	r25, 0x00	; 0
    164a:	aa ef       	ldi	r26, 0xFA	; 250
    164c:	b4 e4       	ldi	r27, 0x44	; 68
    164e:	8b 87       	std	Y+11, r24	; 0x0b
    1650:	9c 87       	std	Y+12, r25	; 0x0c
    1652:	ad 87       	std	Y+13, r26	; 0x0d
    1654:	be 87       	std	Y+14, r27	; 0x0e
 */
void
_delay_ms(double __ms)
{
	uint16_t __ticks;
	double __tmp = ((F_CPU) / 4e3) * __ms;
    1656:	6b 85       	ldd	r22, Y+11	; 0x0b
    1658:	7c 85       	ldd	r23, Y+12	; 0x0c
    165a:	8d 85       	ldd	r24, Y+13	; 0x0d
    165c:	9e 85       	ldd	r25, Y+14	; 0x0e
    165e:	20 e0       	ldi	r18, 0x00	; 0
    1660:	30 e0       	ldi	r19, 0x00	; 0
    1662:	4a ef       	ldi	r20, 0xFA	; 250
    1664:	54 e4       	ldi	r21, 0x44	; 68
    1666:	0e 94 17 02 	call	0x42e	; 0x42e <__mulsf3>
    166a:	dc 01       	movw	r26, r24
    166c:	cb 01       	movw	r24, r22
    166e:	8f 83       	std	Y+7, r24	; 0x07
    1670:	98 87       	std	Y+8, r25	; 0x08
    1672:	a9 87       	std	Y+9, r26	; 0x09
    1674:	ba 87       	std	Y+10, r27	; 0x0a
	if (__tmp < 1.0)
    1676:	6f 81       	ldd	r22, Y+7	; 0x07
    1678:	78 85       	ldd	r23, Y+8	; 0x08
    167a:	89 85       	ldd	r24, Y+9	; 0x09
    167c:	9a 85       	ldd	r25, Y+10	; 0x0a
    167e:	20 e0       	ldi	r18, 0x00	; 0
    1680:	30 e0       	ldi	r19, 0x00	; 0
    1682:	40 e8       	ldi	r20, 0x80	; 128
    1684:	5f e3       	ldi	r21, 0x3F	; 63
    1686:	0e 94 71 03 	call	0x6e2	; 0x6e2 <__ltsf2>
    168a:	88 23       	and	r24, r24
    168c:	2c f4       	brge	.+10     	; 0x1698 <main+0x15e>
		__ticks = 1;
    168e:	81 e0       	ldi	r24, 0x01	; 1
    1690:	90 e0       	ldi	r25, 0x00	; 0
    1692:	9e 83       	std	Y+6, r25	; 0x06
    1694:	8d 83       	std	Y+5, r24	; 0x05
    1696:	3f c0       	rjmp	.+126    	; 0x1716 <main+0x1dc>
	else if (__tmp > 65535)
    1698:	6f 81       	ldd	r22, Y+7	; 0x07
    169a:	78 85       	ldd	r23, Y+8	; 0x08
    169c:	89 85       	ldd	r24, Y+9	; 0x09
    169e:	9a 85       	ldd	r25, Y+10	; 0x0a
    16a0:	20 e0       	ldi	r18, 0x00	; 0
    16a2:	3f ef       	ldi	r19, 0xFF	; 255
    16a4:	4f e7       	ldi	r20, 0x7F	; 127
    16a6:	57 e4       	ldi	r21, 0x47	; 71
    16a8:	0e 94 11 03 	call	0x622	; 0x622 <__gtsf2>
    16ac:	18 16       	cp	r1, r24
    16ae:	4c f5       	brge	.+82     	; 0x1702 <main+0x1c8>
	{
		//	__ticks = requested delay in 1/10 ms
		__ticks = (uint16_t) (__ms * 10.0);
    16b0:	6b 85       	ldd	r22, Y+11	; 0x0b
    16b2:	7c 85       	ldd	r23, Y+12	; 0x0c
    16b4:	8d 85       	ldd	r24, Y+13	; 0x0d
    16b6:	9e 85       	ldd	r25, Y+14	; 0x0e
    16b8:	20 e0       	ldi	r18, 0x00	; 0
    16ba:	30 e0       	ldi	r19, 0x00	; 0
    16bc:	40 e2       	ldi	r20, 0x20	; 32
    16be:	51 e4       	ldi	r21, 0x41	; 65
    16c0:	0e 94 17 02 	call	0x42e	; 0x42e <__mulsf3>
    16c4:	dc 01       	movw	r26, r24
    16c6:	cb 01       	movw	r24, r22
    16c8:	bc 01       	movw	r22, r24
    16ca:	cd 01       	movw	r24, r26
    16cc:	0e 94 41 00 	call	0x82	; 0x82 <__fixunssfsi>
    16d0:	dc 01       	movw	r26, r24
    16d2:	cb 01       	movw	r24, r22
    16d4:	9e 83       	std	Y+6, r25	; 0x06
    16d6:	8d 83       	std	Y+5, r24	; 0x05
    16d8:	0f c0       	rjmp	.+30     	; 0x16f8 <main+0x1be>
    16da:	88 ec       	ldi	r24, 0xC8	; 200
    16dc:	90 e0       	ldi	r25, 0x00	; 0
    16de:	9c 83       	std	Y+4, r25	; 0x04
    16e0:	8b 83       	std	Y+3, r24	; 0x03
    16e2:	8b 81       	ldd	r24, Y+3	; 0x03
    16e4:	9c 81       	ldd	r25, Y+4	; 0x04
    16e6:	01 97       	sbiw	r24, 0x01	; 1
    16e8:	f1 f7       	brne	.-4      	; 0x16e6 <main+0x1ac>
    16ea:	9c 83       	std	Y+4, r25	; 0x04
    16ec:	8b 83       	std	Y+3, r24	; 0x03
		while(__ticks)
		{
			// wait 1/10 ms
			_delay_loop_2(((F_CPU) / 4e3) / 10);
			__ticks --;
    16ee:	8d 81       	ldd	r24, Y+5	; 0x05
    16f0:	9e 81       	ldd	r25, Y+6	; 0x06
    16f2:	01 97       	sbiw	r24, 0x01	; 1
    16f4:	9e 83       	std	Y+6, r25	; 0x06
    16f6:	8d 83       	std	Y+5, r24	; 0x05
		__ticks = 1;
	else if (__tmp > 65535)
	{
		//	__ticks = requested delay in 1/10 ms
		__ticks = (uint16_t) (__ms * 10.0);
		while(__ticks)
    16f8:	8d 81       	ldd	r24, Y+5	; 0x05
    16fa:	9e 81       	ldd	r25, Y+6	; 0x06
    16fc:	00 97       	sbiw	r24, 0x00	; 0
    16fe:	69 f7       	brne	.-38     	; 0x16da <main+0x1a0>
    1700:	14 c0       	rjmp	.+40     	; 0x172a <main+0x1f0>
			__ticks --;
		}
		return;
	}
	else
		__ticks = (uint16_t)__tmp;
    1702:	6f 81       	ldd	r22, Y+7	; 0x07
    1704:	78 85       	ldd	r23, Y+8	; 0x08
    1706:	89 85       	ldd	r24, Y+9	; 0x09
    1708:	9a 85       	ldd	r25, Y+10	; 0x0a
    170a:	0e 94 41 00 	call	0x82	; 0x82 <__fixunssfsi>
    170e:	dc 01       	movw	r26, r24
    1710:	cb 01       	movw	r24, r22
    1712:	9e 83       	std	Y+6, r25	; 0x06
    1714:	8d 83       	std	Y+5, r24	; 0x05
    1716:	8d 81       	ldd	r24, Y+5	; 0x05
    1718:	9e 81       	ldd	r25, Y+6	; 0x06
    171a:	9a 83       	std	Y+2, r25	; 0x02
    171c:	89 83       	std	Y+1, r24	; 0x01
    171e:	89 81       	ldd	r24, Y+1	; 0x01
    1720:	9a 81       	ldd	r25, Y+2	; 0x02
    1722:	01 97       	sbiw	r24, 0x01	; 1
    1724:	f1 f7       	brne	.-4      	; 0x1722 <main+0x1e8>
    1726:	9a 83       	std	Y+2, r25	; 0x02
    1728:	89 83       	std	Y+1, r24	; 0x01
    172a:	ff cf       	rjmp	.-2      	; 0x172a <main+0x1f0>

0000172c <__mulsi3>:
    172c:	62 9f       	mul	r22, r18
    172e:	d0 01       	movw	r26, r0
    1730:	73 9f       	mul	r23, r19
    1732:	f0 01       	movw	r30, r0
    1734:	82 9f       	mul	r24, r18
    1736:	e0 0d       	add	r30, r0
    1738:	f1 1d       	adc	r31, r1
    173a:	64 9f       	mul	r22, r20
    173c:	e0 0d       	add	r30, r0
    173e:	f1 1d       	adc	r31, r1
    1740:	92 9f       	mul	r25, r18
    1742:	f0 0d       	add	r31, r0
    1744:	83 9f       	mul	r24, r19
    1746:	f0 0d       	add	r31, r0
    1748:	74 9f       	mul	r23, r20
    174a:	f0 0d       	add	r31, r0
    174c:	65 9f       	mul	r22, r21
    174e:	f0 0d       	add	r31, r0
    1750:	99 27       	eor	r25, r25
    1752:	72 9f       	mul	r23, r18
    1754:	b0 0d       	add	r27, r0
    1756:	e1 1d       	adc	r30, r1
    1758:	f9 1f       	adc	r31, r25
    175a:	63 9f       	mul	r22, r19
    175c:	b0 0d       	add	r27, r0
    175e:	e1 1d       	adc	r30, r1
    1760:	f9 1f       	adc	r31, r25
    1762:	bd 01       	movw	r22, r26
    1764:	cf 01       	movw	r24, r30
    1766:	11 24       	eor	r1, r1
    1768:	08 95       	ret

0000176a <__udivmodsi4>:
    176a:	a1 e2       	ldi	r26, 0x21	; 33
    176c:	1a 2e       	mov	r1, r26
    176e:	aa 1b       	sub	r26, r26
    1770:	bb 1b       	sub	r27, r27
    1772:	fd 01       	movw	r30, r26
    1774:	0d c0       	rjmp	.+26     	; 0x1790 <__udivmodsi4_ep>

00001776 <__udivmodsi4_loop>:
    1776:	aa 1f       	adc	r26, r26
    1778:	bb 1f       	adc	r27, r27
    177a:	ee 1f       	adc	r30, r30
    177c:	ff 1f       	adc	r31, r31
    177e:	a2 17       	cp	r26, r18
    1780:	b3 07       	cpc	r27, r19
    1782:	e4 07       	cpc	r30, r20
    1784:	f5 07       	cpc	r31, r21
    1786:	20 f0       	brcs	.+8      	; 0x1790 <__udivmodsi4_ep>
    1788:	a2 1b       	sub	r26, r18
    178a:	b3 0b       	sbc	r27, r19
    178c:	e4 0b       	sbc	r30, r20
    178e:	f5 0b       	sbc	r31, r21

00001790 <__udivmodsi4_ep>:
    1790:	66 1f       	adc	r22, r22
    1792:	77 1f       	adc	r23, r23
    1794:	88 1f       	adc	r24, r24
    1796:	99 1f       	adc	r25, r25
    1798:	1a 94       	dec	r1
    179a:	69 f7       	brne	.-38     	; 0x1776 <__udivmodsi4_loop>
    179c:	60 95       	com	r22
    179e:	70 95       	com	r23
    17a0:	80 95       	com	r24
    17a2:	90 95       	com	r25
    17a4:	9b 01       	movw	r18, r22
    17a6:	ac 01       	movw	r20, r24
    17a8:	bd 01       	movw	r22, r26
    17aa:	cf 01       	movw	r24, r30
    17ac:	08 95       	ret

000017ae <__prologue_saves__>:
    17ae:	2f 92       	push	r2
    17b0:	3f 92       	push	r3
    17b2:	4f 92       	push	r4
    17b4:	5f 92       	push	r5
    17b6:	6f 92       	push	r6
    17b8:	7f 92       	push	r7
    17ba:	8f 92       	push	r8
    17bc:	9f 92       	push	r9
    17be:	af 92       	push	r10
    17c0:	bf 92       	push	r11
    17c2:	cf 92       	push	r12
    17c4:	df 92       	push	r13
    17c6:	ef 92       	push	r14
    17c8:	ff 92       	push	r15
    17ca:	0f 93       	push	r16
    17cc:	1f 93       	push	r17
    17ce:	cf 93       	push	r28
    17d0:	df 93       	push	r29
    17d2:	cd b7       	in	r28, 0x3d	; 61
    17d4:	de b7       	in	r29, 0x3e	; 62
    17d6:	ca 1b       	sub	r28, r26
    17d8:	db 0b       	sbc	r29, r27
    17da:	0f b6       	in	r0, 0x3f	; 63
    17dc:	f8 94       	cli
    17de:	de bf       	out	0x3e, r29	; 62
    17e0:	0f be       	out	0x3f, r0	; 63
    17e2:	cd bf       	out	0x3d, r28	; 61
    17e4:	09 94       	ijmp

000017e6 <__epilogue_restores__>:
    17e6:	2a 88       	ldd	r2, Y+18	; 0x12
    17e8:	39 88       	ldd	r3, Y+17	; 0x11
    17ea:	48 88       	ldd	r4, Y+16	; 0x10
    17ec:	5f 84       	ldd	r5, Y+15	; 0x0f
    17ee:	6e 84       	ldd	r6, Y+14	; 0x0e
    17f0:	7d 84       	ldd	r7, Y+13	; 0x0d
    17f2:	8c 84       	ldd	r8, Y+12	; 0x0c
    17f4:	9b 84       	ldd	r9, Y+11	; 0x0b
    17f6:	aa 84       	ldd	r10, Y+10	; 0x0a
    17f8:	b9 84       	ldd	r11, Y+9	; 0x09
    17fa:	c8 84       	ldd	r12, Y+8	; 0x08
    17fc:	df 80       	ldd	r13, Y+7	; 0x07
    17fe:	ee 80       	ldd	r14, Y+6	; 0x06
    1800:	fd 80       	ldd	r15, Y+5	; 0x05
    1802:	0c 81       	ldd	r16, Y+4	; 0x04
    1804:	1b 81       	ldd	r17, Y+3	; 0x03
    1806:	aa 81       	ldd	r26, Y+2	; 0x02
    1808:	b9 81       	ldd	r27, Y+1	; 0x01
    180a:	ce 0f       	add	r28, r30
    180c:	d1 1d       	adc	r29, r1
    180e:	0f b6       	in	r0, 0x3f	; 63
    1810:	f8 94       	cli
    1812:	de bf       	out	0x3e, r29	; 62
    1814:	0f be       	out	0x3f, r0	; 63
    1816:	cd bf       	out	0x3d, r28	; 61
    1818:	ed 01       	movw	r28, r26
    181a:	08 95       	ret

0000181c <_exit>:
    181c:	f8 94       	cli

0000181e <__stop_program>:
    181e:	ff cf       	rjmp	.-2      	; 0x181e <__stop_program>
