
game.elf:     file format elf32-avr

Sections:
Idx Name          Size      VMA       LMA       File off  Algn
  0 .text         00001b76  00000000  00000000  00000094  2**1
                  CONTENTS, ALLOC, LOAD, READONLY, CODE
  1 .data         0000006e  00800060  00001b76  00001c0a  2**0
                  CONTENTS, ALLOC, LOAD, DATA
  2 .bss          00000002  008000ce  008000ce  00001c78  2**0
                  ALLOC
  3 .stab         00001950  00000000  00000000  00001c78  2**2
                  CONTENTS, READONLY, DEBUGGING
  4 .stabstr      00000e0d  00000000  00000000  000035c8  2**0
                  CONTENTS, READONLY, DEBUGGING
  5 .debug_aranges 00000140  00000000  00000000  000043d5  2**0
                  CONTENTS, READONLY, DEBUGGING
  6 .debug_pubnames 00000170  00000000  00000000  00004515  2**0
                  CONTENTS, READONLY, DEBUGGING
  7 .debug_info   00001c49  00000000  00000000  00004685  2**0
                  CONTENTS, READONLY, DEBUGGING
  8 .debug_abbrev 00000eeb  00000000  00000000  000062ce  2**0
                  CONTENTS, READONLY, DEBUGGING
  9 .debug_line   00000dad  00000000  00000000  000071b9  2**0
                  CONTENTS, READONLY, DEBUGGING
 10 .debug_frame  00000160  00000000  00000000  00007f68  2**2
                  CONTENTS, READONLY, DEBUGGING
 11 .debug_str    0000028d  00000000  00000000  000080c8  2**0
                  CONTENTS, READONLY, DEBUGGING
 12 .debug_loc    000007ce  00000000  00000000  00008355  2**0
                  CONTENTS, READONLY, DEBUGGING
 13 .debug_ranges 00000050  00000000  00000000  00008b23  2**0
                  CONTENTS, READONLY, DEBUGGING

Disassembly of section .text:

00000000 <__vectors>:
       0:	0c 94 2a 00 	jmp	0x54	; 0x54 <__ctors_end>
       4:	0c 94 47 00 	jmp	0x8e	; 0x8e <__bad_interrupt>
       8:	0c 94 47 00 	jmp	0x8e	; 0x8e <__bad_interrupt>
       c:	0c 94 47 00 	jmp	0x8e	; 0x8e <__bad_interrupt>
      10:	0c 94 47 00 	jmp	0x8e	; 0x8e <__bad_interrupt>
      14:	0c 94 47 00 	jmp	0x8e	; 0x8e <__bad_interrupt>
      18:	0c 94 47 00 	jmp	0x8e	; 0x8e <__bad_interrupt>
      1c:	0c 94 47 00 	jmp	0x8e	; 0x8e <__bad_interrupt>
      20:	0c 94 47 00 	jmp	0x8e	; 0x8e <__bad_interrupt>
      24:	0c 94 47 00 	jmp	0x8e	; 0x8e <__bad_interrupt>
      28:	0c 94 47 00 	jmp	0x8e	; 0x8e <__bad_interrupt>
      2c:	0c 94 47 00 	jmp	0x8e	; 0x8e <__bad_interrupt>
      30:	0c 94 47 00 	jmp	0x8e	; 0x8e <__bad_interrupt>
      34:	0c 94 47 00 	jmp	0x8e	; 0x8e <__bad_interrupt>
      38:	0c 94 47 00 	jmp	0x8e	; 0x8e <__bad_interrupt>
      3c:	0c 94 47 00 	jmp	0x8e	; 0x8e <__bad_interrupt>
      40:	0c 94 47 00 	jmp	0x8e	; 0x8e <__bad_interrupt>
      44:	0c 94 47 00 	jmp	0x8e	; 0x8e <__bad_interrupt>
      48:	0c 94 47 00 	jmp	0x8e	; 0x8e <__bad_interrupt>
      4c:	0c 94 47 00 	jmp	0x8e	; 0x8e <__bad_interrupt>
      50:	0c 94 47 00 	jmp	0x8e	; 0x8e <__bad_interrupt>

00000054 <__ctors_end>:
      54:	11 24       	eor	r1, r1
      56:	1f be       	out	0x3f, r1	; 63
      58:	cf e5       	ldi	r28, 0x5F	; 95
      5a:	d8 e0       	ldi	r29, 0x08	; 8
      5c:	de bf       	out	0x3e, r29	; 62
      5e:	cd bf       	out	0x3d, r28	; 61

00000060 <__do_copy_data>:
      60:	10 e0       	ldi	r17, 0x00	; 0
      62:	a0 e6       	ldi	r26, 0x60	; 96
      64:	b0 e0       	ldi	r27, 0x00	; 0
      66:	e6 e7       	ldi	r30, 0x76	; 118
      68:	fb e1       	ldi	r31, 0x1B	; 27
      6a:	02 c0       	rjmp	.+4      	; 0x70 <.do_copy_data_start>

0000006c <.do_copy_data_loop>:
      6c:	05 90       	lpm	r0, Z+
      6e:	0d 92       	st	X+, r0

00000070 <.do_copy_data_start>:
      70:	ae 3c       	cpi	r26, 0xCE	; 206
      72:	b1 07       	cpc	r27, r17
      74:	d9 f7       	brne	.-10     	; 0x6c <.do_copy_data_loop>

00000076 <__do_clear_bss>:
      76:	10 e0       	ldi	r17, 0x00	; 0
      78:	ae ec       	ldi	r26, 0xCE	; 206
      7a:	b0 e0       	ldi	r27, 0x00	; 0
      7c:	01 c0       	rjmp	.+2      	; 0x80 <.do_clear_bss_start>

0000007e <.do_clear_bss_loop>:
      7e:	1d 92       	st	X+, r1

00000080 <.do_clear_bss_start>:
      80:	a0 3d       	cpi	r26, 0xD0	; 208
      82:	b1 07       	cpc	r27, r17
      84:	e1 f7       	brne	.-8      	; 0x7e <.do_clear_bss_loop>
      86:	0e 94 d1 0b 	call	0x17a2	; 0x17a2 <main>
      8a:	0c 94 b9 0d 	jmp	0x1b72	; 0x1b72 <_exit>

0000008e <__bad_interrupt>:
      8e:	0c 94 00 00 	jmp	0	; 0x0 <__vectors>

00000092 <__fixunssfsi>:
      92:	ef 92       	push	r14
      94:	ff 92       	push	r15
      96:	0f 93       	push	r16
      98:	1f 93       	push	r17
      9a:	7b 01       	movw	r14, r22
      9c:	8c 01       	movw	r16, r24
      9e:	20 e0       	ldi	r18, 0x00	; 0
      a0:	30 e0       	ldi	r19, 0x00	; 0
      a2:	40 e0       	ldi	r20, 0x00	; 0
      a4:	5f e4       	ldi	r21, 0x4F	; 79
      a6:	0e 94 49 03 	call	0x692	; 0x692 <__gesf2>
      aa:	88 23       	and	r24, r24
      ac:	8c f0       	brlt	.+34     	; 0xd0 <__fixunssfsi+0x3e>
      ae:	c8 01       	movw	r24, r16
      b0:	b7 01       	movw	r22, r14
      b2:	20 e0       	ldi	r18, 0x00	; 0
      b4:	30 e0       	ldi	r19, 0x00	; 0
      b6:	40 e0       	ldi	r20, 0x00	; 0
      b8:	5f e4       	ldi	r21, 0x4F	; 79
      ba:	0e 94 c1 01 	call	0x382	; 0x382 <__subsf3>
      be:	0e 94 a9 03 	call	0x752	; 0x752 <__fixsfsi>
      c2:	9b 01       	movw	r18, r22
      c4:	ac 01       	movw	r20, r24
      c6:	20 50       	subi	r18, 0x00	; 0
      c8:	30 40       	sbci	r19, 0x00	; 0
      ca:	40 40       	sbci	r20, 0x00	; 0
      cc:	50 48       	sbci	r21, 0x80	; 128
      ce:	06 c0       	rjmp	.+12     	; 0xdc <__fixunssfsi+0x4a>
      d0:	c8 01       	movw	r24, r16
      d2:	b7 01       	movw	r22, r14
      d4:	0e 94 a9 03 	call	0x752	; 0x752 <__fixsfsi>
      d8:	9b 01       	movw	r18, r22
      da:	ac 01       	movw	r20, r24
      dc:	b9 01       	movw	r22, r18
      de:	ca 01       	movw	r24, r20
      e0:	1f 91       	pop	r17
      e2:	0f 91       	pop	r16
      e4:	ff 90       	pop	r15
      e6:	ef 90       	pop	r14
      e8:	08 95       	ret

000000ea <_fpadd_parts>:
      ea:	a0 e0       	ldi	r26, 0x00	; 0
      ec:	b0 e0       	ldi	r27, 0x00	; 0
      ee:	eb e7       	ldi	r30, 0x7B	; 123
      f0:	f0 e0       	ldi	r31, 0x00	; 0
      f2:	0c 94 82 0d 	jmp	0x1b04	; 0x1b04 <__prologue_saves__>
      f6:	dc 01       	movw	r26, r24
      f8:	2b 01       	movw	r4, r22
      fa:	fa 01       	movw	r30, r20
      fc:	9c 91       	ld	r25, X
      fe:	92 30       	cpi	r25, 0x02	; 2
     100:	08 f4       	brcc	.+2      	; 0x104 <_fpadd_parts+0x1a>
     102:	39 c1       	rjmp	.+626    	; 0x376 <_fpadd_parts+0x28c>
     104:	eb 01       	movw	r28, r22
     106:	88 81       	ld	r24, Y
     108:	82 30       	cpi	r24, 0x02	; 2
     10a:	08 f4       	brcc	.+2      	; 0x10e <_fpadd_parts+0x24>
     10c:	33 c1       	rjmp	.+614    	; 0x374 <_fpadd_parts+0x28a>
     10e:	94 30       	cpi	r25, 0x04	; 4
     110:	69 f4       	brne	.+26     	; 0x12c <_fpadd_parts+0x42>
     112:	84 30       	cpi	r24, 0x04	; 4
     114:	09 f0       	breq	.+2      	; 0x118 <_fpadd_parts+0x2e>
     116:	2f c1       	rjmp	.+606    	; 0x376 <_fpadd_parts+0x28c>
     118:	11 96       	adiw	r26, 0x01	; 1
     11a:	9c 91       	ld	r25, X
     11c:	11 97       	sbiw	r26, 0x01	; 1
     11e:	89 81       	ldd	r24, Y+1	; 0x01
     120:	98 17       	cp	r25, r24
     122:	09 f4       	brne	.+2      	; 0x126 <_fpadd_parts+0x3c>
     124:	28 c1       	rjmp	.+592    	; 0x376 <_fpadd_parts+0x28c>
     126:	ae ea       	ldi	r26, 0xAE	; 174
     128:	b0 e0       	ldi	r27, 0x00	; 0
     12a:	25 c1       	rjmp	.+586    	; 0x376 <_fpadd_parts+0x28c>
     12c:	84 30       	cpi	r24, 0x04	; 4
     12e:	09 f4       	brne	.+2      	; 0x132 <_fpadd_parts+0x48>
     130:	21 c1       	rjmp	.+578    	; 0x374 <_fpadd_parts+0x28a>
     132:	82 30       	cpi	r24, 0x02	; 2
     134:	a9 f4       	brne	.+42     	; 0x160 <_fpadd_parts+0x76>
     136:	92 30       	cpi	r25, 0x02	; 2
     138:	09 f0       	breq	.+2      	; 0x13c <_fpadd_parts+0x52>
     13a:	1d c1       	rjmp	.+570    	; 0x376 <_fpadd_parts+0x28c>
     13c:	9a 01       	movw	r18, r20
     13e:	ad 01       	movw	r20, r26
     140:	88 e0       	ldi	r24, 0x08	; 8
     142:	ea 01       	movw	r28, r20
     144:	09 90       	ld	r0, Y+
     146:	ae 01       	movw	r20, r28
     148:	e9 01       	movw	r28, r18
     14a:	09 92       	st	Y+, r0
     14c:	9e 01       	movw	r18, r28
     14e:	81 50       	subi	r24, 0x01	; 1
     150:	c1 f7       	brne	.-16     	; 0x142 <_fpadd_parts+0x58>
     152:	e2 01       	movw	r28, r4
     154:	89 81       	ldd	r24, Y+1	; 0x01
     156:	11 96       	adiw	r26, 0x01	; 1
     158:	9c 91       	ld	r25, X
     15a:	89 23       	and	r24, r25
     15c:	81 83       	std	Z+1, r24	; 0x01
     15e:	08 c1       	rjmp	.+528    	; 0x370 <_fpadd_parts+0x286>
     160:	92 30       	cpi	r25, 0x02	; 2
     162:	09 f4       	brne	.+2      	; 0x166 <_fpadd_parts+0x7c>
     164:	07 c1       	rjmp	.+526    	; 0x374 <_fpadd_parts+0x28a>
     166:	12 96       	adiw	r26, 0x02	; 2
     168:	2d 90       	ld	r2, X+
     16a:	3c 90       	ld	r3, X
     16c:	13 97       	sbiw	r26, 0x03	; 3
     16e:	eb 01       	movw	r28, r22
     170:	8a 81       	ldd	r24, Y+2	; 0x02
     172:	9b 81       	ldd	r25, Y+3	; 0x03
     174:	14 96       	adiw	r26, 0x04	; 4
     176:	ad 90       	ld	r10, X+
     178:	bd 90       	ld	r11, X+
     17a:	cd 90       	ld	r12, X+
     17c:	dc 90       	ld	r13, X
     17e:	17 97       	sbiw	r26, 0x07	; 7
     180:	ec 80       	ldd	r14, Y+4	; 0x04
     182:	fd 80       	ldd	r15, Y+5	; 0x05
     184:	0e 81       	ldd	r16, Y+6	; 0x06
     186:	1f 81       	ldd	r17, Y+7	; 0x07
     188:	91 01       	movw	r18, r2
     18a:	28 1b       	sub	r18, r24
     18c:	39 0b       	sbc	r19, r25
     18e:	b9 01       	movw	r22, r18
     190:	37 ff       	sbrs	r19, 7
     192:	04 c0       	rjmp	.+8      	; 0x19c <_fpadd_parts+0xb2>
     194:	66 27       	eor	r22, r22
     196:	77 27       	eor	r23, r23
     198:	62 1b       	sub	r22, r18
     19a:	73 0b       	sbc	r23, r19
     19c:	60 32       	cpi	r22, 0x20	; 32
     19e:	71 05       	cpc	r23, r1
     1a0:	0c f0       	brlt	.+2      	; 0x1a4 <_fpadd_parts+0xba>
     1a2:	61 c0       	rjmp	.+194    	; 0x266 <_fpadd_parts+0x17c>
     1a4:	12 16       	cp	r1, r18
     1a6:	13 06       	cpc	r1, r19
     1a8:	6c f5       	brge	.+90     	; 0x204 <_fpadd_parts+0x11a>
     1aa:	37 01       	movw	r6, r14
     1ac:	48 01       	movw	r8, r16
     1ae:	06 2e       	mov	r0, r22
     1b0:	04 c0       	rjmp	.+8      	; 0x1ba <_fpadd_parts+0xd0>
     1b2:	96 94       	lsr	r9
     1b4:	87 94       	ror	r8
     1b6:	77 94       	ror	r7
     1b8:	67 94       	ror	r6
     1ba:	0a 94       	dec	r0
     1bc:	d2 f7       	brpl	.-12     	; 0x1b2 <_fpadd_parts+0xc8>
     1be:	21 e0       	ldi	r18, 0x01	; 1
     1c0:	30 e0       	ldi	r19, 0x00	; 0
     1c2:	40 e0       	ldi	r20, 0x00	; 0
     1c4:	50 e0       	ldi	r21, 0x00	; 0
     1c6:	04 c0       	rjmp	.+8      	; 0x1d0 <_fpadd_parts+0xe6>
     1c8:	22 0f       	add	r18, r18
     1ca:	33 1f       	adc	r19, r19
     1cc:	44 1f       	adc	r20, r20
     1ce:	55 1f       	adc	r21, r21
     1d0:	6a 95       	dec	r22
     1d2:	d2 f7       	brpl	.-12     	; 0x1c8 <_fpadd_parts+0xde>
     1d4:	21 50       	subi	r18, 0x01	; 1
     1d6:	30 40       	sbci	r19, 0x00	; 0
     1d8:	40 40       	sbci	r20, 0x00	; 0
     1da:	50 40       	sbci	r21, 0x00	; 0
     1dc:	2e 21       	and	r18, r14
     1de:	3f 21       	and	r19, r15
     1e0:	40 23       	and	r20, r16
     1e2:	51 23       	and	r21, r17
     1e4:	21 15       	cp	r18, r1
     1e6:	31 05       	cpc	r19, r1
     1e8:	41 05       	cpc	r20, r1
     1ea:	51 05       	cpc	r21, r1
     1ec:	21 f0       	breq	.+8      	; 0x1f6 <_fpadd_parts+0x10c>
     1ee:	21 e0       	ldi	r18, 0x01	; 1
     1f0:	30 e0       	ldi	r19, 0x00	; 0
     1f2:	40 e0       	ldi	r20, 0x00	; 0
     1f4:	50 e0       	ldi	r21, 0x00	; 0
     1f6:	79 01       	movw	r14, r18
     1f8:	8a 01       	movw	r16, r20
     1fa:	e6 28       	or	r14, r6
     1fc:	f7 28       	or	r15, r7
     1fe:	08 29       	or	r16, r8
     200:	19 29       	or	r17, r9
     202:	3c c0       	rjmp	.+120    	; 0x27c <_fpadd_parts+0x192>
     204:	23 2b       	or	r18, r19
     206:	d1 f1       	breq	.+116    	; 0x27c <_fpadd_parts+0x192>
     208:	26 0e       	add	r2, r22
     20a:	37 1e       	adc	r3, r23
     20c:	35 01       	movw	r6, r10
     20e:	46 01       	movw	r8, r12
     210:	06 2e       	mov	r0, r22
     212:	04 c0       	rjmp	.+8      	; 0x21c <_fpadd_parts+0x132>
     214:	96 94       	lsr	r9
     216:	87 94       	ror	r8
     218:	77 94       	ror	r7
     21a:	67 94       	ror	r6
     21c:	0a 94       	dec	r0
     21e:	d2 f7       	brpl	.-12     	; 0x214 <_fpadd_parts+0x12a>
     220:	21 e0       	ldi	r18, 0x01	; 1
     222:	30 e0       	ldi	r19, 0x00	; 0
     224:	40 e0       	ldi	r20, 0x00	; 0
     226:	50 e0       	ldi	r21, 0x00	; 0
     228:	04 c0       	rjmp	.+8      	; 0x232 <_fpadd_parts+0x148>
     22a:	22 0f       	add	r18, r18
     22c:	33 1f       	adc	r19, r19
     22e:	44 1f       	adc	r20, r20
     230:	55 1f       	adc	r21, r21
     232:	6a 95       	dec	r22
     234:	d2 f7       	brpl	.-12     	; 0x22a <_fpadd_parts+0x140>
     236:	21 50       	subi	r18, 0x01	; 1
     238:	30 40       	sbci	r19, 0x00	; 0
     23a:	40 40       	sbci	r20, 0x00	; 0
     23c:	50 40       	sbci	r21, 0x00	; 0
     23e:	2a 21       	and	r18, r10
     240:	3b 21       	and	r19, r11
     242:	4c 21       	and	r20, r12
     244:	5d 21       	and	r21, r13
     246:	21 15       	cp	r18, r1
     248:	31 05       	cpc	r19, r1
     24a:	41 05       	cpc	r20, r1
     24c:	51 05       	cpc	r21, r1
     24e:	21 f0       	breq	.+8      	; 0x258 <_fpadd_parts+0x16e>
     250:	21 e0       	ldi	r18, 0x01	; 1
     252:	30 e0       	ldi	r19, 0x00	; 0
     254:	40 e0       	ldi	r20, 0x00	; 0
     256:	50 e0       	ldi	r21, 0x00	; 0
     258:	59 01       	movw	r10, r18
     25a:	6a 01       	movw	r12, r20
     25c:	a6 28       	or	r10, r6
     25e:	b7 28       	or	r11, r7
     260:	c8 28       	or	r12, r8
     262:	d9 28       	or	r13, r9
     264:	0b c0       	rjmp	.+22     	; 0x27c <_fpadd_parts+0x192>
     266:	82 15       	cp	r24, r2
     268:	93 05       	cpc	r25, r3
     26a:	2c f0       	brlt	.+10     	; 0x276 <_fpadd_parts+0x18c>
     26c:	1c 01       	movw	r2, r24
     26e:	aa 24       	eor	r10, r10
     270:	bb 24       	eor	r11, r11
     272:	65 01       	movw	r12, r10
     274:	03 c0       	rjmp	.+6      	; 0x27c <_fpadd_parts+0x192>
     276:	ee 24       	eor	r14, r14
     278:	ff 24       	eor	r15, r15
     27a:	87 01       	movw	r16, r14
     27c:	11 96       	adiw	r26, 0x01	; 1
     27e:	9c 91       	ld	r25, X
     280:	d2 01       	movw	r26, r4
     282:	11 96       	adiw	r26, 0x01	; 1
     284:	8c 91       	ld	r24, X
     286:	98 17       	cp	r25, r24
     288:	09 f4       	brne	.+2      	; 0x28c <_fpadd_parts+0x1a2>
     28a:	45 c0       	rjmp	.+138    	; 0x316 <_fpadd_parts+0x22c>
     28c:	99 23       	and	r25, r25
     28e:	39 f0       	breq	.+14     	; 0x29e <_fpadd_parts+0x1b4>
     290:	a8 01       	movw	r20, r16
     292:	97 01       	movw	r18, r14
     294:	2a 19       	sub	r18, r10
     296:	3b 09       	sbc	r19, r11
     298:	4c 09       	sbc	r20, r12
     29a:	5d 09       	sbc	r21, r13
     29c:	06 c0       	rjmp	.+12     	; 0x2aa <_fpadd_parts+0x1c0>
     29e:	a6 01       	movw	r20, r12
     2a0:	95 01       	movw	r18, r10
     2a2:	2e 19       	sub	r18, r14
     2a4:	3f 09       	sbc	r19, r15
     2a6:	40 0b       	sbc	r20, r16
     2a8:	51 0b       	sbc	r21, r17
     2aa:	57 fd       	sbrc	r21, 7
     2ac:	08 c0       	rjmp	.+16     	; 0x2be <_fpadd_parts+0x1d4>
     2ae:	11 82       	std	Z+1, r1	; 0x01
     2b0:	33 82       	std	Z+3, r3	; 0x03
     2b2:	22 82       	std	Z+2, r2	; 0x02
     2b4:	24 83       	std	Z+4, r18	; 0x04
     2b6:	35 83       	std	Z+5, r19	; 0x05
     2b8:	46 83       	std	Z+6, r20	; 0x06
     2ba:	57 83       	std	Z+7, r21	; 0x07
     2bc:	1d c0       	rjmp	.+58     	; 0x2f8 <_fpadd_parts+0x20e>
     2be:	81 e0       	ldi	r24, 0x01	; 1
     2c0:	81 83       	std	Z+1, r24	; 0x01
     2c2:	33 82       	std	Z+3, r3	; 0x03
     2c4:	22 82       	std	Z+2, r2	; 0x02
     2c6:	88 27       	eor	r24, r24
     2c8:	99 27       	eor	r25, r25
     2ca:	dc 01       	movw	r26, r24
     2cc:	82 1b       	sub	r24, r18
     2ce:	93 0b       	sbc	r25, r19
     2d0:	a4 0b       	sbc	r26, r20
     2d2:	b5 0b       	sbc	r27, r21
     2d4:	84 83       	std	Z+4, r24	; 0x04
     2d6:	95 83       	std	Z+5, r25	; 0x05
     2d8:	a6 83       	std	Z+6, r26	; 0x06
     2da:	b7 83       	std	Z+7, r27	; 0x07
     2dc:	0d c0       	rjmp	.+26     	; 0x2f8 <_fpadd_parts+0x20e>
     2de:	22 0f       	add	r18, r18
     2e0:	33 1f       	adc	r19, r19
     2e2:	44 1f       	adc	r20, r20
     2e4:	55 1f       	adc	r21, r21
     2e6:	24 83       	std	Z+4, r18	; 0x04
     2e8:	35 83       	std	Z+5, r19	; 0x05
     2ea:	46 83       	std	Z+6, r20	; 0x06
     2ec:	57 83       	std	Z+7, r21	; 0x07
     2ee:	82 81       	ldd	r24, Z+2	; 0x02
     2f0:	93 81       	ldd	r25, Z+3	; 0x03
     2f2:	01 97       	sbiw	r24, 0x01	; 1
     2f4:	93 83       	std	Z+3, r25	; 0x03
     2f6:	82 83       	std	Z+2, r24	; 0x02
     2f8:	24 81       	ldd	r18, Z+4	; 0x04
     2fa:	35 81       	ldd	r19, Z+5	; 0x05
     2fc:	46 81       	ldd	r20, Z+6	; 0x06
     2fe:	57 81       	ldd	r21, Z+7	; 0x07
     300:	da 01       	movw	r26, r20
     302:	c9 01       	movw	r24, r18
     304:	01 97       	sbiw	r24, 0x01	; 1
     306:	a1 09       	sbc	r26, r1
     308:	b1 09       	sbc	r27, r1
     30a:	8f 5f       	subi	r24, 0xFF	; 255
     30c:	9f 4f       	sbci	r25, 0xFF	; 255
     30e:	af 4f       	sbci	r26, 0xFF	; 255
     310:	bf 43       	sbci	r27, 0x3F	; 63
     312:	28 f3       	brcs	.-54     	; 0x2de <_fpadd_parts+0x1f4>
     314:	0b c0       	rjmp	.+22     	; 0x32c <_fpadd_parts+0x242>
     316:	91 83       	std	Z+1, r25	; 0x01
     318:	33 82       	std	Z+3, r3	; 0x03
     31a:	22 82       	std	Z+2, r2	; 0x02
     31c:	ea 0c       	add	r14, r10
     31e:	fb 1c       	adc	r15, r11
     320:	0c 1d       	adc	r16, r12
     322:	1d 1d       	adc	r17, r13
     324:	e4 82       	std	Z+4, r14	; 0x04
     326:	f5 82       	std	Z+5, r15	; 0x05
     328:	06 83       	std	Z+6, r16	; 0x06
     32a:	17 83       	std	Z+7, r17	; 0x07
     32c:	83 e0       	ldi	r24, 0x03	; 3
     32e:	80 83       	st	Z, r24
     330:	24 81       	ldd	r18, Z+4	; 0x04
     332:	35 81       	ldd	r19, Z+5	; 0x05
     334:	46 81       	ldd	r20, Z+6	; 0x06
     336:	57 81       	ldd	r21, Z+7	; 0x07
     338:	57 ff       	sbrs	r21, 7
     33a:	1a c0       	rjmp	.+52     	; 0x370 <_fpadd_parts+0x286>
     33c:	c9 01       	movw	r24, r18
     33e:	aa 27       	eor	r26, r26
     340:	97 fd       	sbrc	r25, 7
     342:	a0 95       	com	r26
     344:	ba 2f       	mov	r27, r26
     346:	81 70       	andi	r24, 0x01	; 1
     348:	90 70       	andi	r25, 0x00	; 0
     34a:	a0 70       	andi	r26, 0x00	; 0
     34c:	b0 70       	andi	r27, 0x00	; 0
     34e:	56 95       	lsr	r21
     350:	47 95       	ror	r20
     352:	37 95       	ror	r19
     354:	27 95       	ror	r18
     356:	82 2b       	or	r24, r18
     358:	93 2b       	or	r25, r19
     35a:	a4 2b       	or	r26, r20
     35c:	b5 2b       	or	r27, r21
     35e:	84 83       	std	Z+4, r24	; 0x04
     360:	95 83       	std	Z+5, r25	; 0x05
     362:	a6 83       	std	Z+6, r26	; 0x06
     364:	b7 83       	std	Z+7, r27	; 0x07
     366:	82 81       	ldd	r24, Z+2	; 0x02
     368:	93 81       	ldd	r25, Z+3	; 0x03
     36a:	01 96       	adiw	r24, 0x01	; 1
     36c:	93 83       	std	Z+3, r25	; 0x03
     36e:	82 83       	std	Z+2, r24	; 0x02
     370:	df 01       	movw	r26, r30
     372:	01 c0       	rjmp	.+2      	; 0x376 <_fpadd_parts+0x28c>
     374:	d2 01       	movw	r26, r4
     376:	cd 01       	movw	r24, r26
     378:	cd b7       	in	r28, 0x3d	; 61
     37a:	de b7       	in	r29, 0x3e	; 62
     37c:	e2 e1       	ldi	r30, 0x12	; 18
     37e:	0c 94 9e 0d 	jmp	0x1b3c	; 0x1b3c <__epilogue_restores__>

00000382 <__subsf3>:
     382:	a0 e2       	ldi	r26, 0x20	; 32
     384:	b0 e0       	ldi	r27, 0x00	; 0
     386:	e7 ec       	ldi	r30, 0xC7	; 199
     388:	f1 e0       	ldi	r31, 0x01	; 1
     38a:	0c 94 8e 0d 	jmp	0x1b1c	; 0x1b1c <__prologue_saves__+0x18>
     38e:	69 83       	std	Y+1, r22	; 0x01
     390:	7a 83       	std	Y+2, r23	; 0x02
     392:	8b 83       	std	Y+3, r24	; 0x03
     394:	9c 83       	std	Y+4, r25	; 0x04
     396:	2d 83       	std	Y+5, r18	; 0x05
     398:	3e 83       	std	Y+6, r19	; 0x06
     39a:	4f 83       	std	Y+7, r20	; 0x07
     39c:	58 87       	std	Y+8, r21	; 0x08
     39e:	e9 e0       	ldi	r30, 0x09	; 9
     3a0:	ee 2e       	mov	r14, r30
     3a2:	f1 2c       	mov	r15, r1
     3a4:	ec 0e       	add	r14, r28
     3a6:	fd 1e       	adc	r15, r29
     3a8:	ce 01       	movw	r24, r28
     3aa:	01 96       	adiw	r24, 0x01	; 1
     3ac:	b7 01       	movw	r22, r14
     3ae:	0e 94 d2 04 	call	0x9a4	; 0x9a4 <__unpack_f>
     3b2:	8e 01       	movw	r16, r28
     3b4:	0f 5e       	subi	r16, 0xEF	; 239
     3b6:	1f 4f       	sbci	r17, 0xFF	; 255
     3b8:	ce 01       	movw	r24, r28
     3ba:	05 96       	adiw	r24, 0x05	; 5
     3bc:	b8 01       	movw	r22, r16
     3be:	0e 94 d2 04 	call	0x9a4	; 0x9a4 <__unpack_f>
     3c2:	8a 89       	ldd	r24, Y+18	; 0x12
     3c4:	91 e0       	ldi	r25, 0x01	; 1
     3c6:	89 27       	eor	r24, r25
     3c8:	8a 8b       	std	Y+18, r24	; 0x12
     3ca:	c7 01       	movw	r24, r14
     3cc:	b8 01       	movw	r22, r16
     3ce:	ae 01       	movw	r20, r28
     3d0:	47 5e       	subi	r20, 0xE7	; 231
     3d2:	5f 4f       	sbci	r21, 0xFF	; 255
     3d4:	0e 94 75 00 	call	0xea	; 0xea <_fpadd_parts>
     3d8:	0e 94 fd 03 	call	0x7fa	; 0x7fa <__pack_f>
     3dc:	a0 96       	adiw	r28, 0x20	; 32
     3de:	e6 e0       	ldi	r30, 0x06	; 6
     3e0:	0c 94 aa 0d 	jmp	0x1b54	; 0x1b54 <__epilogue_restores__+0x18>

000003e4 <__addsf3>:
     3e4:	a0 e2       	ldi	r26, 0x20	; 32
     3e6:	b0 e0       	ldi	r27, 0x00	; 0
     3e8:	e8 ef       	ldi	r30, 0xF8	; 248
     3ea:	f1 e0       	ldi	r31, 0x01	; 1
     3ec:	0c 94 8e 0d 	jmp	0x1b1c	; 0x1b1c <__prologue_saves__+0x18>
     3f0:	69 83       	std	Y+1, r22	; 0x01
     3f2:	7a 83       	std	Y+2, r23	; 0x02
     3f4:	8b 83       	std	Y+3, r24	; 0x03
     3f6:	9c 83       	std	Y+4, r25	; 0x04
     3f8:	2d 83       	std	Y+5, r18	; 0x05
     3fa:	3e 83       	std	Y+6, r19	; 0x06
     3fc:	4f 83       	std	Y+7, r20	; 0x07
     3fe:	58 87       	std	Y+8, r21	; 0x08
     400:	f9 e0       	ldi	r31, 0x09	; 9
     402:	ef 2e       	mov	r14, r31
     404:	f1 2c       	mov	r15, r1
     406:	ec 0e       	add	r14, r28
     408:	fd 1e       	adc	r15, r29
     40a:	ce 01       	movw	r24, r28
     40c:	01 96       	adiw	r24, 0x01	; 1
     40e:	b7 01       	movw	r22, r14
     410:	0e 94 d2 04 	call	0x9a4	; 0x9a4 <__unpack_f>
     414:	8e 01       	movw	r16, r28
     416:	0f 5e       	subi	r16, 0xEF	; 239
     418:	1f 4f       	sbci	r17, 0xFF	; 255
     41a:	ce 01       	movw	r24, r28
     41c:	05 96       	adiw	r24, 0x05	; 5
     41e:	b8 01       	movw	r22, r16
     420:	0e 94 d2 04 	call	0x9a4	; 0x9a4 <__unpack_f>
     424:	c7 01       	movw	r24, r14
     426:	b8 01       	movw	r22, r16
     428:	ae 01       	movw	r20, r28
     42a:	47 5e       	subi	r20, 0xE7	; 231
     42c:	5f 4f       	sbci	r21, 0xFF	; 255
     42e:	0e 94 75 00 	call	0xea	; 0xea <_fpadd_parts>
     432:	0e 94 fd 03 	call	0x7fa	; 0x7fa <__pack_f>
     436:	a0 96       	adiw	r28, 0x20	; 32
     438:	e6 e0       	ldi	r30, 0x06	; 6
     43a:	0c 94 aa 0d 	jmp	0x1b54	; 0x1b54 <__epilogue_restores__+0x18>

0000043e <__mulsf3>:
     43e:	a0 e2       	ldi	r26, 0x20	; 32
     440:	b0 e0       	ldi	r27, 0x00	; 0
     442:	e5 e2       	ldi	r30, 0x25	; 37
     444:	f2 e0       	ldi	r31, 0x02	; 2
     446:	0c 94 82 0d 	jmp	0x1b04	; 0x1b04 <__prologue_saves__>
     44a:	69 83       	std	Y+1, r22	; 0x01
     44c:	7a 83       	std	Y+2, r23	; 0x02
     44e:	8b 83       	std	Y+3, r24	; 0x03
     450:	9c 83       	std	Y+4, r25	; 0x04
     452:	2d 83       	std	Y+5, r18	; 0x05
     454:	3e 83       	std	Y+6, r19	; 0x06
     456:	4f 83       	std	Y+7, r20	; 0x07
     458:	58 87       	std	Y+8, r21	; 0x08
     45a:	ce 01       	movw	r24, r28
     45c:	01 96       	adiw	r24, 0x01	; 1
     45e:	be 01       	movw	r22, r28
     460:	67 5f       	subi	r22, 0xF7	; 247
     462:	7f 4f       	sbci	r23, 0xFF	; 255
     464:	0e 94 d2 04 	call	0x9a4	; 0x9a4 <__unpack_f>
     468:	ce 01       	movw	r24, r28
     46a:	05 96       	adiw	r24, 0x05	; 5
     46c:	be 01       	movw	r22, r28
     46e:	6f 5e       	subi	r22, 0xEF	; 239
     470:	7f 4f       	sbci	r23, 0xFF	; 255
     472:	0e 94 d2 04 	call	0x9a4	; 0x9a4 <__unpack_f>
     476:	99 85       	ldd	r25, Y+9	; 0x09
     478:	92 30       	cpi	r25, 0x02	; 2
     47a:	88 f0       	brcs	.+34     	; 0x49e <__mulsf3+0x60>
     47c:	89 89       	ldd	r24, Y+17	; 0x11
     47e:	82 30       	cpi	r24, 0x02	; 2
     480:	c8 f0       	brcs	.+50     	; 0x4b4 <__mulsf3+0x76>
     482:	94 30       	cpi	r25, 0x04	; 4
     484:	19 f4       	brne	.+6      	; 0x48c <__mulsf3+0x4e>
     486:	82 30       	cpi	r24, 0x02	; 2
     488:	51 f4       	brne	.+20     	; 0x49e <__mulsf3+0x60>
     48a:	04 c0       	rjmp	.+8      	; 0x494 <__mulsf3+0x56>
     48c:	84 30       	cpi	r24, 0x04	; 4
     48e:	29 f4       	brne	.+10     	; 0x49a <__mulsf3+0x5c>
     490:	92 30       	cpi	r25, 0x02	; 2
     492:	81 f4       	brne	.+32     	; 0x4b4 <__mulsf3+0x76>
     494:	8e ea       	ldi	r24, 0xAE	; 174
     496:	90 e0       	ldi	r25, 0x00	; 0
     498:	c6 c0       	rjmp	.+396    	; 0x626 <__mulsf3+0x1e8>
     49a:	92 30       	cpi	r25, 0x02	; 2
     49c:	49 f4       	brne	.+18     	; 0x4b0 <__mulsf3+0x72>
     49e:	20 e0       	ldi	r18, 0x00	; 0
     4a0:	9a 85       	ldd	r25, Y+10	; 0x0a
     4a2:	8a 89       	ldd	r24, Y+18	; 0x12
     4a4:	98 13       	cpse	r25, r24
     4a6:	21 e0       	ldi	r18, 0x01	; 1
     4a8:	2a 87       	std	Y+10, r18	; 0x0a
     4aa:	ce 01       	movw	r24, r28
     4ac:	09 96       	adiw	r24, 0x09	; 9
     4ae:	bb c0       	rjmp	.+374    	; 0x626 <__mulsf3+0x1e8>
     4b0:	82 30       	cpi	r24, 0x02	; 2
     4b2:	49 f4       	brne	.+18     	; 0x4c6 <__mulsf3+0x88>
     4b4:	20 e0       	ldi	r18, 0x00	; 0
     4b6:	9a 85       	ldd	r25, Y+10	; 0x0a
     4b8:	8a 89       	ldd	r24, Y+18	; 0x12
     4ba:	98 13       	cpse	r25, r24
     4bc:	21 e0       	ldi	r18, 0x01	; 1
     4be:	2a 8b       	std	Y+18, r18	; 0x12
     4c0:	ce 01       	movw	r24, r28
     4c2:	41 96       	adiw	r24, 0x11	; 17
     4c4:	b0 c0       	rjmp	.+352    	; 0x626 <__mulsf3+0x1e8>
     4c6:	2d 84       	ldd	r2, Y+13	; 0x0d
     4c8:	3e 84       	ldd	r3, Y+14	; 0x0e
     4ca:	4f 84       	ldd	r4, Y+15	; 0x0f
     4cc:	58 88       	ldd	r5, Y+16	; 0x10
     4ce:	6d 88       	ldd	r6, Y+21	; 0x15
     4d0:	7e 88       	ldd	r7, Y+22	; 0x16
     4d2:	8f 88       	ldd	r8, Y+23	; 0x17
     4d4:	98 8c       	ldd	r9, Y+24	; 0x18
     4d6:	ee 24       	eor	r14, r14
     4d8:	ff 24       	eor	r15, r15
     4da:	87 01       	movw	r16, r14
     4dc:	aa 24       	eor	r10, r10
     4de:	bb 24       	eor	r11, r11
     4e0:	65 01       	movw	r12, r10
     4e2:	40 e0       	ldi	r20, 0x00	; 0
     4e4:	50 e0       	ldi	r21, 0x00	; 0
     4e6:	60 e0       	ldi	r22, 0x00	; 0
     4e8:	70 e0       	ldi	r23, 0x00	; 0
     4ea:	e0 e0       	ldi	r30, 0x00	; 0
     4ec:	f0 e0       	ldi	r31, 0x00	; 0
     4ee:	c1 01       	movw	r24, r2
     4f0:	81 70       	andi	r24, 0x01	; 1
     4f2:	90 70       	andi	r25, 0x00	; 0
     4f4:	89 2b       	or	r24, r25
     4f6:	e9 f0       	breq	.+58     	; 0x532 <__mulsf3+0xf4>
     4f8:	e6 0c       	add	r14, r6
     4fa:	f7 1c       	adc	r15, r7
     4fc:	08 1d       	adc	r16, r8
     4fe:	19 1d       	adc	r17, r9
     500:	9a 01       	movw	r18, r20
     502:	ab 01       	movw	r20, r22
     504:	2a 0d       	add	r18, r10
     506:	3b 1d       	adc	r19, r11
     508:	4c 1d       	adc	r20, r12
     50a:	5d 1d       	adc	r21, r13
     50c:	80 e0       	ldi	r24, 0x00	; 0
     50e:	90 e0       	ldi	r25, 0x00	; 0
     510:	a0 e0       	ldi	r26, 0x00	; 0
     512:	b0 e0       	ldi	r27, 0x00	; 0
     514:	e6 14       	cp	r14, r6
     516:	f7 04       	cpc	r15, r7
     518:	08 05       	cpc	r16, r8
     51a:	19 05       	cpc	r17, r9
     51c:	20 f4       	brcc	.+8      	; 0x526 <__mulsf3+0xe8>
     51e:	81 e0       	ldi	r24, 0x01	; 1
     520:	90 e0       	ldi	r25, 0x00	; 0
     522:	a0 e0       	ldi	r26, 0x00	; 0
     524:	b0 e0       	ldi	r27, 0x00	; 0
     526:	ba 01       	movw	r22, r20
     528:	a9 01       	movw	r20, r18
     52a:	48 0f       	add	r20, r24
     52c:	59 1f       	adc	r21, r25
     52e:	6a 1f       	adc	r22, r26
     530:	7b 1f       	adc	r23, r27
     532:	aa 0c       	add	r10, r10
     534:	bb 1c       	adc	r11, r11
     536:	cc 1c       	adc	r12, r12
     538:	dd 1c       	adc	r13, r13
     53a:	97 fe       	sbrs	r9, 7
     53c:	08 c0       	rjmp	.+16     	; 0x54e <__mulsf3+0x110>
     53e:	81 e0       	ldi	r24, 0x01	; 1
     540:	90 e0       	ldi	r25, 0x00	; 0
     542:	a0 e0       	ldi	r26, 0x00	; 0
     544:	b0 e0       	ldi	r27, 0x00	; 0
     546:	a8 2a       	or	r10, r24
     548:	b9 2a       	or	r11, r25
     54a:	ca 2a       	or	r12, r26
     54c:	db 2a       	or	r13, r27
     54e:	31 96       	adiw	r30, 0x01	; 1
     550:	e0 32       	cpi	r30, 0x20	; 32
     552:	f1 05       	cpc	r31, r1
     554:	49 f0       	breq	.+18     	; 0x568 <__mulsf3+0x12a>
     556:	66 0c       	add	r6, r6
     558:	77 1c       	adc	r7, r7
     55a:	88 1c       	adc	r8, r8
     55c:	99 1c       	adc	r9, r9
     55e:	56 94       	lsr	r5
     560:	47 94       	ror	r4
     562:	37 94       	ror	r3
     564:	27 94       	ror	r2
     566:	c3 cf       	rjmp	.-122    	; 0x4ee <__mulsf3+0xb0>
     568:	fa 85       	ldd	r31, Y+10	; 0x0a
     56a:	ea 89       	ldd	r30, Y+18	; 0x12
     56c:	2b 89       	ldd	r18, Y+19	; 0x13
     56e:	3c 89       	ldd	r19, Y+20	; 0x14
     570:	8b 85       	ldd	r24, Y+11	; 0x0b
     572:	9c 85       	ldd	r25, Y+12	; 0x0c
     574:	28 0f       	add	r18, r24
     576:	39 1f       	adc	r19, r25
     578:	2e 5f       	subi	r18, 0xFE	; 254
     57a:	3f 4f       	sbci	r19, 0xFF	; 255
     57c:	17 c0       	rjmp	.+46     	; 0x5ac <__mulsf3+0x16e>
     57e:	ca 01       	movw	r24, r20
     580:	81 70       	andi	r24, 0x01	; 1
     582:	90 70       	andi	r25, 0x00	; 0
     584:	89 2b       	or	r24, r25
     586:	61 f0       	breq	.+24     	; 0x5a0 <__mulsf3+0x162>
     588:	16 95       	lsr	r17
     58a:	07 95       	ror	r16
     58c:	f7 94       	ror	r15
     58e:	e7 94       	ror	r14
     590:	80 e0       	ldi	r24, 0x00	; 0
     592:	90 e0       	ldi	r25, 0x00	; 0
     594:	a0 e0       	ldi	r26, 0x00	; 0
     596:	b0 e8       	ldi	r27, 0x80	; 128
     598:	e8 2a       	or	r14, r24
     59a:	f9 2a       	or	r15, r25
     59c:	0a 2b       	or	r16, r26
     59e:	1b 2b       	or	r17, r27
     5a0:	76 95       	lsr	r23
     5a2:	67 95       	ror	r22
     5a4:	57 95       	ror	r21
     5a6:	47 95       	ror	r20
     5a8:	2f 5f       	subi	r18, 0xFF	; 255
     5aa:	3f 4f       	sbci	r19, 0xFF	; 255
     5ac:	77 fd       	sbrc	r23, 7
     5ae:	e7 cf       	rjmp	.-50     	; 0x57e <__mulsf3+0x140>
     5b0:	0c c0       	rjmp	.+24     	; 0x5ca <__mulsf3+0x18c>
     5b2:	44 0f       	add	r20, r20
     5b4:	55 1f       	adc	r21, r21
     5b6:	66 1f       	adc	r22, r22
     5b8:	77 1f       	adc	r23, r23
     5ba:	17 fd       	sbrc	r17, 7
     5bc:	41 60       	ori	r20, 0x01	; 1
     5be:	ee 0c       	add	r14, r14
     5c0:	ff 1c       	adc	r15, r15
     5c2:	00 1f       	adc	r16, r16
     5c4:	11 1f       	adc	r17, r17
     5c6:	21 50       	subi	r18, 0x01	; 1
     5c8:	30 40       	sbci	r19, 0x00	; 0
     5ca:	40 30       	cpi	r20, 0x00	; 0
     5cc:	90 e0       	ldi	r25, 0x00	; 0
     5ce:	59 07       	cpc	r21, r25
     5d0:	90 e0       	ldi	r25, 0x00	; 0
     5d2:	69 07       	cpc	r22, r25
     5d4:	90 e4       	ldi	r25, 0x40	; 64
     5d6:	79 07       	cpc	r23, r25
     5d8:	60 f3       	brcs	.-40     	; 0x5b2 <__mulsf3+0x174>
     5da:	2b 8f       	std	Y+27, r18	; 0x1b
     5dc:	3c 8f       	std	Y+28, r19	; 0x1c
     5de:	db 01       	movw	r26, r22
     5e0:	ca 01       	movw	r24, r20
     5e2:	8f 77       	andi	r24, 0x7F	; 127
     5e4:	90 70       	andi	r25, 0x00	; 0
     5e6:	a0 70       	andi	r26, 0x00	; 0
     5e8:	b0 70       	andi	r27, 0x00	; 0
     5ea:	80 34       	cpi	r24, 0x40	; 64
     5ec:	91 05       	cpc	r25, r1
     5ee:	a1 05       	cpc	r26, r1
     5f0:	b1 05       	cpc	r27, r1
     5f2:	61 f4       	brne	.+24     	; 0x60c <__mulsf3+0x1ce>
     5f4:	47 fd       	sbrc	r20, 7
     5f6:	0a c0       	rjmp	.+20     	; 0x60c <__mulsf3+0x1ce>
     5f8:	e1 14       	cp	r14, r1
     5fa:	f1 04       	cpc	r15, r1
     5fc:	01 05       	cpc	r16, r1
     5fe:	11 05       	cpc	r17, r1
     600:	29 f0       	breq	.+10     	; 0x60c <__mulsf3+0x1ce>
     602:	40 5c       	subi	r20, 0xC0	; 192
     604:	5f 4f       	sbci	r21, 0xFF	; 255
     606:	6f 4f       	sbci	r22, 0xFF	; 255
     608:	7f 4f       	sbci	r23, 0xFF	; 255
     60a:	40 78       	andi	r20, 0x80	; 128
     60c:	1a 8e       	std	Y+26, r1	; 0x1a
     60e:	fe 17       	cp	r31, r30
     610:	11 f0       	breq	.+4      	; 0x616 <__mulsf3+0x1d8>
     612:	81 e0       	ldi	r24, 0x01	; 1
     614:	8a 8f       	std	Y+26, r24	; 0x1a
     616:	4d 8f       	std	Y+29, r20	; 0x1d
     618:	5e 8f       	std	Y+30, r21	; 0x1e
     61a:	6f 8f       	std	Y+31, r22	; 0x1f
     61c:	78 a3       	std	Y+32, r23	; 0x20
     61e:	83 e0       	ldi	r24, 0x03	; 3
     620:	89 8f       	std	Y+25, r24	; 0x19
     622:	ce 01       	movw	r24, r28
     624:	49 96       	adiw	r24, 0x19	; 25
     626:	0e 94 fd 03 	call	0x7fa	; 0x7fa <__pack_f>
     62a:	a0 96       	adiw	r28, 0x20	; 32
     62c:	e2 e1       	ldi	r30, 0x12	; 18
     62e:	0c 94 9e 0d 	jmp	0x1b3c	; 0x1b3c <__epilogue_restores__>

00000632 <__gtsf2>:
     632:	a8 e1       	ldi	r26, 0x18	; 24
     634:	b0 e0       	ldi	r27, 0x00	; 0
     636:	ef e1       	ldi	r30, 0x1F	; 31
     638:	f3 e0       	ldi	r31, 0x03	; 3
     63a:	0c 94 8e 0d 	jmp	0x1b1c	; 0x1b1c <__prologue_saves__+0x18>
     63e:	69 83       	std	Y+1, r22	; 0x01
     640:	7a 83       	std	Y+2, r23	; 0x02
     642:	8b 83       	std	Y+3, r24	; 0x03
     644:	9c 83       	std	Y+4, r25	; 0x04
     646:	2d 83       	std	Y+5, r18	; 0x05
     648:	3e 83       	std	Y+6, r19	; 0x06
     64a:	4f 83       	std	Y+7, r20	; 0x07
     64c:	58 87       	std	Y+8, r21	; 0x08
     64e:	89 e0       	ldi	r24, 0x09	; 9
     650:	e8 2e       	mov	r14, r24
     652:	f1 2c       	mov	r15, r1
     654:	ec 0e       	add	r14, r28
     656:	fd 1e       	adc	r15, r29
     658:	ce 01       	movw	r24, r28
     65a:	01 96       	adiw	r24, 0x01	; 1
     65c:	b7 01       	movw	r22, r14
     65e:	0e 94 d2 04 	call	0x9a4	; 0x9a4 <__unpack_f>
     662:	8e 01       	movw	r16, r28
     664:	0f 5e       	subi	r16, 0xEF	; 239
     666:	1f 4f       	sbci	r17, 0xFF	; 255
     668:	ce 01       	movw	r24, r28
     66a:	05 96       	adiw	r24, 0x05	; 5
     66c:	b8 01       	movw	r22, r16
     66e:	0e 94 d2 04 	call	0x9a4	; 0x9a4 <__unpack_f>
     672:	89 85       	ldd	r24, Y+9	; 0x09
     674:	82 30       	cpi	r24, 0x02	; 2
     676:	40 f0       	brcs	.+16     	; 0x688 <__gtsf2+0x56>
     678:	89 89       	ldd	r24, Y+17	; 0x11
     67a:	82 30       	cpi	r24, 0x02	; 2
     67c:	28 f0       	brcs	.+10     	; 0x688 <__gtsf2+0x56>
     67e:	c7 01       	movw	r24, r14
     680:	b8 01       	movw	r22, r16
     682:	0e 94 4a 05 	call	0xa94	; 0xa94 <__fpcmp_parts_f>
     686:	01 c0       	rjmp	.+2      	; 0x68a <__gtsf2+0x58>
     688:	8f ef       	ldi	r24, 0xFF	; 255
     68a:	68 96       	adiw	r28, 0x18	; 24
     68c:	e6 e0       	ldi	r30, 0x06	; 6
     68e:	0c 94 aa 0d 	jmp	0x1b54	; 0x1b54 <__epilogue_restores__+0x18>

00000692 <__gesf2>:
     692:	a8 e1       	ldi	r26, 0x18	; 24
     694:	b0 e0       	ldi	r27, 0x00	; 0
     696:	ef e4       	ldi	r30, 0x4F	; 79
     698:	f3 e0       	ldi	r31, 0x03	; 3
     69a:	0c 94 8e 0d 	jmp	0x1b1c	; 0x1b1c <__prologue_saves__+0x18>
     69e:	69 83       	std	Y+1, r22	; 0x01
     6a0:	7a 83       	std	Y+2, r23	; 0x02
     6a2:	8b 83       	std	Y+3, r24	; 0x03
     6a4:	9c 83       	std	Y+4, r25	; 0x04
     6a6:	2d 83       	std	Y+5, r18	; 0x05
     6a8:	3e 83       	std	Y+6, r19	; 0x06
     6aa:	4f 83       	std	Y+7, r20	; 0x07
     6ac:	58 87       	std	Y+8, r21	; 0x08
     6ae:	89 e0       	ldi	r24, 0x09	; 9
     6b0:	e8 2e       	mov	r14, r24
     6b2:	f1 2c       	mov	r15, r1
     6b4:	ec 0e       	add	r14, r28
     6b6:	fd 1e       	adc	r15, r29
     6b8:	ce 01       	movw	r24, r28
     6ba:	01 96       	adiw	r24, 0x01	; 1
     6bc:	b7 01       	movw	r22, r14
     6be:	0e 94 d2 04 	call	0x9a4	; 0x9a4 <__unpack_f>
     6c2:	8e 01       	movw	r16, r28
     6c4:	0f 5e       	subi	r16, 0xEF	; 239
     6c6:	1f 4f       	sbci	r17, 0xFF	; 255
     6c8:	ce 01       	movw	r24, r28
     6ca:	05 96       	adiw	r24, 0x05	; 5
     6cc:	b8 01       	movw	r22, r16
     6ce:	0e 94 d2 04 	call	0x9a4	; 0x9a4 <__unpack_f>
     6d2:	89 85       	ldd	r24, Y+9	; 0x09
     6d4:	82 30       	cpi	r24, 0x02	; 2
     6d6:	40 f0       	brcs	.+16     	; 0x6e8 <__gesf2+0x56>
     6d8:	89 89       	ldd	r24, Y+17	; 0x11
     6da:	82 30       	cpi	r24, 0x02	; 2
     6dc:	28 f0       	brcs	.+10     	; 0x6e8 <__gesf2+0x56>
     6de:	c7 01       	movw	r24, r14
     6e0:	b8 01       	movw	r22, r16
     6e2:	0e 94 4a 05 	call	0xa94	; 0xa94 <__fpcmp_parts_f>
     6e6:	01 c0       	rjmp	.+2      	; 0x6ea <__gesf2+0x58>
     6e8:	8f ef       	ldi	r24, 0xFF	; 255
     6ea:	68 96       	adiw	r28, 0x18	; 24
     6ec:	e6 e0       	ldi	r30, 0x06	; 6
     6ee:	0c 94 aa 0d 	jmp	0x1b54	; 0x1b54 <__epilogue_restores__+0x18>

000006f2 <__ltsf2>:
     6f2:	a8 e1       	ldi	r26, 0x18	; 24
     6f4:	b0 e0       	ldi	r27, 0x00	; 0
     6f6:	ef e7       	ldi	r30, 0x7F	; 127
     6f8:	f3 e0       	ldi	r31, 0x03	; 3
     6fa:	0c 94 8e 0d 	jmp	0x1b1c	; 0x1b1c <__prologue_saves__+0x18>
     6fe:	69 83       	std	Y+1, r22	; 0x01
     700:	7a 83       	std	Y+2, r23	; 0x02
     702:	8b 83       	std	Y+3, r24	; 0x03
     704:	9c 83       	std	Y+4, r25	; 0x04
     706:	2d 83       	std	Y+5, r18	; 0x05
     708:	3e 83       	std	Y+6, r19	; 0x06
     70a:	4f 83       	std	Y+7, r20	; 0x07
     70c:	58 87       	std	Y+8, r21	; 0x08
     70e:	89 e0       	ldi	r24, 0x09	; 9
     710:	e8 2e       	mov	r14, r24
     712:	f1 2c       	mov	r15, r1
     714:	ec 0e       	add	r14, r28
     716:	fd 1e       	adc	r15, r29
     718:	ce 01       	movw	r24, r28
     71a:	01 96       	adiw	r24, 0x01	; 1
     71c:	b7 01       	movw	r22, r14
     71e:	0e 94 d2 04 	call	0x9a4	; 0x9a4 <__unpack_f>
     722:	8e 01       	movw	r16, r28
     724:	0f 5e       	subi	r16, 0xEF	; 239
     726:	1f 4f       	sbci	r17, 0xFF	; 255
     728:	ce 01       	movw	r24, r28
     72a:	05 96       	adiw	r24, 0x05	; 5
     72c:	b8 01       	movw	r22, r16
     72e:	0e 94 d2 04 	call	0x9a4	; 0x9a4 <__unpack_f>
     732:	89 85       	ldd	r24, Y+9	; 0x09
     734:	82 30       	cpi	r24, 0x02	; 2
     736:	40 f0       	brcs	.+16     	; 0x748 <__ltsf2+0x56>
     738:	89 89       	ldd	r24, Y+17	; 0x11
     73a:	82 30       	cpi	r24, 0x02	; 2
     73c:	28 f0       	brcs	.+10     	; 0x748 <__ltsf2+0x56>
     73e:	c7 01       	movw	r24, r14
     740:	b8 01       	movw	r22, r16
     742:	0e 94 4a 05 	call	0xa94	; 0xa94 <__fpcmp_parts_f>
     746:	01 c0       	rjmp	.+2      	; 0x74a <__ltsf2+0x58>
     748:	81 e0       	ldi	r24, 0x01	; 1
     74a:	68 96       	adiw	r28, 0x18	; 24
     74c:	e6 e0       	ldi	r30, 0x06	; 6
     74e:	0c 94 aa 0d 	jmp	0x1b54	; 0x1b54 <__epilogue_restores__+0x18>

00000752 <__fixsfsi>:
     752:	ac e0       	ldi	r26, 0x0C	; 12
     754:	b0 e0       	ldi	r27, 0x00	; 0
     756:	ef ea       	ldi	r30, 0xAF	; 175
     758:	f3 e0       	ldi	r31, 0x03	; 3
     75a:	0c 94 92 0d 	jmp	0x1b24	; 0x1b24 <__prologue_saves__+0x20>
     75e:	69 83       	std	Y+1, r22	; 0x01
     760:	7a 83       	std	Y+2, r23	; 0x02
     762:	8b 83       	std	Y+3, r24	; 0x03
     764:	9c 83       	std	Y+4, r25	; 0x04
     766:	ce 01       	movw	r24, r28
     768:	01 96       	adiw	r24, 0x01	; 1
     76a:	be 01       	movw	r22, r28
     76c:	6b 5f       	subi	r22, 0xFB	; 251
     76e:	7f 4f       	sbci	r23, 0xFF	; 255
     770:	0e 94 d2 04 	call	0x9a4	; 0x9a4 <__unpack_f>
     774:	8d 81       	ldd	r24, Y+5	; 0x05
     776:	82 30       	cpi	r24, 0x02	; 2
     778:	61 f1       	breq	.+88     	; 0x7d2 <__fixsfsi+0x80>
     77a:	82 30       	cpi	r24, 0x02	; 2
     77c:	50 f1       	brcs	.+84     	; 0x7d2 <__fixsfsi+0x80>
     77e:	84 30       	cpi	r24, 0x04	; 4
     780:	21 f4       	brne	.+8      	; 0x78a <__fixsfsi+0x38>
     782:	8e 81       	ldd	r24, Y+6	; 0x06
     784:	88 23       	and	r24, r24
     786:	51 f1       	breq	.+84     	; 0x7dc <__fixsfsi+0x8a>
     788:	2e c0       	rjmp	.+92     	; 0x7e6 <__fixsfsi+0x94>
     78a:	2f 81       	ldd	r18, Y+7	; 0x07
     78c:	38 85       	ldd	r19, Y+8	; 0x08
     78e:	37 fd       	sbrc	r19, 7
     790:	20 c0       	rjmp	.+64     	; 0x7d2 <__fixsfsi+0x80>
     792:	6e 81       	ldd	r22, Y+6	; 0x06
     794:	2f 31       	cpi	r18, 0x1F	; 31
     796:	31 05       	cpc	r19, r1
     798:	1c f0       	brlt	.+6      	; 0x7a0 <__fixsfsi+0x4e>
     79a:	66 23       	and	r22, r22
     79c:	f9 f0       	breq	.+62     	; 0x7dc <__fixsfsi+0x8a>
     79e:	23 c0       	rjmp	.+70     	; 0x7e6 <__fixsfsi+0x94>
     7a0:	8e e1       	ldi	r24, 0x1E	; 30
     7a2:	90 e0       	ldi	r25, 0x00	; 0
     7a4:	82 1b       	sub	r24, r18
     7a6:	93 0b       	sbc	r25, r19
     7a8:	29 85       	ldd	r18, Y+9	; 0x09
     7aa:	3a 85       	ldd	r19, Y+10	; 0x0a
     7ac:	4b 85       	ldd	r20, Y+11	; 0x0b
     7ae:	5c 85       	ldd	r21, Y+12	; 0x0c
     7b0:	04 c0       	rjmp	.+8      	; 0x7ba <__fixsfsi+0x68>
     7b2:	56 95       	lsr	r21
     7b4:	47 95       	ror	r20
     7b6:	37 95       	ror	r19
     7b8:	27 95       	ror	r18
     7ba:	8a 95       	dec	r24
     7bc:	d2 f7       	brpl	.-12     	; 0x7b2 <__fixsfsi+0x60>
     7be:	66 23       	and	r22, r22
     7c0:	b1 f0       	breq	.+44     	; 0x7ee <__fixsfsi+0x9c>
     7c2:	50 95       	com	r21
     7c4:	40 95       	com	r20
     7c6:	30 95       	com	r19
     7c8:	21 95       	neg	r18
     7ca:	3f 4f       	sbci	r19, 0xFF	; 255
     7cc:	4f 4f       	sbci	r20, 0xFF	; 255
     7ce:	5f 4f       	sbci	r21, 0xFF	; 255
     7d0:	0e c0       	rjmp	.+28     	; 0x7ee <__fixsfsi+0x9c>
     7d2:	20 e0       	ldi	r18, 0x00	; 0
     7d4:	30 e0       	ldi	r19, 0x00	; 0
     7d6:	40 e0       	ldi	r20, 0x00	; 0
     7d8:	50 e0       	ldi	r21, 0x00	; 0
     7da:	09 c0       	rjmp	.+18     	; 0x7ee <__fixsfsi+0x9c>
     7dc:	2f ef       	ldi	r18, 0xFF	; 255
     7de:	3f ef       	ldi	r19, 0xFF	; 255
     7e0:	4f ef       	ldi	r20, 0xFF	; 255
     7e2:	5f e7       	ldi	r21, 0x7F	; 127
     7e4:	04 c0       	rjmp	.+8      	; 0x7ee <__fixsfsi+0x9c>
     7e6:	20 e0       	ldi	r18, 0x00	; 0
     7e8:	30 e0       	ldi	r19, 0x00	; 0
     7ea:	40 e0       	ldi	r20, 0x00	; 0
     7ec:	50 e8       	ldi	r21, 0x80	; 128
     7ee:	b9 01       	movw	r22, r18
     7f0:	ca 01       	movw	r24, r20
     7f2:	2c 96       	adiw	r28, 0x0c	; 12
     7f4:	e2 e0       	ldi	r30, 0x02	; 2
     7f6:	0c 94 ae 0d 	jmp	0x1b5c	; 0x1b5c <__epilogue_restores__+0x20>

000007fa <__pack_f>:
     7fa:	df 92       	push	r13
     7fc:	ef 92       	push	r14
     7fe:	ff 92       	push	r15
     800:	0f 93       	push	r16
     802:	1f 93       	push	r17
     804:	fc 01       	movw	r30, r24
     806:	e4 80       	ldd	r14, Z+4	; 0x04
     808:	f5 80       	ldd	r15, Z+5	; 0x05
     80a:	06 81       	ldd	r16, Z+6	; 0x06
     80c:	17 81       	ldd	r17, Z+7	; 0x07
     80e:	d1 80       	ldd	r13, Z+1	; 0x01
     810:	80 81       	ld	r24, Z
     812:	82 30       	cpi	r24, 0x02	; 2
     814:	48 f4       	brcc	.+18     	; 0x828 <__pack_f+0x2e>
     816:	80 e0       	ldi	r24, 0x00	; 0
     818:	90 e0       	ldi	r25, 0x00	; 0
     81a:	a0 e1       	ldi	r26, 0x10	; 16
     81c:	b0 e0       	ldi	r27, 0x00	; 0
     81e:	e8 2a       	or	r14, r24
     820:	f9 2a       	or	r15, r25
     822:	0a 2b       	or	r16, r26
     824:	1b 2b       	or	r17, r27
     826:	a5 c0       	rjmp	.+330    	; 0x972 <__stack+0x113>
     828:	84 30       	cpi	r24, 0x04	; 4
     82a:	09 f4       	brne	.+2      	; 0x82e <__pack_f+0x34>
     82c:	9f c0       	rjmp	.+318    	; 0x96c <__stack+0x10d>
     82e:	82 30       	cpi	r24, 0x02	; 2
     830:	21 f4       	brne	.+8      	; 0x83a <__pack_f+0x40>
     832:	ee 24       	eor	r14, r14
     834:	ff 24       	eor	r15, r15
     836:	87 01       	movw	r16, r14
     838:	05 c0       	rjmp	.+10     	; 0x844 <__pack_f+0x4a>
     83a:	e1 14       	cp	r14, r1
     83c:	f1 04       	cpc	r15, r1
     83e:	01 05       	cpc	r16, r1
     840:	11 05       	cpc	r17, r1
     842:	19 f4       	brne	.+6      	; 0x84a <__pack_f+0x50>
     844:	e0 e0       	ldi	r30, 0x00	; 0
     846:	f0 e0       	ldi	r31, 0x00	; 0
     848:	96 c0       	rjmp	.+300    	; 0x976 <__stack+0x117>
     84a:	62 81       	ldd	r22, Z+2	; 0x02
     84c:	73 81       	ldd	r23, Z+3	; 0x03
     84e:	9f ef       	ldi	r25, 0xFF	; 255
     850:	62 38       	cpi	r22, 0x82	; 130
     852:	79 07       	cpc	r23, r25
     854:	0c f0       	brlt	.+2      	; 0x858 <__pack_f+0x5e>
     856:	5b c0       	rjmp	.+182    	; 0x90e <__stack+0xaf>
     858:	22 e8       	ldi	r18, 0x82	; 130
     85a:	3f ef       	ldi	r19, 0xFF	; 255
     85c:	26 1b       	sub	r18, r22
     85e:	37 0b       	sbc	r19, r23
     860:	2a 31       	cpi	r18, 0x1A	; 26
     862:	31 05       	cpc	r19, r1
     864:	2c f0       	brlt	.+10     	; 0x870 <__stack+0x11>
     866:	20 e0       	ldi	r18, 0x00	; 0
     868:	30 e0       	ldi	r19, 0x00	; 0
     86a:	40 e0       	ldi	r20, 0x00	; 0
     86c:	50 e0       	ldi	r21, 0x00	; 0
     86e:	2a c0       	rjmp	.+84     	; 0x8c4 <__stack+0x65>
     870:	b8 01       	movw	r22, r16
     872:	a7 01       	movw	r20, r14
     874:	02 2e       	mov	r0, r18
     876:	04 c0       	rjmp	.+8      	; 0x880 <__stack+0x21>
     878:	76 95       	lsr	r23
     87a:	67 95       	ror	r22
     87c:	57 95       	ror	r21
     87e:	47 95       	ror	r20
     880:	0a 94       	dec	r0
     882:	d2 f7       	brpl	.-12     	; 0x878 <__stack+0x19>
     884:	81 e0       	ldi	r24, 0x01	; 1
     886:	90 e0       	ldi	r25, 0x00	; 0
     888:	a0 e0       	ldi	r26, 0x00	; 0
     88a:	b0 e0       	ldi	r27, 0x00	; 0
     88c:	04 c0       	rjmp	.+8      	; 0x896 <__stack+0x37>
     88e:	88 0f       	add	r24, r24
     890:	99 1f       	adc	r25, r25
     892:	aa 1f       	adc	r26, r26
     894:	bb 1f       	adc	r27, r27
     896:	2a 95       	dec	r18
     898:	d2 f7       	brpl	.-12     	; 0x88e <__stack+0x2f>
     89a:	01 97       	sbiw	r24, 0x01	; 1
     89c:	a1 09       	sbc	r26, r1
     89e:	b1 09       	sbc	r27, r1
     8a0:	8e 21       	and	r24, r14
     8a2:	9f 21       	and	r25, r15
     8a4:	a0 23       	and	r26, r16
     8a6:	b1 23       	and	r27, r17
     8a8:	00 97       	sbiw	r24, 0x00	; 0
     8aa:	a1 05       	cpc	r26, r1
     8ac:	b1 05       	cpc	r27, r1
     8ae:	21 f0       	breq	.+8      	; 0x8b8 <__stack+0x59>
     8b0:	81 e0       	ldi	r24, 0x01	; 1
     8b2:	90 e0       	ldi	r25, 0x00	; 0
     8b4:	a0 e0       	ldi	r26, 0x00	; 0
     8b6:	b0 e0       	ldi	r27, 0x00	; 0
     8b8:	9a 01       	movw	r18, r20
     8ba:	ab 01       	movw	r20, r22
     8bc:	28 2b       	or	r18, r24
     8be:	39 2b       	or	r19, r25
     8c0:	4a 2b       	or	r20, r26
     8c2:	5b 2b       	or	r21, r27
     8c4:	da 01       	movw	r26, r20
     8c6:	c9 01       	movw	r24, r18
     8c8:	8f 77       	andi	r24, 0x7F	; 127
     8ca:	90 70       	andi	r25, 0x00	; 0
     8cc:	a0 70       	andi	r26, 0x00	; 0
     8ce:	b0 70       	andi	r27, 0x00	; 0
     8d0:	80 34       	cpi	r24, 0x40	; 64
     8d2:	91 05       	cpc	r25, r1
     8d4:	a1 05       	cpc	r26, r1
     8d6:	b1 05       	cpc	r27, r1
     8d8:	39 f4       	brne	.+14     	; 0x8e8 <__stack+0x89>
     8da:	27 ff       	sbrs	r18, 7
     8dc:	09 c0       	rjmp	.+18     	; 0x8f0 <__stack+0x91>
     8de:	20 5c       	subi	r18, 0xC0	; 192
     8e0:	3f 4f       	sbci	r19, 0xFF	; 255
     8e2:	4f 4f       	sbci	r20, 0xFF	; 255
     8e4:	5f 4f       	sbci	r21, 0xFF	; 255
     8e6:	04 c0       	rjmp	.+8      	; 0x8f0 <__stack+0x91>
     8e8:	21 5c       	subi	r18, 0xC1	; 193
     8ea:	3f 4f       	sbci	r19, 0xFF	; 255
     8ec:	4f 4f       	sbci	r20, 0xFF	; 255
     8ee:	5f 4f       	sbci	r21, 0xFF	; 255
     8f0:	e0 e0       	ldi	r30, 0x00	; 0
     8f2:	f0 e0       	ldi	r31, 0x00	; 0
     8f4:	20 30       	cpi	r18, 0x00	; 0
     8f6:	a0 e0       	ldi	r26, 0x00	; 0
     8f8:	3a 07       	cpc	r19, r26
     8fa:	a0 e0       	ldi	r26, 0x00	; 0
     8fc:	4a 07       	cpc	r20, r26
     8fe:	a0 e4       	ldi	r26, 0x40	; 64
     900:	5a 07       	cpc	r21, r26
     902:	10 f0       	brcs	.+4      	; 0x908 <__stack+0xa9>
     904:	e1 e0       	ldi	r30, 0x01	; 1
     906:	f0 e0       	ldi	r31, 0x00	; 0
     908:	79 01       	movw	r14, r18
     90a:	8a 01       	movw	r16, r20
     90c:	27 c0       	rjmp	.+78     	; 0x95c <__stack+0xfd>
     90e:	60 38       	cpi	r22, 0x80	; 128
     910:	71 05       	cpc	r23, r1
     912:	64 f5       	brge	.+88     	; 0x96c <__stack+0x10d>
     914:	fb 01       	movw	r30, r22
     916:	e1 58       	subi	r30, 0x81	; 129
     918:	ff 4f       	sbci	r31, 0xFF	; 255
     91a:	d8 01       	movw	r26, r16
     91c:	c7 01       	movw	r24, r14
     91e:	8f 77       	andi	r24, 0x7F	; 127
     920:	90 70       	andi	r25, 0x00	; 0
     922:	a0 70       	andi	r26, 0x00	; 0
     924:	b0 70       	andi	r27, 0x00	; 0
     926:	80 34       	cpi	r24, 0x40	; 64
     928:	91 05       	cpc	r25, r1
     92a:	a1 05       	cpc	r26, r1
     92c:	b1 05       	cpc	r27, r1
     92e:	39 f4       	brne	.+14     	; 0x93e <__stack+0xdf>
     930:	e7 fe       	sbrs	r14, 7
     932:	0d c0       	rjmp	.+26     	; 0x94e <__stack+0xef>
     934:	80 e4       	ldi	r24, 0x40	; 64
     936:	90 e0       	ldi	r25, 0x00	; 0
     938:	a0 e0       	ldi	r26, 0x00	; 0
     93a:	b0 e0       	ldi	r27, 0x00	; 0
     93c:	04 c0       	rjmp	.+8      	; 0x946 <__stack+0xe7>
     93e:	8f e3       	ldi	r24, 0x3F	; 63
     940:	90 e0       	ldi	r25, 0x00	; 0
     942:	a0 e0       	ldi	r26, 0x00	; 0
     944:	b0 e0       	ldi	r27, 0x00	; 0
     946:	e8 0e       	add	r14, r24
     948:	f9 1e       	adc	r15, r25
     94a:	0a 1f       	adc	r16, r26
     94c:	1b 1f       	adc	r17, r27
     94e:	17 ff       	sbrs	r17, 7
     950:	05 c0       	rjmp	.+10     	; 0x95c <__stack+0xfd>
     952:	16 95       	lsr	r17
     954:	07 95       	ror	r16
     956:	f7 94       	ror	r15
     958:	e7 94       	ror	r14
     95a:	31 96       	adiw	r30, 0x01	; 1
     95c:	87 e0       	ldi	r24, 0x07	; 7
     95e:	16 95       	lsr	r17
     960:	07 95       	ror	r16
     962:	f7 94       	ror	r15
     964:	e7 94       	ror	r14
     966:	8a 95       	dec	r24
     968:	d1 f7       	brne	.-12     	; 0x95e <__stack+0xff>
     96a:	05 c0       	rjmp	.+10     	; 0x976 <__stack+0x117>
     96c:	ee 24       	eor	r14, r14
     96e:	ff 24       	eor	r15, r15
     970:	87 01       	movw	r16, r14
     972:	ef ef       	ldi	r30, 0xFF	; 255
     974:	f0 e0       	ldi	r31, 0x00	; 0
     976:	6e 2f       	mov	r22, r30
     978:	67 95       	ror	r22
     97a:	66 27       	eor	r22, r22
     97c:	67 95       	ror	r22
     97e:	90 2f       	mov	r25, r16
     980:	9f 77       	andi	r25, 0x7F	; 127
     982:	d7 94       	ror	r13
     984:	dd 24       	eor	r13, r13
     986:	d7 94       	ror	r13
     988:	8e 2f       	mov	r24, r30
     98a:	86 95       	lsr	r24
     98c:	49 2f       	mov	r20, r25
     98e:	46 2b       	or	r20, r22
     990:	58 2f       	mov	r21, r24
     992:	5d 29       	or	r21, r13
     994:	b7 01       	movw	r22, r14
     996:	ca 01       	movw	r24, r20
     998:	1f 91       	pop	r17
     99a:	0f 91       	pop	r16
     99c:	ff 90       	pop	r15
     99e:	ef 90       	pop	r14
     9a0:	df 90       	pop	r13
     9a2:	08 95       	ret

000009a4 <__unpack_f>:
     9a4:	fc 01       	movw	r30, r24
     9a6:	db 01       	movw	r26, r22
     9a8:	40 81       	ld	r20, Z
     9aa:	51 81       	ldd	r21, Z+1	; 0x01
     9ac:	22 81       	ldd	r18, Z+2	; 0x02
     9ae:	62 2f       	mov	r22, r18
     9b0:	6f 77       	andi	r22, 0x7F	; 127
     9b2:	70 e0       	ldi	r23, 0x00	; 0
     9b4:	22 1f       	adc	r18, r18
     9b6:	22 27       	eor	r18, r18
     9b8:	22 1f       	adc	r18, r18
     9ba:	93 81       	ldd	r25, Z+3	; 0x03
     9bc:	89 2f       	mov	r24, r25
     9be:	88 0f       	add	r24, r24
     9c0:	82 2b       	or	r24, r18
     9c2:	28 2f       	mov	r18, r24
     9c4:	30 e0       	ldi	r19, 0x00	; 0
     9c6:	99 1f       	adc	r25, r25
     9c8:	99 27       	eor	r25, r25
     9ca:	99 1f       	adc	r25, r25
     9cc:	11 96       	adiw	r26, 0x01	; 1
     9ce:	9c 93       	st	X, r25
     9d0:	11 97       	sbiw	r26, 0x01	; 1
     9d2:	21 15       	cp	r18, r1
     9d4:	31 05       	cpc	r19, r1
     9d6:	a9 f5       	brne	.+106    	; 0xa42 <__unpack_f+0x9e>
     9d8:	41 15       	cp	r20, r1
     9da:	51 05       	cpc	r21, r1
     9dc:	61 05       	cpc	r22, r1
     9de:	71 05       	cpc	r23, r1
     9e0:	11 f4       	brne	.+4      	; 0x9e6 <__unpack_f+0x42>
     9e2:	82 e0       	ldi	r24, 0x02	; 2
     9e4:	37 c0       	rjmp	.+110    	; 0xa54 <__unpack_f+0xb0>
     9e6:	82 e8       	ldi	r24, 0x82	; 130
     9e8:	9f ef       	ldi	r25, 0xFF	; 255
     9ea:	13 96       	adiw	r26, 0x03	; 3
     9ec:	9c 93       	st	X, r25
     9ee:	8e 93       	st	-X, r24
     9f0:	12 97       	sbiw	r26, 0x02	; 2
     9f2:	9a 01       	movw	r18, r20
     9f4:	ab 01       	movw	r20, r22
     9f6:	67 e0       	ldi	r22, 0x07	; 7
     9f8:	22 0f       	add	r18, r18
     9fa:	33 1f       	adc	r19, r19
     9fc:	44 1f       	adc	r20, r20
     9fe:	55 1f       	adc	r21, r21
     a00:	6a 95       	dec	r22
     a02:	d1 f7       	brne	.-12     	; 0x9f8 <__unpack_f+0x54>
     a04:	83 e0       	ldi	r24, 0x03	; 3
     a06:	8c 93       	st	X, r24
     a08:	0d c0       	rjmp	.+26     	; 0xa24 <__unpack_f+0x80>
     a0a:	22 0f       	add	r18, r18
     a0c:	33 1f       	adc	r19, r19
     a0e:	44 1f       	adc	r20, r20
     a10:	55 1f       	adc	r21, r21
     a12:	12 96       	adiw	r26, 0x02	; 2
     a14:	8d 91       	ld	r24, X+
     a16:	9c 91       	ld	r25, X
     a18:	13 97       	sbiw	r26, 0x03	; 3
     a1a:	01 97       	sbiw	r24, 0x01	; 1
     a1c:	13 96       	adiw	r26, 0x03	; 3
     a1e:	9c 93       	st	X, r25
     a20:	8e 93       	st	-X, r24
     a22:	12 97       	sbiw	r26, 0x02	; 2
     a24:	20 30       	cpi	r18, 0x00	; 0
     a26:	80 e0       	ldi	r24, 0x00	; 0
     a28:	38 07       	cpc	r19, r24
     a2a:	80 e0       	ldi	r24, 0x00	; 0
     a2c:	48 07       	cpc	r20, r24
     a2e:	80 e4       	ldi	r24, 0x40	; 64
     a30:	58 07       	cpc	r21, r24
     a32:	58 f3       	brcs	.-42     	; 0xa0a <__unpack_f+0x66>
     a34:	14 96       	adiw	r26, 0x04	; 4
     a36:	2d 93       	st	X+, r18
     a38:	3d 93       	st	X+, r19
     a3a:	4d 93       	st	X+, r20
     a3c:	5c 93       	st	X, r21
     a3e:	17 97       	sbiw	r26, 0x07	; 7
     a40:	08 95       	ret
     a42:	2f 3f       	cpi	r18, 0xFF	; 255
     a44:	31 05       	cpc	r19, r1
     a46:	79 f4       	brne	.+30     	; 0xa66 <__unpack_f+0xc2>
     a48:	41 15       	cp	r20, r1
     a4a:	51 05       	cpc	r21, r1
     a4c:	61 05       	cpc	r22, r1
     a4e:	71 05       	cpc	r23, r1
     a50:	19 f4       	brne	.+6      	; 0xa58 <__unpack_f+0xb4>
     a52:	84 e0       	ldi	r24, 0x04	; 4
     a54:	8c 93       	st	X, r24
     a56:	08 95       	ret
     a58:	64 ff       	sbrs	r22, 4
     a5a:	03 c0       	rjmp	.+6      	; 0xa62 <__unpack_f+0xbe>
     a5c:	81 e0       	ldi	r24, 0x01	; 1
     a5e:	8c 93       	st	X, r24
     a60:	12 c0       	rjmp	.+36     	; 0xa86 <__unpack_f+0xe2>
     a62:	1c 92       	st	X, r1
     a64:	10 c0       	rjmp	.+32     	; 0xa86 <__unpack_f+0xe2>
     a66:	2f 57       	subi	r18, 0x7F	; 127
     a68:	30 40       	sbci	r19, 0x00	; 0
     a6a:	13 96       	adiw	r26, 0x03	; 3
     a6c:	3c 93       	st	X, r19
     a6e:	2e 93       	st	-X, r18
     a70:	12 97       	sbiw	r26, 0x02	; 2
     a72:	83 e0       	ldi	r24, 0x03	; 3
     a74:	8c 93       	st	X, r24
     a76:	87 e0       	ldi	r24, 0x07	; 7
     a78:	44 0f       	add	r20, r20
     a7a:	55 1f       	adc	r21, r21
     a7c:	66 1f       	adc	r22, r22
     a7e:	77 1f       	adc	r23, r23
     a80:	8a 95       	dec	r24
     a82:	d1 f7       	brne	.-12     	; 0xa78 <__unpack_f+0xd4>
     a84:	70 64       	ori	r23, 0x40	; 64
     a86:	14 96       	adiw	r26, 0x04	; 4
     a88:	4d 93       	st	X+, r20
     a8a:	5d 93       	st	X+, r21
     a8c:	6d 93       	st	X+, r22
     a8e:	7c 93       	st	X, r23
     a90:	17 97       	sbiw	r26, 0x07	; 7
     a92:	08 95       	ret

00000a94 <__fpcmp_parts_f>:
     a94:	1f 93       	push	r17
     a96:	dc 01       	movw	r26, r24
     a98:	fb 01       	movw	r30, r22
     a9a:	9c 91       	ld	r25, X
     a9c:	92 30       	cpi	r25, 0x02	; 2
     a9e:	08 f4       	brcc	.+2      	; 0xaa2 <__fpcmp_parts_f+0xe>
     aa0:	47 c0       	rjmp	.+142    	; 0xb30 <__fpcmp_parts_f+0x9c>
     aa2:	80 81       	ld	r24, Z
     aa4:	82 30       	cpi	r24, 0x02	; 2
     aa6:	08 f4       	brcc	.+2      	; 0xaaa <__fpcmp_parts_f+0x16>
     aa8:	43 c0       	rjmp	.+134    	; 0xb30 <__fpcmp_parts_f+0x9c>
     aaa:	94 30       	cpi	r25, 0x04	; 4
     aac:	51 f4       	brne	.+20     	; 0xac2 <__fpcmp_parts_f+0x2e>
     aae:	11 96       	adiw	r26, 0x01	; 1
     ab0:	1c 91       	ld	r17, X
     ab2:	84 30       	cpi	r24, 0x04	; 4
     ab4:	99 f5       	brne	.+102    	; 0xb1c <__fpcmp_parts_f+0x88>
     ab6:	81 81       	ldd	r24, Z+1	; 0x01
     ab8:	68 2f       	mov	r22, r24
     aba:	70 e0       	ldi	r23, 0x00	; 0
     abc:	61 1b       	sub	r22, r17
     abe:	71 09       	sbc	r23, r1
     ac0:	3f c0       	rjmp	.+126    	; 0xb40 <__fpcmp_parts_f+0xac>
     ac2:	84 30       	cpi	r24, 0x04	; 4
     ac4:	21 f0       	breq	.+8      	; 0xace <__fpcmp_parts_f+0x3a>
     ac6:	92 30       	cpi	r25, 0x02	; 2
     ac8:	31 f4       	brne	.+12     	; 0xad6 <__fpcmp_parts_f+0x42>
     aca:	82 30       	cpi	r24, 0x02	; 2
     acc:	b9 f1       	breq	.+110    	; 0xb3c <__fpcmp_parts_f+0xa8>
     ace:	81 81       	ldd	r24, Z+1	; 0x01
     ad0:	88 23       	and	r24, r24
     ad2:	89 f1       	breq	.+98     	; 0xb36 <__fpcmp_parts_f+0xa2>
     ad4:	2d c0       	rjmp	.+90     	; 0xb30 <__fpcmp_parts_f+0x9c>
     ad6:	11 96       	adiw	r26, 0x01	; 1
     ad8:	1c 91       	ld	r17, X
     ada:	11 97       	sbiw	r26, 0x01	; 1
     adc:	82 30       	cpi	r24, 0x02	; 2
     ade:	f1 f0       	breq	.+60     	; 0xb1c <__fpcmp_parts_f+0x88>
     ae0:	81 81       	ldd	r24, Z+1	; 0x01
     ae2:	18 17       	cp	r17, r24
     ae4:	d9 f4       	brne	.+54     	; 0xb1c <__fpcmp_parts_f+0x88>
     ae6:	12 96       	adiw	r26, 0x02	; 2
     ae8:	2d 91       	ld	r18, X+
     aea:	3c 91       	ld	r19, X
     aec:	13 97       	sbiw	r26, 0x03	; 3
     aee:	82 81       	ldd	r24, Z+2	; 0x02
     af0:	93 81       	ldd	r25, Z+3	; 0x03
     af2:	82 17       	cp	r24, r18
     af4:	93 07       	cpc	r25, r19
     af6:	94 f0       	brlt	.+36     	; 0xb1c <__fpcmp_parts_f+0x88>
     af8:	28 17       	cp	r18, r24
     afa:	39 07       	cpc	r19, r25
     afc:	bc f0       	brlt	.+46     	; 0xb2c <__fpcmp_parts_f+0x98>
     afe:	14 96       	adiw	r26, 0x04	; 4
     b00:	8d 91       	ld	r24, X+
     b02:	9d 91       	ld	r25, X+
     b04:	0d 90       	ld	r0, X+
     b06:	bc 91       	ld	r27, X
     b08:	a0 2d       	mov	r26, r0
     b0a:	24 81       	ldd	r18, Z+4	; 0x04
     b0c:	35 81       	ldd	r19, Z+5	; 0x05
     b0e:	46 81       	ldd	r20, Z+6	; 0x06
     b10:	57 81       	ldd	r21, Z+7	; 0x07
     b12:	28 17       	cp	r18, r24
     b14:	39 07       	cpc	r19, r25
     b16:	4a 07       	cpc	r20, r26
     b18:	5b 07       	cpc	r21, r27
     b1a:	18 f4       	brcc	.+6      	; 0xb22 <__fpcmp_parts_f+0x8e>
     b1c:	11 23       	and	r17, r17
     b1e:	41 f0       	breq	.+16     	; 0xb30 <__fpcmp_parts_f+0x9c>
     b20:	0a c0       	rjmp	.+20     	; 0xb36 <__fpcmp_parts_f+0xa2>
     b22:	82 17       	cp	r24, r18
     b24:	93 07       	cpc	r25, r19
     b26:	a4 07       	cpc	r26, r20
     b28:	b5 07       	cpc	r27, r21
     b2a:	40 f4       	brcc	.+16     	; 0xb3c <__fpcmp_parts_f+0xa8>
     b2c:	11 23       	and	r17, r17
     b2e:	19 f0       	breq	.+6      	; 0xb36 <__fpcmp_parts_f+0xa2>
     b30:	61 e0       	ldi	r22, 0x01	; 1
     b32:	70 e0       	ldi	r23, 0x00	; 0
     b34:	05 c0       	rjmp	.+10     	; 0xb40 <__fpcmp_parts_f+0xac>
     b36:	6f ef       	ldi	r22, 0xFF	; 255
     b38:	7f ef       	ldi	r23, 0xFF	; 255
     b3a:	02 c0       	rjmp	.+4      	; 0xb40 <__fpcmp_parts_f+0xac>
     b3c:	60 e0       	ldi	r22, 0x00	; 0
     b3e:	70 e0       	ldi	r23, 0x00	; 0
     b40:	cb 01       	movw	r24, r22
     b42:	1f 91       	pop	r17
     b44:	08 95       	ret

00000b46 <ADC_voidInit>:
#include "ADC_interface.h"
#include "ADC_private.h"
#include "ADC_config.h"

void ADC_voidInit(void)
{
     b46:	df 93       	push	r29
     b48:	cf 93       	push	r28
     b4a:	cd b7       	in	r28, 0x3d	; 61
     b4c:	de b7       	in	r29, 0x3e	; 62
    ADMUX  = (ADC_VOLTAGE_REF << 6);
     b4e:	e7 e2       	ldi	r30, 0x27	; 39
     b50:	f0 e0       	ldi	r31, 0x00	; 0
     b52:	80 e4       	ldi	r24, 0x40	; 64
     b54:	80 83       	st	Z, r24
    ADCSRA = (1 << ADEN) | ADC_PRESCALER;
     b56:	e6 e2       	ldi	r30, 0x26	; 38
     b58:	f0 e0       	ldi	r31, 0x00	; 0
     b5a:	87 e8       	ldi	r24, 0x87	; 135
     b5c:	80 83       	st	Z, r24
}
     b5e:	cf 91       	pop	r28
     b60:	df 91       	pop	r29
     b62:	08 95       	ret

00000b64 <ADC_u16Read>:

u16 ADC_u16Read(u8 Copy_u8Channel)
{
     b64:	df 93       	push	r29
     b66:	cf 93       	push	r28
     b68:	0f 92       	push	r0
     b6a:	cd b7       	in	r28, 0x3d	; 61
     b6c:	de b7       	in	r29, 0x3e	; 62
     b6e:	89 83       	std	Y+1, r24	; 0x01
    ADMUX = (ADMUX & 0xE0) | (Copy_u8Channel & 0x1F);
     b70:	a7 e2       	ldi	r26, 0x27	; 39
     b72:	b0 e0       	ldi	r27, 0x00	; 0
     b74:	e7 e2       	ldi	r30, 0x27	; 39
     b76:	f0 e0       	ldi	r31, 0x00	; 0
     b78:	80 81       	ld	r24, Z
     b7a:	98 2f       	mov	r25, r24
     b7c:	90 7e       	andi	r25, 0xE0	; 224
     b7e:	89 81       	ldd	r24, Y+1	; 0x01
     b80:	8f 71       	andi	r24, 0x1F	; 31
     b82:	89 2b       	or	r24, r25
     b84:	8c 93       	st	X, r24
    SET_BIT(ADCSRA, ADSC);
     b86:	a6 e2       	ldi	r26, 0x26	; 38
     b88:	b0 e0       	ldi	r27, 0x00	; 0
     b8a:	e6 e2       	ldi	r30, 0x26	; 38
     b8c:	f0 e0       	ldi	r31, 0x00	; 0
     b8e:	80 81       	ld	r24, Z
     b90:	80 64       	ori	r24, 0x40	; 64
     b92:	8c 93       	st	X, r24
    while(GET_BIT(ADCSRA, ADSC));
     b94:	e6 e2       	ldi	r30, 0x26	; 38
     b96:	f0 e0       	ldi	r31, 0x00	; 0
     b98:	80 81       	ld	r24, Z
     b9a:	82 95       	swap	r24
     b9c:	86 95       	lsr	r24
     b9e:	86 95       	lsr	r24
     ba0:	83 70       	andi	r24, 0x03	; 3
     ba2:	88 2f       	mov	r24, r24
     ba4:	90 e0       	ldi	r25, 0x00	; 0
     ba6:	81 70       	andi	r24, 0x01	; 1
     ba8:	90 70       	andi	r25, 0x00	; 0
     baa:	88 23       	and	r24, r24
     bac:	99 f7       	brne	.-26     	; 0xb94 <ADC_u16Read+0x30>
    return ADC;
     bae:	e4 e2       	ldi	r30, 0x24	; 36
     bb0:	f0 e0       	ldi	r31, 0x00	; 0
     bb2:	80 81       	ld	r24, Z
     bb4:	91 81       	ldd	r25, Z+1	; 0x01
}
     bb6:	0f 90       	pop	r0
     bb8:	cf 91       	pop	r28
     bba:	df 91       	pop	r29
     bbc:	08 95       	ret

00000bbe <DIO_voidSetPinDirection>:
#include "DIO_interface.h"
#include "DIO_private.h"
#include "DIO_config.h"

void DIO_voidSetPinDirection(u8 Copy_u8Port, u8 Copy_u8Pin, u8 Copy_u8Direction)
{
     bbe:	df 93       	push	r29
     bc0:	cf 93       	push	r28
     bc2:	00 d0       	rcall	.+0      	; 0xbc4 <DIO_voidSetPinDirection+0x6>
     bc4:	00 d0       	rcall	.+0      	; 0xbc6 <DIO_voidSetPinDirection+0x8>
     bc6:	0f 92       	push	r0
     bc8:	cd b7       	in	r28, 0x3d	; 61
     bca:	de b7       	in	r29, 0x3e	; 62
     bcc:	89 83       	std	Y+1, r24	; 0x01
     bce:	6a 83       	std	Y+2, r22	; 0x02
     bd0:	4b 83       	std	Y+3, r20	; 0x03
    switch(Copy_u8Port)
     bd2:	89 81       	ldd	r24, Y+1	; 0x01
     bd4:	28 2f       	mov	r18, r24
     bd6:	30 e0       	ldi	r19, 0x00	; 0
     bd8:	3d 83       	std	Y+5, r19	; 0x05
     bda:	2c 83       	std	Y+4, r18	; 0x04
     bdc:	8c 81       	ldd	r24, Y+4	; 0x04
     bde:	9d 81       	ldd	r25, Y+5	; 0x05
     be0:	81 30       	cpi	r24, 0x01	; 1
     be2:	91 05       	cpc	r25, r1
     be4:	09 f4       	brne	.+2      	; 0xbe8 <DIO_voidSetPinDirection+0x2a>
     be6:	43 c0       	rjmp	.+134    	; 0xc6e <DIO_voidSetPinDirection+0xb0>
     be8:	2c 81       	ldd	r18, Y+4	; 0x04
     bea:	3d 81       	ldd	r19, Y+5	; 0x05
     bec:	22 30       	cpi	r18, 0x02	; 2
     bee:	31 05       	cpc	r19, r1
     bf0:	2c f4       	brge	.+10     	; 0xbfc <DIO_voidSetPinDirection+0x3e>
     bf2:	8c 81       	ldd	r24, Y+4	; 0x04
     bf4:	9d 81       	ldd	r25, Y+5	; 0x05
     bf6:	00 97       	sbiw	r24, 0x00	; 0
     bf8:	71 f0       	breq	.+28     	; 0xc16 <DIO_voidSetPinDirection+0x58>
     bfa:	bc c0       	rjmp	.+376    	; 0xd74 <DIO_voidSetPinDirection+0x1b6>
     bfc:	2c 81       	ldd	r18, Y+4	; 0x04
     bfe:	3d 81       	ldd	r19, Y+5	; 0x05
     c00:	22 30       	cpi	r18, 0x02	; 2
     c02:	31 05       	cpc	r19, r1
     c04:	09 f4       	brne	.+2      	; 0xc08 <DIO_voidSetPinDirection+0x4a>
     c06:	5f c0       	rjmp	.+190    	; 0xcc6 <DIO_voidSetPinDirection+0x108>
     c08:	8c 81       	ldd	r24, Y+4	; 0x04
     c0a:	9d 81       	ldd	r25, Y+5	; 0x05
     c0c:	83 30       	cpi	r24, 0x03	; 3
     c0e:	91 05       	cpc	r25, r1
     c10:	09 f4       	brne	.+2      	; 0xc14 <DIO_voidSetPinDirection+0x56>
     c12:	85 c0       	rjmp	.+266    	; 0xd1e <DIO_voidSetPinDirection+0x160>
     c14:	af c0       	rjmp	.+350    	; 0xd74 <DIO_voidSetPinDirection+0x1b6>
    {
        case DIO_PORTA:
            if(Copy_u8Direction == DIO_OUTPUT) { SET_BIT(DDRA, Copy_u8Pin); }
     c16:	8b 81       	ldd	r24, Y+3	; 0x03
     c18:	81 30       	cpi	r24, 0x01	; 1
     c1a:	a1 f4       	brne	.+40     	; 0xc44 <DIO_voidSetPinDirection+0x86>
     c1c:	aa e3       	ldi	r26, 0x3A	; 58
     c1e:	b0 e0       	ldi	r27, 0x00	; 0
     c20:	ea e3       	ldi	r30, 0x3A	; 58
     c22:	f0 e0       	ldi	r31, 0x00	; 0
     c24:	80 81       	ld	r24, Z
     c26:	48 2f       	mov	r20, r24
     c28:	8a 81       	ldd	r24, Y+2	; 0x02
     c2a:	28 2f       	mov	r18, r24
     c2c:	30 e0       	ldi	r19, 0x00	; 0
     c2e:	81 e0       	ldi	r24, 0x01	; 1
     c30:	90 e0       	ldi	r25, 0x00	; 0
     c32:	02 2e       	mov	r0, r18
     c34:	02 c0       	rjmp	.+4      	; 0xc3a <DIO_voidSetPinDirection+0x7c>
     c36:	88 0f       	add	r24, r24
     c38:	99 1f       	adc	r25, r25
     c3a:	0a 94       	dec	r0
     c3c:	e2 f7       	brpl	.-8      	; 0xc36 <DIO_voidSetPinDirection+0x78>
     c3e:	84 2b       	or	r24, r20
     c40:	8c 93       	st	X, r24
     c42:	98 c0       	rjmp	.+304    	; 0xd74 <DIO_voidSetPinDirection+0x1b6>
            else                                { CLR_BIT(DDRA, Copy_u8Pin); }
     c44:	aa e3       	ldi	r26, 0x3A	; 58
     c46:	b0 e0       	ldi	r27, 0x00	; 0
     c48:	ea e3       	ldi	r30, 0x3A	; 58
     c4a:	f0 e0       	ldi	r31, 0x00	; 0
     c4c:	80 81       	ld	r24, Z
     c4e:	48 2f       	mov	r20, r24
     c50:	8a 81       	ldd	r24, Y+2	; 0x02
     c52:	28 2f       	mov	r18, r24
     c54:	30 e0       	ldi	r19, 0x00	; 0
     c56:	81 e0       	ldi	r24, 0x01	; 1
     c58:	90 e0       	ldi	r25, 0x00	; 0
     c5a:	02 2e       	mov	r0, r18
     c5c:	02 c0       	rjmp	.+4      	; 0xc62 <DIO_voidSetPinDirection+0xa4>
     c5e:	88 0f       	add	r24, r24
     c60:	99 1f       	adc	r25, r25
     c62:	0a 94       	dec	r0
     c64:	e2 f7       	brpl	.-8      	; 0xc5e <DIO_voidSetPinDirection+0xa0>
     c66:	80 95       	com	r24
     c68:	84 23       	and	r24, r20
     c6a:	8c 93       	st	X, r24
     c6c:	83 c0       	rjmp	.+262    	; 0xd74 <DIO_voidSetPinDirection+0x1b6>
            break;
        case DIO_PORTB:
            if(Copy_u8Direction == DIO_OUTPUT) { SET_BIT(DDRB, Copy_u8Pin); }
     c6e:	8b 81       	ldd	r24, Y+3	; 0x03
     c70:	81 30       	cpi	r24, 0x01	; 1
     c72:	a1 f4       	brne	.+40     	; 0xc9c <DIO_voidSetPinDirection+0xde>
     c74:	a7 e3       	ldi	r26, 0x37	; 55
     c76:	b0 e0       	ldi	r27, 0x00	; 0
     c78:	e7 e3       	ldi	r30, 0x37	; 55
     c7a:	f0 e0       	ldi	r31, 0x00	; 0
     c7c:	80 81       	ld	r24, Z
     c7e:	48 2f       	mov	r20, r24
     c80:	8a 81       	ldd	r24, Y+2	; 0x02
     c82:	28 2f       	mov	r18, r24
     c84:	30 e0       	ldi	r19, 0x00	; 0
     c86:	81 e0       	ldi	r24, 0x01	; 1
     c88:	90 e0       	ldi	r25, 0x00	; 0
     c8a:	02 2e       	mov	r0, r18
     c8c:	02 c0       	rjmp	.+4      	; 0xc92 <DIO_voidSetPinDirection+0xd4>
     c8e:	88 0f       	add	r24, r24
     c90:	99 1f       	adc	r25, r25
     c92:	0a 94       	dec	r0
     c94:	e2 f7       	brpl	.-8      	; 0xc8e <DIO_voidSetPinDirection+0xd0>
     c96:	84 2b       	or	r24, r20
     c98:	8c 93       	st	X, r24
     c9a:	6c c0       	rjmp	.+216    	; 0xd74 <DIO_voidSetPinDirection+0x1b6>
            else                                { CLR_BIT(DDRB, Copy_u8Pin); }
     c9c:	a7 e3       	ldi	r26, 0x37	; 55
     c9e:	b0 e0       	ldi	r27, 0x00	; 0
     ca0:	e7 e3       	ldi	r30, 0x37	; 55
     ca2:	f0 e0       	ldi	r31, 0x00	; 0
     ca4:	80 81       	ld	r24, Z
     ca6:	48 2f       	mov	r20, r24
     ca8:	8a 81       	ldd	r24, Y+2	; 0x02
     caa:	28 2f       	mov	r18, r24
     cac:	30 e0       	ldi	r19, 0x00	; 0
     cae:	81 e0       	ldi	r24, 0x01	; 1
     cb0:	90 e0       	ldi	r25, 0x00	; 0
     cb2:	02 2e       	mov	r0, r18
     cb4:	02 c0       	rjmp	.+4      	; 0xcba <DIO_voidSetPinDirection+0xfc>
     cb6:	88 0f       	add	r24, r24
     cb8:	99 1f       	adc	r25, r25
     cba:	0a 94       	dec	r0
     cbc:	e2 f7       	brpl	.-8      	; 0xcb6 <DIO_voidSetPinDirection+0xf8>
     cbe:	80 95       	com	r24
     cc0:	84 23       	and	r24, r20
     cc2:	8c 93       	st	X, r24
     cc4:	57 c0       	rjmp	.+174    	; 0xd74 <DIO_voidSetPinDirection+0x1b6>
            break;
        case DIO_PORTC:
            if(Copy_u8Direction == DIO_OUTPUT) { SET_BIT(DDRC, Copy_u8Pin); }
     cc6:	8b 81       	ldd	r24, Y+3	; 0x03
     cc8:	81 30       	cpi	r24, 0x01	; 1
     cca:	a1 f4       	brne	.+40     	; 0xcf4 <DIO_voidSetPinDirection+0x136>
     ccc:	a4 e3       	ldi	r26, 0x34	; 52
     cce:	b0 e0       	ldi	r27, 0x00	; 0
     cd0:	e4 e3       	ldi	r30, 0x34	; 52
     cd2:	f0 e0       	ldi	r31, 0x00	; 0
     cd4:	80 81       	ld	r24, Z
     cd6:	48 2f       	mov	r20, r24
     cd8:	8a 81       	ldd	r24, Y+2	; 0x02
     cda:	28 2f       	mov	r18, r24
     cdc:	30 e0       	ldi	r19, 0x00	; 0
     cde:	81 e0       	ldi	r24, 0x01	; 1
     ce0:	90 e0       	ldi	r25, 0x00	; 0
     ce2:	02 2e       	mov	r0, r18
     ce4:	02 c0       	rjmp	.+4      	; 0xcea <DIO_voidSetPinDirection+0x12c>
     ce6:	88 0f       	add	r24, r24
     ce8:	99 1f       	adc	r25, r25
     cea:	0a 94       	dec	r0
     cec:	e2 f7       	brpl	.-8      	; 0xce6 <DIO_voidSetPinDirection+0x128>
     cee:	84 2b       	or	r24, r20
     cf0:	8c 93       	st	X, r24
     cf2:	40 c0       	rjmp	.+128    	; 0xd74 <DIO_voidSetPinDirection+0x1b6>
            else                                { CLR_BIT(DDRC, Copy_u8Pin); }
     cf4:	a4 e3       	ldi	r26, 0x34	; 52
     cf6:	b0 e0       	ldi	r27, 0x00	; 0
     cf8:	e4 e3       	ldi	r30, 0x34	; 52
     cfa:	f0 e0       	ldi	r31, 0x00	; 0
     cfc:	80 81       	ld	r24, Z
     cfe:	48 2f       	mov	r20, r24
     d00:	8a 81       	ldd	r24, Y+2	; 0x02
     d02:	28 2f       	mov	r18, r24
     d04:	30 e0       	ldi	r19, 0x00	; 0
     d06:	81 e0       	ldi	r24, 0x01	; 1
     d08:	90 e0       	ldi	r25, 0x00	; 0
     d0a:	02 2e       	mov	r0, r18
     d0c:	02 c0       	rjmp	.+4      	; 0xd12 <DIO_voidSetPinDirection+0x154>
     d0e:	88 0f       	add	r24, r24
     d10:	99 1f       	adc	r25, r25
     d12:	0a 94       	dec	r0
     d14:	e2 f7       	brpl	.-8      	; 0xd0e <DIO_voidSetPinDirection+0x150>
     d16:	80 95       	com	r24
     d18:	84 23       	and	r24, r20
     d1a:	8c 93       	st	X, r24
     d1c:	2b c0       	rjmp	.+86     	; 0xd74 <DIO_voidSetPinDirection+0x1b6>
            break;
        case DIO_PORTD:
            if(Copy_u8Direction == DIO_OUTPUT) { SET_BIT(DDRD, Copy_u8Pin); }
     d1e:	8b 81       	ldd	r24, Y+3	; 0x03
     d20:	81 30       	cpi	r24, 0x01	; 1
     d22:	a1 f4       	brne	.+40     	; 0xd4c <DIO_voidSetPinDirection+0x18e>
     d24:	a1 e3       	ldi	r26, 0x31	; 49
     d26:	b0 e0       	ldi	r27, 0x00	; 0
     d28:	e1 e3       	ldi	r30, 0x31	; 49
     d2a:	f0 e0       	ldi	r31, 0x00	; 0
     d2c:	80 81       	ld	r24, Z
     d2e:	48 2f       	mov	r20, r24
     d30:	8a 81       	ldd	r24, Y+2	; 0x02
     d32:	28 2f       	mov	r18, r24
     d34:	30 e0       	ldi	r19, 0x00	; 0
     d36:	81 e0       	ldi	r24, 0x01	; 1
     d38:	90 e0       	ldi	r25, 0x00	; 0
     d3a:	02 2e       	mov	r0, r18
     d3c:	02 c0       	rjmp	.+4      	; 0xd42 <DIO_voidSetPinDirection+0x184>
     d3e:	88 0f       	add	r24, r24
     d40:	99 1f       	adc	r25, r25
     d42:	0a 94       	dec	r0
     d44:	e2 f7       	brpl	.-8      	; 0xd3e <DIO_voidSetPinDirection+0x180>
     d46:	84 2b       	or	r24, r20
     d48:	8c 93       	st	X, r24
     d4a:	14 c0       	rjmp	.+40     	; 0xd74 <DIO_voidSetPinDirection+0x1b6>
            else                                { CLR_BIT(DDRD, Copy_u8Pin); }
     d4c:	a1 e3       	ldi	r26, 0x31	; 49
     d4e:	b0 e0       	ldi	r27, 0x00	; 0
     d50:	e1 e3       	ldi	r30, 0x31	; 49
     d52:	f0 e0       	ldi	r31, 0x00	; 0
     d54:	80 81       	ld	r24, Z
     d56:	48 2f       	mov	r20, r24
     d58:	8a 81       	ldd	r24, Y+2	; 0x02
     d5a:	28 2f       	mov	r18, r24
     d5c:	30 e0       	ldi	r19, 0x00	; 0
     d5e:	81 e0       	ldi	r24, 0x01	; 1
     d60:	90 e0       	ldi	r25, 0x00	; 0
     d62:	02 2e       	mov	r0, r18
     d64:	02 c0       	rjmp	.+4      	; 0xd6a <DIO_voidSetPinDirection+0x1ac>
     d66:	88 0f       	add	r24, r24
     d68:	99 1f       	adc	r25, r25
     d6a:	0a 94       	dec	r0
     d6c:	e2 f7       	brpl	.-8      	; 0xd66 <DIO_voidSetPinDirection+0x1a8>
     d6e:	80 95       	com	r24
     d70:	84 23       	and	r24, r20
     d72:	8c 93       	st	X, r24
            break;
        default: break;
    }
}
     d74:	0f 90       	pop	r0
     d76:	0f 90       	pop	r0
     d78:	0f 90       	pop	r0
     d7a:	0f 90       	pop	r0
     d7c:	0f 90       	pop	r0
     d7e:	cf 91       	pop	r28
     d80:	df 91       	pop	r29
     d82:	08 95       	ret

00000d84 <DIO_voidSetPinValue>:

void DIO_voidSetPinValue(u8 Copy_u8Port, u8 Copy_u8Pin, u8 Copy_u8Value)
{
     d84:	df 93       	push	r29
     d86:	cf 93       	push	r28
     d88:	00 d0       	rcall	.+0      	; 0xd8a <DIO_voidSetPinValue+0x6>
     d8a:	00 d0       	rcall	.+0      	; 0xd8c <DIO_voidSetPinValue+0x8>
     d8c:	0f 92       	push	r0
     d8e:	cd b7       	in	r28, 0x3d	; 61
     d90:	de b7       	in	r29, 0x3e	; 62
     d92:	89 83       	std	Y+1, r24	; 0x01
     d94:	6a 83       	std	Y+2, r22	; 0x02
     d96:	4b 83       	std	Y+3, r20	; 0x03
    switch(Copy_u8Port)
     d98:	89 81       	ldd	r24, Y+1	; 0x01
     d9a:	28 2f       	mov	r18, r24
     d9c:	30 e0       	ldi	r19, 0x00	; 0
     d9e:	3d 83       	std	Y+5, r19	; 0x05
     da0:	2c 83       	std	Y+4, r18	; 0x04
     da2:	8c 81       	ldd	r24, Y+4	; 0x04
     da4:	9d 81       	ldd	r25, Y+5	; 0x05
     da6:	81 30       	cpi	r24, 0x01	; 1
     da8:	91 05       	cpc	r25, r1
     daa:	09 f4       	brne	.+2      	; 0xdae <DIO_voidSetPinValue+0x2a>
     dac:	43 c0       	rjmp	.+134    	; 0xe34 <DIO_voidSetPinValue+0xb0>
     dae:	2c 81       	ldd	r18, Y+4	; 0x04
     db0:	3d 81       	ldd	r19, Y+5	; 0x05
     db2:	22 30       	cpi	r18, 0x02	; 2
     db4:	31 05       	cpc	r19, r1
     db6:	2c f4       	brge	.+10     	; 0xdc2 <DIO_voidSetPinValue+0x3e>
     db8:	8c 81       	ldd	r24, Y+4	; 0x04
     dba:	9d 81       	ldd	r25, Y+5	; 0x05
     dbc:	00 97       	sbiw	r24, 0x00	; 0
     dbe:	71 f0       	breq	.+28     	; 0xddc <DIO_voidSetPinValue+0x58>
     dc0:	bc c0       	rjmp	.+376    	; 0xf3a <DIO_voidSetPinValue+0x1b6>
     dc2:	2c 81       	ldd	r18, Y+4	; 0x04
     dc4:	3d 81       	ldd	r19, Y+5	; 0x05
     dc6:	22 30       	cpi	r18, 0x02	; 2
     dc8:	31 05       	cpc	r19, r1
     dca:	09 f4       	brne	.+2      	; 0xdce <DIO_voidSetPinValue+0x4a>
     dcc:	5f c0       	rjmp	.+190    	; 0xe8c <DIO_voidSetPinValue+0x108>
     dce:	8c 81       	ldd	r24, Y+4	; 0x04
     dd0:	9d 81       	ldd	r25, Y+5	; 0x05
     dd2:	83 30       	cpi	r24, 0x03	; 3
     dd4:	91 05       	cpc	r25, r1
     dd6:	09 f4       	brne	.+2      	; 0xdda <DIO_voidSetPinValue+0x56>
     dd8:	85 c0       	rjmp	.+266    	; 0xee4 <DIO_voidSetPinValue+0x160>
     dda:	af c0       	rjmp	.+350    	; 0xf3a <DIO_voidSetPinValue+0x1b6>
    {
        case DIO_PORTA:
            if(Copy_u8Value == DIO_HIGH) { SET_BIT(PORTA, Copy_u8Pin); }
     ddc:	8b 81       	ldd	r24, Y+3	; 0x03
     dde:	81 30       	cpi	r24, 0x01	; 1
     de0:	a1 f4       	brne	.+40     	; 0xe0a <DIO_voidSetPinValue+0x86>
     de2:	ab e3       	ldi	r26, 0x3B	; 59
     de4:	b0 e0       	ldi	r27, 0x00	; 0
     de6:	eb e3       	ldi	r30, 0x3B	; 59
     de8:	f0 e0       	ldi	r31, 0x00	; 0
     dea:	80 81       	ld	r24, Z
     dec:	48 2f       	mov	r20, r24
     dee:	8a 81       	ldd	r24, Y+2	; 0x02
     df0:	28 2f       	mov	r18, r24
     df2:	30 e0       	ldi	r19, 0x00	; 0
     df4:	81 e0       	ldi	r24, 0x01	; 1
     df6:	90 e0       	ldi	r25, 0x00	; 0
     df8:	02 2e       	mov	r0, r18
     dfa:	02 c0       	rjmp	.+4      	; 0xe00 <DIO_voidSetPinValue+0x7c>
     dfc:	88 0f       	add	r24, r24
     dfe:	99 1f       	adc	r25, r25
     e00:	0a 94       	dec	r0
     e02:	e2 f7       	brpl	.-8      	; 0xdfc <DIO_voidSetPinValue+0x78>
     e04:	84 2b       	or	r24, r20
     e06:	8c 93       	st	X, r24
     e08:	98 c0       	rjmp	.+304    	; 0xf3a <DIO_voidSetPinValue+0x1b6>
            else                          { CLR_BIT(PORTA, Copy_u8Pin); }
     e0a:	ab e3       	ldi	r26, 0x3B	; 59
     e0c:	b0 e0       	ldi	r27, 0x00	; 0
     e0e:	eb e3       	ldi	r30, 0x3B	; 59
     e10:	f0 e0       	ldi	r31, 0x00	; 0
     e12:	80 81       	ld	r24, Z
     e14:	48 2f       	mov	r20, r24
     e16:	8a 81       	ldd	r24, Y+2	; 0x02
     e18:	28 2f       	mov	r18, r24
     e1a:	30 e0       	ldi	r19, 0x00	; 0
     e1c:	81 e0       	ldi	r24, 0x01	; 1
     e1e:	90 e0       	ldi	r25, 0x00	; 0
     e20:	02 2e       	mov	r0, r18
     e22:	02 c0       	rjmp	.+4      	; 0xe28 <DIO_voidSetPinValue+0xa4>
     e24:	88 0f       	add	r24, r24
     e26:	99 1f       	adc	r25, r25
     e28:	0a 94       	dec	r0
     e2a:	e2 f7       	brpl	.-8      	; 0xe24 <DIO_voidSetPinValue+0xa0>
     e2c:	80 95       	com	r24
     e2e:	84 23       	and	r24, r20
     e30:	8c 93       	st	X, r24
     e32:	83 c0       	rjmp	.+262    	; 0xf3a <DIO_voidSetPinValue+0x1b6>
            break;
        case DIO_PORTB:
            if(Copy_u8Value == DIO_HIGH) { SET_BIT(PORTB, Copy_u8Pin); }
     e34:	8b 81       	ldd	r24, Y+3	; 0x03
     e36:	81 30       	cpi	r24, 0x01	; 1
     e38:	a1 f4       	brne	.+40     	; 0xe62 <DIO_voidSetPinValue+0xde>
     e3a:	a8 e3       	ldi	r26, 0x38	; 56
     e3c:	b0 e0       	ldi	r27, 0x00	; 0
     e3e:	e8 e3       	ldi	r30, 0x38	; 56
     e40:	f0 e0       	ldi	r31, 0x00	; 0
     e42:	80 81       	ld	r24, Z
     e44:	48 2f       	mov	r20, r24
     e46:	8a 81       	ldd	r24, Y+2	; 0x02
     e48:	28 2f       	mov	r18, r24
     e4a:	30 e0       	ldi	r19, 0x00	; 0
     e4c:	81 e0       	ldi	r24, 0x01	; 1
     e4e:	90 e0       	ldi	r25, 0x00	; 0
     e50:	02 2e       	mov	r0, r18
     e52:	02 c0       	rjmp	.+4      	; 0xe58 <DIO_voidSetPinValue+0xd4>
     e54:	88 0f       	add	r24, r24
     e56:	99 1f       	adc	r25, r25
     e58:	0a 94       	dec	r0
     e5a:	e2 f7       	brpl	.-8      	; 0xe54 <DIO_voidSetPinValue+0xd0>
     e5c:	84 2b       	or	r24, r20
     e5e:	8c 93       	st	X, r24
     e60:	6c c0       	rjmp	.+216    	; 0xf3a <DIO_voidSetPinValue+0x1b6>
            else                          { CLR_BIT(PORTB, Copy_u8Pin); }
     e62:	a8 e3       	ldi	r26, 0x38	; 56
     e64:	b0 e0       	ldi	r27, 0x00	; 0
     e66:	e8 e3       	ldi	r30, 0x38	; 56
     e68:	f0 e0       	ldi	r31, 0x00	; 0
     e6a:	80 81       	ld	r24, Z
     e6c:	48 2f       	mov	r20, r24
     e6e:	8a 81       	ldd	r24, Y+2	; 0x02
     e70:	28 2f       	mov	r18, r24
     e72:	30 e0       	ldi	r19, 0x00	; 0
     e74:	81 e0       	ldi	r24, 0x01	; 1
     e76:	90 e0       	ldi	r25, 0x00	; 0
     e78:	02 2e       	mov	r0, r18
     e7a:	02 c0       	rjmp	.+4      	; 0xe80 <DIO_voidSetPinValue+0xfc>
     e7c:	88 0f       	add	r24, r24
     e7e:	99 1f       	adc	r25, r25
     e80:	0a 94       	dec	r0
     e82:	e2 f7       	brpl	.-8      	; 0xe7c <DIO_voidSetPinValue+0xf8>
     e84:	80 95       	com	r24
     e86:	84 23       	and	r24, r20
     e88:	8c 93       	st	X, r24
     e8a:	57 c0       	rjmp	.+174    	; 0xf3a <DIO_voidSetPinValue+0x1b6>
            break;
        case DIO_PORTC:
            if(Copy_u8Value == DIO_HIGH) { SET_BIT(PORTC, Copy_u8Pin); }
     e8c:	8b 81       	ldd	r24, Y+3	; 0x03
     e8e:	81 30       	cpi	r24, 0x01	; 1
     e90:	a1 f4       	brne	.+40     	; 0xeba <DIO_voidSetPinValue+0x136>
     e92:	a5 e3       	ldi	r26, 0x35	; 53
     e94:	b0 e0       	ldi	r27, 0x00	; 0
     e96:	e5 e3       	ldi	r30, 0x35	; 53
     e98:	f0 e0       	ldi	r31, 0x00	; 0
     e9a:	80 81       	ld	r24, Z
     e9c:	48 2f       	mov	r20, r24
     e9e:	8a 81       	ldd	r24, Y+2	; 0x02
     ea0:	28 2f       	mov	r18, r24
     ea2:	30 e0       	ldi	r19, 0x00	; 0
     ea4:	81 e0       	ldi	r24, 0x01	; 1
     ea6:	90 e0       	ldi	r25, 0x00	; 0
     ea8:	02 2e       	mov	r0, r18
     eaa:	02 c0       	rjmp	.+4      	; 0xeb0 <DIO_voidSetPinValue+0x12c>
     eac:	88 0f       	add	r24, r24
     eae:	99 1f       	adc	r25, r25
     eb0:	0a 94       	dec	r0
     eb2:	e2 f7       	brpl	.-8      	; 0xeac <DIO_voidSetPinValue+0x128>
     eb4:	84 2b       	or	r24, r20
     eb6:	8c 93       	st	X, r24
     eb8:	40 c0       	rjmp	.+128    	; 0xf3a <DIO_voidSetPinValue+0x1b6>
            else                          { CLR_BIT(PORTC, Copy_u8Pin); }
     eba:	a5 e3       	ldi	r26, 0x35	; 53
     ebc:	b0 e0       	ldi	r27, 0x00	; 0
     ebe:	e5 e3       	ldi	r30, 0x35	; 53
     ec0:	f0 e0       	ldi	r31, 0x00	; 0
     ec2:	80 81       	ld	r24, Z
     ec4:	48 2f       	mov	r20, r24
     ec6:	8a 81       	ldd	r24, Y+2	; 0x02
     ec8:	28 2f       	mov	r18, r24
     eca:	30 e0       	ldi	r19, 0x00	; 0
     ecc:	81 e0       	ldi	r24, 0x01	; 1
     ece:	90 e0       	ldi	r25, 0x00	; 0
     ed0:	02 2e       	mov	r0, r18
     ed2:	02 c0       	rjmp	.+4      	; 0xed8 <DIO_voidSetPinValue+0x154>
     ed4:	88 0f       	add	r24, r24
     ed6:	99 1f       	adc	r25, r25
     ed8:	0a 94       	dec	r0
     eda:	e2 f7       	brpl	.-8      	; 0xed4 <DIO_voidSetPinValue+0x150>
     edc:	80 95       	com	r24
     ede:	84 23       	and	r24, r20
     ee0:	8c 93       	st	X, r24
     ee2:	2b c0       	rjmp	.+86     	; 0xf3a <DIO_voidSetPinValue+0x1b6>
            break;
        case DIO_PORTD:
            if(Copy_u8Value == DIO_HIGH) { SET_BIT(PORTD, Copy_u8Pin); }
     ee4:	8b 81       	ldd	r24, Y+3	; 0x03
     ee6:	81 30       	cpi	r24, 0x01	; 1
     ee8:	a1 f4       	brne	.+40     	; 0xf12 <DIO_voidSetPinValue+0x18e>
     eea:	a2 e3       	ldi	r26, 0x32	; 50
     eec:	b0 e0       	ldi	r27, 0x00	; 0
     eee:	e2 e3       	ldi	r30, 0x32	; 50
     ef0:	f0 e0       	ldi	r31, 0x00	; 0
     ef2:	80 81       	ld	r24, Z
     ef4:	48 2f       	mov	r20, r24
     ef6:	8a 81       	ldd	r24, Y+2	; 0x02
     ef8:	28 2f       	mov	r18, r24
     efa:	30 e0       	ldi	r19, 0x00	; 0
     efc:	81 e0       	ldi	r24, 0x01	; 1
     efe:	90 e0       	ldi	r25, 0x00	; 0
     f00:	02 2e       	mov	r0, r18
     f02:	02 c0       	rjmp	.+4      	; 0xf08 <DIO_voidSetPinValue+0x184>
     f04:	88 0f       	add	r24, r24
     f06:	99 1f       	adc	r25, r25
     f08:	0a 94       	dec	r0
     f0a:	e2 f7       	brpl	.-8      	; 0xf04 <DIO_voidSetPinValue+0x180>
     f0c:	84 2b       	or	r24, r20
     f0e:	8c 93       	st	X, r24
     f10:	14 c0       	rjmp	.+40     	; 0xf3a <DIO_voidSetPinValue+0x1b6>
            else                          { CLR_BIT(PORTD, Copy_u8Pin); }
     f12:	a2 e3       	ldi	r26, 0x32	; 50
     f14:	b0 e0       	ldi	r27, 0x00	; 0
     f16:	e2 e3       	ldi	r30, 0x32	; 50
     f18:	f0 e0       	ldi	r31, 0x00	; 0
     f1a:	80 81       	ld	r24, Z
     f1c:	48 2f       	mov	r20, r24
     f1e:	8a 81       	ldd	r24, Y+2	; 0x02
     f20:	28 2f       	mov	r18, r24
     f22:	30 e0       	ldi	r19, 0x00	; 0
     f24:	81 e0       	ldi	r24, 0x01	; 1
     f26:	90 e0       	ldi	r25, 0x00	; 0
     f28:	02 2e       	mov	r0, r18
     f2a:	02 c0       	rjmp	.+4      	; 0xf30 <DIO_voidSetPinValue+0x1ac>
     f2c:	88 0f       	add	r24, r24
     f2e:	99 1f       	adc	r25, r25
     f30:	0a 94       	dec	r0
     f32:	e2 f7       	brpl	.-8      	; 0xf2c <DIO_voidSetPinValue+0x1a8>
     f34:	80 95       	com	r24
     f36:	84 23       	and	r24, r20
     f38:	8c 93       	st	X, r24
            break;
        default: break;
    }
}
     f3a:	0f 90       	pop	r0
     f3c:	0f 90       	pop	r0
     f3e:	0f 90       	pop	r0
     f40:	0f 90       	pop	r0
     f42:	0f 90       	pop	r0
     f44:	cf 91       	pop	r28
     f46:	df 91       	pop	r29
     f48:	08 95       	ret

00000f4a <DIO_u8GetPinValue>:

u8 DIO_u8GetPinValue(u8 Copy_u8Port, u8 Copy_u8Pin)
{
     f4a:	df 93       	push	r29
     f4c:	cf 93       	push	r28
     f4e:	00 d0       	rcall	.+0      	; 0xf50 <DIO_u8GetPinValue+0x6>
     f50:	00 d0       	rcall	.+0      	; 0xf52 <DIO_u8GetPinValue+0x8>
     f52:	0f 92       	push	r0
     f54:	cd b7       	in	r28, 0x3d	; 61
     f56:	de b7       	in	r29, 0x3e	; 62
     f58:	8a 83       	std	Y+2, r24	; 0x02
     f5a:	6b 83       	std	Y+3, r22	; 0x03
    u8 Local_u8Value = 0;
     f5c:	19 82       	std	Y+1, r1	; 0x01
    switch(Copy_u8Port)
     f5e:	8a 81       	ldd	r24, Y+2	; 0x02
     f60:	28 2f       	mov	r18, r24
     f62:	30 e0       	ldi	r19, 0x00	; 0
     f64:	3d 83       	std	Y+5, r19	; 0x05
     f66:	2c 83       	std	Y+4, r18	; 0x04
     f68:	4c 81       	ldd	r20, Y+4	; 0x04
     f6a:	5d 81       	ldd	r21, Y+5	; 0x05
     f6c:	41 30       	cpi	r20, 0x01	; 1
     f6e:	51 05       	cpc	r21, r1
     f70:	41 f1       	breq	.+80     	; 0xfc2 <DIO_u8GetPinValue+0x78>
     f72:	8c 81       	ldd	r24, Y+4	; 0x04
     f74:	9d 81       	ldd	r25, Y+5	; 0x05
     f76:	82 30       	cpi	r24, 0x02	; 2
     f78:	91 05       	cpc	r25, r1
     f7a:	34 f4       	brge	.+12     	; 0xf88 <DIO_u8GetPinValue+0x3e>
     f7c:	2c 81       	ldd	r18, Y+4	; 0x04
     f7e:	3d 81       	ldd	r19, Y+5	; 0x05
     f80:	21 15       	cp	r18, r1
     f82:	31 05       	cpc	r19, r1
     f84:	61 f0       	breq	.+24     	; 0xf9e <DIO_u8GetPinValue+0x54>
     f86:	52 c0       	rjmp	.+164    	; 0x102c <DIO_u8GetPinValue+0xe2>
     f88:	4c 81       	ldd	r20, Y+4	; 0x04
     f8a:	5d 81       	ldd	r21, Y+5	; 0x05
     f8c:	42 30       	cpi	r20, 0x02	; 2
     f8e:	51 05       	cpc	r21, r1
     f90:	51 f1       	breq	.+84     	; 0xfe6 <DIO_u8GetPinValue+0x9c>
     f92:	8c 81       	ldd	r24, Y+4	; 0x04
     f94:	9d 81       	ldd	r25, Y+5	; 0x05
     f96:	83 30       	cpi	r24, 0x03	; 3
     f98:	91 05       	cpc	r25, r1
     f9a:	b9 f1       	breq	.+110    	; 0x100a <DIO_u8GetPinValue+0xc0>
     f9c:	47 c0       	rjmp	.+142    	; 0x102c <DIO_u8GetPinValue+0xe2>
    {
        case DIO_PORTA: Local_u8Value = GET_BIT(PINA, Copy_u8Pin); break;
     f9e:	e9 e3       	ldi	r30, 0x39	; 57
     fa0:	f0 e0       	ldi	r31, 0x00	; 0
     fa2:	80 81       	ld	r24, Z
     fa4:	28 2f       	mov	r18, r24
     fa6:	30 e0       	ldi	r19, 0x00	; 0
     fa8:	8b 81       	ldd	r24, Y+3	; 0x03
     faa:	88 2f       	mov	r24, r24
     fac:	90 e0       	ldi	r25, 0x00	; 0
     fae:	a9 01       	movw	r20, r18
     fb0:	02 c0       	rjmp	.+4      	; 0xfb6 <DIO_u8GetPinValue+0x6c>
     fb2:	55 95       	asr	r21
     fb4:	47 95       	ror	r20
     fb6:	8a 95       	dec	r24
     fb8:	e2 f7       	brpl	.-8      	; 0xfb2 <DIO_u8GetPinValue+0x68>
     fba:	ca 01       	movw	r24, r20
     fbc:	81 70       	andi	r24, 0x01	; 1
     fbe:	89 83       	std	Y+1, r24	; 0x01
     fc0:	35 c0       	rjmp	.+106    	; 0x102c <DIO_u8GetPinValue+0xe2>
        case DIO_PORTB: Local_u8Value = GET_BIT(PINB, Copy_u8Pin); break;
     fc2:	e6 e3       	ldi	r30, 0x36	; 54
     fc4:	f0 e0       	ldi	r31, 0x00	; 0
     fc6:	80 81       	ld	r24, Z
     fc8:	28 2f       	mov	r18, r24
     fca:	30 e0       	ldi	r19, 0x00	; 0
     fcc:	8b 81       	ldd	r24, Y+3	; 0x03
     fce:	88 2f       	mov	r24, r24
     fd0:	90 e0       	ldi	r25, 0x00	; 0
     fd2:	a9 01       	movw	r20, r18
     fd4:	02 c0       	rjmp	.+4      	; 0xfda <DIO_u8GetPinValue+0x90>
     fd6:	55 95       	asr	r21
     fd8:	47 95       	ror	r20
     fda:	8a 95       	dec	r24
     fdc:	e2 f7       	brpl	.-8      	; 0xfd6 <DIO_u8GetPinValue+0x8c>
     fde:	ca 01       	movw	r24, r20
     fe0:	81 70       	andi	r24, 0x01	; 1
     fe2:	89 83       	std	Y+1, r24	; 0x01
     fe4:	23 c0       	rjmp	.+70     	; 0x102c <DIO_u8GetPinValue+0xe2>
        case DIO_PORTC: Local_u8Value = GET_BIT(PINC, Copy_u8Pin); break;
     fe6:	e3 e3       	ldi	r30, 0x33	; 51
     fe8:	f0 e0       	ldi	r31, 0x00	; 0
     fea:	80 81       	ld	r24, Z
     fec:	28 2f       	mov	r18, r24
     fee:	30 e0       	ldi	r19, 0x00	; 0
     ff0:	8b 81       	ldd	r24, Y+3	; 0x03
     ff2:	88 2f       	mov	r24, r24
     ff4:	90 e0       	ldi	r25, 0x00	; 0
     ff6:	a9 01       	movw	r20, r18
     ff8:	02 c0       	rjmp	.+4      	; 0xffe <DIO_u8GetPinValue+0xb4>
     ffa:	55 95       	asr	r21
     ffc:	47 95       	ror	r20
     ffe:	8a 95       	dec	r24
    1000:	e2 f7       	brpl	.-8      	; 0xffa <DIO_u8GetPinValue+0xb0>
    1002:	ca 01       	movw	r24, r20
    1004:	81 70       	andi	r24, 0x01	; 1
    1006:	89 83       	std	Y+1, r24	; 0x01
    1008:	11 c0       	rjmp	.+34     	; 0x102c <DIO_u8GetPinValue+0xe2>
        case DIO_PORTD: Local_u8Value = GET_BIT(PIND, Copy_u8Pin); break;
    100a:	e0 e3       	ldi	r30, 0x30	; 48
    100c:	f0 e0       	ldi	r31, 0x00	; 0
    100e:	80 81       	ld	r24, Z
    1010:	28 2f       	mov	r18, r24
    1012:	30 e0       	ldi	r19, 0x00	; 0
    1014:	8b 81       	ldd	r24, Y+3	; 0x03
    1016:	88 2f       	mov	r24, r24
    1018:	90 e0       	ldi	r25, 0x00	; 0
    101a:	a9 01       	movw	r20, r18
    101c:	02 c0       	rjmp	.+4      	; 0x1022 <DIO_u8GetPinValue+0xd8>
    101e:	55 95       	asr	r21
    1020:	47 95       	ror	r20
    1022:	8a 95       	dec	r24
    1024:	e2 f7       	brpl	.-8      	; 0x101e <DIO_u8GetPinValue+0xd4>
    1026:	ca 01       	movw	r24, r20
    1028:	81 70       	andi	r24, 0x01	; 1
    102a:	89 83       	std	Y+1, r24	; 0x01
        default: break;
    }
    return Local_u8Value;
    102c:	89 81       	ldd	r24, Y+1	; 0x01
}
    102e:	0f 90       	pop	r0
    1030:	0f 90       	pop	r0
    1032:	0f 90       	pop	r0
    1034:	0f 90       	pop	r0
    1036:	0f 90       	pop	r0
    1038:	cf 91       	pop	r28
    103a:	df 91       	pop	r29
    103c:	08 95       	ret

0000103e <DIO_voidSetPortDirection>:

void DIO_voidSetPortDirection(u8 Copy_u8Port, u8 Copy_u8Direction)
{
    103e:	df 93       	push	r29
    1040:	cf 93       	push	r28
    1042:	00 d0       	rcall	.+0      	; 0x1044 <DIO_voidSetPortDirection+0x6>
    1044:	00 d0       	rcall	.+0      	; 0x1046 <DIO_voidSetPortDirection+0x8>
    1046:	00 d0       	rcall	.+0      	; 0x1048 <DIO_voidSetPortDirection+0xa>
    1048:	cd b7       	in	r28, 0x3d	; 61
    104a:	de b7       	in	r29, 0x3e	; 62
    104c:	8a 83       	std	Y+2, r24	; 0x02
    104e:	6b 83       	std	Y+3, r22	; 0x03
    u8 Local_u8Value = (Copy_u8Direction == DIO_OUTPUT) ? 0xFF : 0x00;
    1050:	8b 81       	ldd	r24, Y+3	; 0x03
    1052:	81 30       	cpi	r24, 0x01	; 1
    1054:	19 f4       	brne	.+6      	; 0x105c <DIO_voidSetPortDirection+0x1e>
    1056:	2f ef       	ldi	r18, 0xFF	; 255
    1058:	2e 83       	std	Y+6, r18	; 0x06
    105a:	01 c0       	rjmp	.+2      	; 0x105e <DIO_voidSetPortDirection+0x20>
    105c:	1e 82       	std	Y+6, r1	; 0x06
    105e:	3e 81       	ldd	r19, Y+6	; 0x06
    1060:	39 83       	std	Y+1, r19	; 0x01
    switch(Copy_u8Port)
    1062:	8a 81       	ldd	r24, Y+2	; 0x02
    1064:	28 2f       	mov	r18, r24
    1066:	30 e0       	ldi	r19, 0x00	; 0
    1068:	3d 83       	std	Y+5, r19	; 0x05
    106a:	2c 83       	std	Y+4, r18	; 0x04
    106c:	8c 81       	ldd	r24, Y+4	; 0x04
    106e:	9d 81       	ldd	r25, Y+5	; 0x05
    1070:	81 30       	cpi	r24, 0x01	; 1
    1072:	91 05       	cpc	r25, r1
    1074:	d1 f0       	breq	.+52     	; 0x10aa <DIO_voidSetPortDirection+0x6c>
    1076:	2c 81       	ldd	r18, Y+4	; 0x04
    1078:	3d 81       	ldd	r19, Y+5	; 0x05
    107a:	22 30       	cpi	r18, 0x02	; 2
    107c:	31 05       	cpc	r19, r1
    107e:	2c f4       	brge	.+10     	; 0x108a <DIO_voidSetPortDirection+0x4c>
    1080:	8c 81       	ldd	r24, Y+4	; 0x04
    1082:	9d 81       	ldd	r25, Y+5	; 0x05
    1084:	00 97       	sbiw	r24, 0x00	; 0
    1086:	61 f0       	breq	.+24     	; 0x10a0 <DIO_voidSetPortDirection+0x62>
    1088:	1e c0       	rjmp	.+60     	; 0x10c6 <DIO_voidSetPortDirection+0x88>
    108a:	2c 81       	ldd	r18, Y+4	; 0x04
    108c:	3d 81       	ldd	r19, Y+5	; 0x05
    108e:	22 30       	cpi	r18, 0x02	; 2
    1090:	31 05       	cpc	r19, r1
    1092:	81 f0       	breq	.+32     	; 0x10b4 <DIO_voidSetPortDirection+0x76>
    1094:	8c 81       	ldd	r24, Y+4	; 0x04
    1096:	9d 81       	ldd	r25, Y+5	; 0x05
    1098:	83 30       	cpi	r24, 0x03	; 3
    109a:	91 05       	cpc	r25, r1
    109c:	81 f0       	breq	.+32     	; 0x10be <DIO_voidSetPortDirection+0x80>
    109e:	13 c0       	rjmp	.+38     	; 0x10c6 <DIO_voidSetPortDirection+0x88>
    {
        case DIO_PORTA: DDRA = Local_u8Value; break;
    10a0:	ea e3       	ldi	r30, 0x3A	; 58
    10a2:	f0 e0       	ldi	r31, 0x00	; 0
    10a4:	89 81       	ldd	r24, Y+1	; 0x01
    10a6:	80 83       	st	Z, r24
    10a8:	0e c0       	rjmp	.+28     	; 0x10c6 <DIO_voidSetPortDirection+0x88>
        case DIO_PORTB: DDRB = Local_u8Value; break;
    10aa:	e7 e3       	ldi	r30, 0x37	; 55
    10ac:	f0 e0       	ldi	r31, 0x00	; 0
    10ae:	89 81       	ldd	r24, Y+1	; 0x01
    10b0:	80 83       	st	Z, r24
    10b2:	09 c0       	rjmp	.+18     	; 0x10c6 <DIO_voidSetPortDirection+0x88>
        case DIO_PORTC: DDRC = Local_u8Value; break;
    10b4:	e4 e3       	ldi	r30, 0x34	; 52
    10b6:	f0 e0       	ldi	r31, 0x00	; 0
    10b8:	89 81       	ldd	r24, Y+1	; 0x01
    10ba:	80 83       	st	Z, r24
    10bc:	04 c0       	rjmp	.+8      	; 0x10c6 <DIO_voidSetPortDirection+0x88>
        case DIO_PORTD: DDRD = Local_u8Value; break;
    10be:	e1 e3       	ldi	r30, 0x31	; 49
    10c0:	f0 e0       	ldi	r31, 0x00	; 0
    10c2:	89 81       	ldd	r24, Y+1	; 0x01
    10c4:	80 83       	st	Z, r24
        default: break;
    }
}
    10c6:	26 96       	adiw	r28, 0x06	; 6
    10c8:	0f b6       	in	r0, 0x3f	; 63
    10ca:	f8 94       	cli
    10cc:	de bf       	out	0x3e, r29	; 62
    10ce:	0f be       	out	0x3f, r0	; 63
    10d0:	cd bf       	out	0x3d, r28	; 61
    10d2:	cf 91       	pop	r28
    10d4:	df 91       	pop	r29
    10d6:	08 95       	ret

000010d8 <DIO_voidSetPortValue>:

void DIO_voidSetPortValue(u8 Copy_u8Port, u8 Copy_u8Value)
{
    10d8:	df 93       	push	r29
    10da:	cf 93       	push	r28
    10dc:	00 d0       	rcall	.+0      	; 0x10de <DIO_voidSetPortValue+0x6>
    10de:	00 d0       	rcall	.+0      	; 0x10e0 <DIO_voidSetPortValue+0x8>
    10e0:	cd b7       	in	r28, 0x3d	; 61
    10e2:	de b7       	in	r29, 0x3e	; 62
    10e4:	89 83       	std	Y+1, r24	; 0x01
    10e6:	6a 83       	std	Y+2, r22	; 0x02
    switch(Copy_u8Port)
    10e8:	89 81       	ldd	r24, Y+1	; 0x01
    10ea:	28 2f       	mov	r18, r24
    10ec:	30 e0       	ldi	r19, 0x00	; 0
    10ee:	3c 83       	std	Y+4, r19	; 0x04
    10f0:	2b 83       	std	Y+3, r18	; 0x03
    10f2:	8b 81       	ldd	r24, Y+3	; 0x03
    10f4:	9c 81       	ldd	r25, Y+4	; 0x04
    10f6:	81 30       	cpi	r24, 0x01	; 1
    10f8:	91 05       	cpc	r25, r1
    10fa:	d1 f0       	breq	.+52     	; 0x1130 <DIO_voidSetPortValue+0x58>
    10fc:	2b 81       	ldd	r18, Y+3	; 0x03
    10fe:	3c 81       	ldd	r19, Y+4	; 0x04
    1100:	22 30       	cpi	r18, 0x02	; 2
    1102:	31 05       	cpc	r19, r1
    1104:	2c f4       	brge	.+10     	; 0x1110 <DIO_voidSetPortValue+0x38>
    1106:	8b 81       	ldd	r24, Y+3	; 0x03
    1108:	9c 81       	ldd	r25, Y+4	; 0x04
    110a:	00 97       	sbiw	r24, 0x00	; 0
    110c:	61 f0       	breq	.+24     	; 0x1126 <DIO_voidSetPortValue+0x4e>
    110e:	1e c0       	rjmp	.+60     	; 0x114c <DIO_voidSetPortValue+0x74>
    1110:	2b 81       	ldd	r18, Y+3	; 0x03
    1112:	3c 81       	ldd	r19, Y+4	; 0x04
    1114:	22 30       	cpi	r18, 0x02	; 2
    1116:	31 05       	cpc	r19, r1
    1118:	81 f0       	breq	.+32     	; 0x113a <DIO_voidSetPortValue+0x62>
    111a:	8b 81       	ldd	r24, Y+3	; 0x03
    111c:	9c 81       	ldd	r25, Y+4	; 0x04
    111e:	83 30       	cpi	r24, 0x03	; 3
    1120:	91 05       	cpc	r25, r1
    1122:	81 f0       	breq	.+32     	; 0x1144 <DIO_voidSetPortValue+0x6c>
    1124:	13 c0       	rjmp	.+38     	; 0x114c <DIO_voidSetPortValue+0x74>
    {
        case DIO_PORTA: PORTA = Copy_u8Value; break;
    1126:	eb e3       	ldi	r30, 0x3B	; 59
    1128:	f0 e0       	ldi	r31, 0x00	; 0
    112a:	8a 81       	ldd	r24, Y+2	; 0x02
    112c:	80 83       	st	Z, r24
    112e:	0e c0       	rjmp	.+28     	; 0x114c <DIO_voidSetPortValue+0x74>
        case DIO_PORTB: PORTB = Copy_u8Value; break;
    1130:	e8 e3       	ldi	r30, 0x38	; 56
    1132:	f0 e0       	ldi	r31, 0x00	; 0
    1134:	8a 81       	ldd	r24, Y+2	; 0x02
    1136:	80 83       	st	Z, r24
    1138:	09 c0       	rjmp	.+18     	; 0x114c <DIO_voidSetPortValue+0x74>
        case DIO_PORTC: PORTC = Copy_u8Value; break;
    113a:	e5 e3       	ldi	r30, 0x35	; 53
    113c:	f0 e0       	ldi	r31, 0x00	; 0
    113e:	8a 81       	ldd	r24, Y+2	; 0x02
    1140:	80 83       	st	Z, r24
    1142:	04 c0       	rjmp	.+8      	; 0x114c <DIO_voidSetPortValue+0x74>
        case DIO_PORTD: PORTD = Copy_u8Value; break;
    1144:	e2 e3       	ldi	r30, 0x32	; 50
    1146:	f0 e0       	ldi	r31, 0x00	; 0
    1148:	8a 81       	ldd	r24, Y+2	; 0x02
    114a:	80 83       	st	Z, r24
        default: break;
    }
}
    114c:	0f 90       	pop	r0
    114e:	0f 90       	pop	r0
    1150:	0f 90       	pop	r0
    1152:	0f 90       	pop	r0
    1154:	cf 91       	pop	r28
    1156:	df 91       	pop	r29
    1158:	08 95       	ret

0000115a <KEYPAD_voidInit>:

static const u8 KEYPAD_au8RowPins[4] = {KEYPAD_ROW0_PIN, KEYPAD_ROW1_PIN, KEYPAD_ROW2_PIN, KEYPAD_ROW3_PIN};
static const u8 KEYPAD_au8ColPins[4] = {KEYPAD_COL0_PIN, KEYPAD_COL1_PIN, KEYPAD_COL2_PIN, KEYPAD_COL3_PIN};

void KEYPAD_voidInit(void)
{
    115a:	df 93       	push	r29
    115c:	cf 93       	push	r28
    115e:	0f 92       	push	r0
    1160:	cd b7       	in	r28, 0x3d	; 61
    1162:	de b7       	in	r29, 0x3e	; 62
    u8 Local_u8Idx;
    for(Local_u8Idx = 0; Local_u8Idx < 4; Local_u8Idx++)
    1164:	19 82       	std	Y+1, r1	; 0x01
    1166:	33 c0       	rjmp	.+102    	; 0x11ce <KEYPAD_voidInit+0x74>
    {
        /* Rows: output, idle HIGH */
        DIO_voidSetPinDirection(KEYPAD_PORT, KEYPAD_au8RowPins[Local_u8Idx], DIO_OUTPUT);
    1168:	89 81       	ldd	r24, Y+1	; 0x01
    116a:	88 2f       	mov	r24, r24
    116c:	90 e0       	ldi	r25, 0x00	; 0
    116e:	fc 01       	movw	r30, r24
    1170:	ea 53       	subi	r30, 0x3A	; 58
    1172:	ff 4f       	sbci	r31, 0xFF	; 255
    1174:	90 81       	ld	r25, Z
    1176:	81 e0       	ldi	r24, 0x01	; 1
    1178:	69 2f       	mov	r22, r25
    117a:	41 e0       	ldi	r20, 0x01	; 1
    117c:	0e 94 df 05 	call	0xbbe	; 0xbbe <DIO_voidSetPinDirection>
        DIO_voidSetPinValue(KEYPAD_PORT, KEYPAD_au8RowPins[Local_u8Idx], DIO_HIGH);
    1180:	89 81       	ldd	r24, Y+1	; 0x01
    1182:	88 2f       	mov	r24, r24
    1184:	90 e0       	ldi	r25, 0x00	; 0
    1186:	fc 01       	movw	r30, r24
    1188:	ea 53       	subi	r30, 0x3A	; 58
    118a:	ff 4f       	sbci	r31, 0xFF	; 255
    118c:	90 81       	ld	r25, Z
    118e:	81 e0       	ldi	r24, 0x01	; 1
    1190:	69 2f       	mov	r22, r25
    1192:	41 e0       	ldi	r20, 0x01	; 1
    1194:	0e 94 c2 06 	call	0xd84	; 0xd84 <DIO_voidSetPinValue>

        /* Columns: input with internal pull-up (pressed key reads LOW) */
        DIO_voidSetPinDirection(KEYPAD_PORT, KEYPAD_au8ColPins[Local_u8Idx], DIO_INPUT);
    1198:	89 81       	ldd	r24, Y+1	; 0x01
    119a:	88 2f       	mov	r24, r24
    119c:	90 e0       	ldi	r25, 0x00	; 0
    119e:	fc 01       	movw	r30, r24
    11a0:	e6 53       	subi	r30, 0x36	; 54
    11a2:	ff 4f       	sbci	r31, 0xFF	; 255
    11a4:	90 81       	ld	r25, Z
    11a6:	81 e0       	ldi	r24, 0x01	; 1
    11a8:	69 2f       	mov	r22, r25
    11aa:	40 e0       	ldi	r20, 0x00	; 0
    11ac:	0e 94 df 05 	call	0xbbe	; 0xbbe <DIO_voidSetPinDirection>
        DIO_voidSetPinValue(KEYPAD_PORT, KEYPAD_au8ColPins[Local_u8Idx], DIO_HIGH);
    11b0:	89 81       	ldd	r24, Y+1	; 0x01
    11b2:	88 2f       	mov	r24, r24
    11b4:	90 e0       	ldi	r25, 0x00	; 0
    11b6:	fc 01       	movw	r30, r24
    11b8:	e6 53       	subi	r30, 0x36	; 54
    11ba:	ff 4f       	sbci	r31, 0xFF	; 255
    11bc:	90 81       	ld	r25, Z
    11be:	81 e0       	ldi	r24, 0x01	; 1
    11c0:	69 2f       	mov	r22, r25
    11c2:	41 e0       	ldi	r20, 0x01	; 1
    11c4:	0e 94 c2 06 	call	0xd84	; 0xd84 <DIO_voidSetPinValue>
static const u8 KEYPAD_au8ColPins[4] = {KEYPAD_COL0_PIN, KEYPAD_COL1_PIN, KEYPAD_COL2_PIN, KEYPAD_COL3_PIN};

void KEYPAD_voidInit(void)
{
    u8 Local_u8Idx;
    for(Local_u8Idx = 0; Local_u8Idx < 4; Local_u8Idx++)
    11c8:	89 81       	ldd	r24, Y+1	; 0x01
    11ca:	8f 5f       	subi	r24, 0xFF	; 255
    11cc:	89 83       	std	Y+1, r24	; 0x01
    11ce:	89 81       	ldd	r24, Y+1	; 0x01
    11d0:	84 30       	cpi	r24, 0x04	; 4
    11d2:	50 f2       	brcs	.-108    	; 0x1168 <KEYPAD_voidInit+0xe>

        /* Columns: input with internal pull-up (pressed key reads LOW) */
        DIO_voidSetPinDirection(KEYPAD_PORT, KEYPAD_au8ColPins[Local_u8Idx], DIO_INPUT);
        DIO_voidSetPinValue(KEYPAD_PORT, KEYPAD_au8ColPins[Local_u8Idx], DIO_HIGH);
    }
}
    11d4:	0f 90       	pop	r0
    11d6:	cf 91       	pop	r28
    11d8:	df 91       	pop	r29
    11da:	08 95       	ret

000011dc <KEYPAD_u8GetPressedKey>:

u8 KEYPAD_u8GetPressedKey(void)
{
    11dc:	df 93       	push	r29
    11de:	cf 93       	push	r28
    11e0:	00 d0       	rcall	.+0      	; 0x11e2 <KEYPAD_u8GetPressedKey+0x6>
    11e2:	0f 92       	push	r0
    11e4:	cd b7       	in	r28, 0x3d	; 61
    11e6:	de b7       	in	r29, 0x3e	; 62
    u8 Local_u8Row, Local_u8Col;
    u8 Local_u8Pressed = KEYPAD_NO_KEY;
    11e8:	8f ef       	ldi	r24, 0xFF	; 255
    11ea:	89 83       	std	Y+1, r24	; 0x01

    for(Local_u8Row = 0; Local_u8Row < 4; Local_u8Row++)
    11ec:	1b 82       	std	Y+3, r1	; 0x03
    11ee:	53 c0       	rjmp	.+166    	; 0x1296 <KEYPAD_u8GetPressedKey+0xba>
    {
        DIO_voidSetPinValue(KEYPAD_PORT, KEYPAD_au8RowPins[Local_u8Row], DIO_LOW);
    11f0:	8b 81       	ldd	r24, Y+3	; 0x03
    11f2:	88 2f       	mov	r24, r24
    11f4:	90 e0       	ldi	r25, 0x00	; 0
    11f6:	fc 01       	movw	r30, r24
    11f8:	ea 53       	subi	r30, 0x3A	; 58
    11fa:	ff 4f       	sbci	r31, 0xFF	; 255
    11fc:	90 81       	ld	r25, Z
    11fe:	81 e0       	ldi	r24, 0x01	; 1
    1200:	69 2f       	mov	r22, r25
    1202:	40 e0       	ldi	r20, 0x00	; 0
    1204:	0e 94 c2 06 	call	0xd84	; 0xd84 <DIO_voidSetPinValue>

        for(Local_u8Col = 0; Local_u8Col < 4; Local_u8Col++)
    1208:	1a 82       	std	Y+2, r1	; 0x02
    120a:	33 c0       	rjmp	.+102    	; 0x1272 <KEYPAD_u8GetPressedKey+0x96>
        {
            if(DIO_u8GetPinValue(KEYPAD_PORT, KEYPAD_au8ColPins[Local_u8Col]) == DIO_LOW)
    120c:	8a 81       	ldd	r24, Y+2	; 0x02
    120e:	88 2f       	mov	r24, r24
    1210:	90 e0       	ldi	r25, 0x00	; 0
    1212:	fc 01       	movw	r30, r24
    1214:	e6 53       	subi	r30, 0x36	; 54
    1216:	ff 4f       	sbci	r31, 0xFF	; 255
    1218:	90 81       	ld	r25, Z
    121a:	81 e0       	ldi	r24, 0x01	; 1
    121c:	69 2f       	mov	r22, r25
    121e:	0e 94 a5 07 	call	0xf4a	; 0xf4a <DIO_u8GetPinValue>
    1222:	88 23       	and	r24, r24
    1224:	19 f5       	brne	.+70     	; 0x126c <KEYPAD_u8GetPressedKey+0x90>
            {
                Local_u8Pressed = KEYPAD_au8Keys[Local_u8Row][Local_u8Col];
    1226:	8b 81       	ldd	r24, Y+3	; 0x03
    1228:	48 2f       	mov	r20, r24
    122a:	50 e0       	ldi	r21, 0x00	; 0
    122c:	8a 81       	ldd	r24, Y+2	; 0x02
    122e:	28 2f       	mov	r18, r24
    1230:	30 e0       	ldi	r19, 0x00	; 0
    1232:	ca 01       	movw	r24, r20
    1234:	88 0f       	add	r24, r24
    1236:	99 1f       	adc	r25, r25
    1238:	88 0f       	add	r24, r24
    123a:	99 1f       	adc	r25, r25
    123c:	82 0f       	add	r24, r18
    123e:	93 1f       	adc	r25, r19
    1240:	fc 01       	movw	r30, r24
    1242:	ea 54       	subi	r30, 0x4A	; 74
    1244:	ff 4f       	sbci	r31, 0xFF	; 255
    1246:	80 81       	ld	r24, Z
    1248:	89 83       	std	Y+1, r24	; 0x01
                TIMER_voidDelayMs(20); /* debounce */
    124a:	84 e1       	ldi	r24, 0x14	; 20
    124c:	90 e0       	ldi	r25, 0x00	; 0
    124e:	0e 94 3a 0b 	call	0x1674	; 0x1674 <TIMER_voidDelayMs>
                while(DIO_u8GetPinValue(KEYPAD_PORT, KEYPAD_au8ColPins[Local_u8Col]) == DIO_LOW)
    1252:	8a 81       	ldd	r24, Y+2	; 0x02
    1254:	88 2f       	mov	r24, r24
    1256:	90 e0       	ldi	r25, 0x00	; 0
    1258:	fc 01       	movw	r30, r24
    125a:	e6 53       	subi	r30, 0x36	; 54
    125c:	ff 4f       	sbci	r31, 0xFF	; 255
    125e:	90 81       	ld	r25, Z
    1260:	81 e0       	ldi	r24, 0x01	; 1
    1262:	69 2f       	mov	r22, r25
    1264:	0e 94 a5 07 	call	0xf4a	; 0xf4a <DIO_u8GetPinValue>
    1268:	88 23       	and	r24, r24
    126a:	99 f3       	breq	.-26     	; 0x1252 <KEYPAD_u8GetPressedKey+0x76>

    for(Local_u8Row = 0; Local_u8Row < 4; Local_u8Row++)
    {
        DIO_voidSetPinValue(KEYPAD_PORT, KEYPAD_au8RowPins[Local_u8Row], DIO_LOW);

        for(Local_u8Col = 0; Local_u8Col < 4; Local_u8Col++)
    126c:	8a 81       	ldd	r24, Y+2	; 0x02
    126e:	8f 5f       	subi	r24, 0xFF	; 255
    1270:	8a 83       	std	Y+2, r24	; 0x02
    1272:	8a 81       	ldd	r24, Y+2	; 0x02
    1274:	84 30       	cpi	r24, 0x04	; 4
    1276:	50 f2       	brcs	.-108    	; 0x120c <KEYPAD_u8GetPressedKey+0x30>
                {
                    /* wait for key release */
                }
            }
        }
        DIO_voidSetPinValue(KEYPAD_PORT, KEYPAD_au8RowPins[Local_u8Row], DIO_HIGH);
    1278:	8b 81       	ldd	r24, Y+3	; 0x03
    127a:	88 2f       	mov	r24, r24
    127c:	90 e0       	ldi	r25, 0x00	; 0
    127e:	fc 01       	movw	r30, r24
    1280:	ea 53       	subi	r30, 0x3A	; 58
    1282:	ff 4f       	sbci	r31, 0xFF	; 255
    1284:	90 81       	ld	r25, Z
    1286:	81 e0       	ldi	r24, 0x01	; 1
    1288:	69 2f       	mov	r22, r25
    128a:	41 e0       	ldi	r20, 0x01	; 1
    128c:	0e 94 c2 06 	call	0xd84	; 0xd84 <DIO_voidSetPinValue>
u8 KEYPAD_u8GetPressedKey(void)
{
    u8 Local_u8Row, Local_u8Col;
    u8 Local_u8Pressed = KEYPAD_NO_KEY;

    for(Local_u8Row = 0; Local_u8Row < 4; Local_u8Row++)
    1290:	8b 81       	ldd	r24, Y+3	; 0x03
    1292:	8f 5f       	subi	r24, 0xFF	; 255
    1294:	8b 83       	std	Y+3, r24	; 0x03
    1296:	8b 81       	ldd	r24, Y+3	; 0x03
    1298:	84 30       	cpi	r24, 0x04	; 4
    129a:	08 f4       	brcc	.+2      	; 0x129e <KEYPAD_u8GetPressedKey+0xc2>
    129c:	a9 cf       	rjmp	.-174    	; 0x11f0 <KEYPAD_u8GetPressedKey+0x14>
                }
            }
        }
        DIO_voidSetPinValue(KEYPAD_PORT, KEYPAD_au8RowPins[Local_u8Row], DIO_HIGH);
    }
    return Local_u8Pressed;
    129e:	89 81       	ldd	r24, Y+1	; 0x01
}
    12a0:	0f 90       	pop	r0
    12a2:	0f 90       	pop	r0
    12a4:	0f 90       	pop	r0
    12a6:	cf 91       	pop	r28
    12a8:	df 91       	pop	r29
    12aa:	08 95       	ret

000012ac <KEYPAD_u8WaitForKey>:

u8 KEYPAD_u8WaitForKey(void)
{
    12ac:	df 93       	push	r29
    12ae:	cf 93       	push	r28
    12b0:	0f 92       	push	r0
    12b2:	cd b7       	in	r28, 0x3d	; 61
    12b4:	de b7       	in	r29, 0x3e	; 62
    u8 Local_u8Key;
    do
    {
        Local_u8Key = KEYPAD_u8GetPressedKey();
    12b6:	0e 94 ee 08 	call	0x11dc	; 0x11dc <KEYPAD_u8GetPressedKey>
    12ba:	89 83       	std	Y+1, r24	; 0x01
    } while(Local_u8Key == KEYPAD_NO_KEY);
    12bc:	89 81       	ldd	r24, Y+1	; 0x01
    12be:	8f 3f       	cpi	r24, 0xFF	; 255
    12c0:	d1 f3       	breq	.-12     	; 0x12b6 <KEYPAD_u8WaitForKey+0xa>
    return Local_u8Key;
    12c2:	89 81       	ldd	r24, Y+1	; 0x01
}
    12c4:	0f 90       	pop	r0
    12c6:	cf 91       	pop	r28
    12c8:	df 91       	pop	r29
    12ca:	08 95       	ret

000012cc <LCD_voidEnablePulse>:
#include "LCD_interface.h"
#include "LCD_private.h"
#include "LCD_config.h"

static void LCD_voidEnablePulse(void)
{
    12cc:	df 93       	push	r29
    12ce:	cf 93       	push	r28
    12d0:	cd b7       	in	r28, 0x3d	; 61
    12d2:	de b7       	in	r29, 0x3e	; 62
    DIO_voidSetPinValue(LCD_PORT, LCD_EN_PIN, DIO_HIGH);
    12d4:	82 e0       	ldi	r24, 0x02	; 2
    12d6:	61 e0       	ldi	r22, 0x01	; 1
    12d8:	41 e0       	ldi	r20, 0x01	; 1
    12da:	0e 94 c2 06 	call	0xd84	; 0xd84 <DIO_voidSetPinValue>
    TIMER_voidDelayMs(1);
    12de:	81 e0       	ldi	r24, 0x01	; 1
    12e0:	90 e0       	ldi	r25, 0x00	; 0
    12e2:	0e 94 3a 0b 	call	0x1674	; 0x1674 <TIMER_voidDelayMs>
    DIO_voidSetPinValue(LCD_PORT, LCD_EN_PIN, DIO_LOW);
    12e6:	82 e0       	ldi	r24, 0x02	; 2
    12e8:	61 e0       	ldi	r22, 0x01	; 1
    12ea:	40 e0       	ldi	r20, 0x00	; 0
    12ec:	0e 94 c2 06 	call	0xd84	; 0xd84 <DIO_voidSetPinValue>
    TIMER_voidDelayMs(1);
    12f0:	81 e0       	ldi	r24, 0x01	; 1
    12f2:	90 e0       	ldi	r25, 0x00	; 0
    12f4:	0e 94 3a 0b 	call	0x1674	; 0x1674 <TIMER_voidDelayMs>
}
    12f8:	cf 91       	pop	r28
    12fa:	df 91       	pop	r29
    12fc:	08 95       	ret

000012fe <LCD_voidSendNibble>:

static void LCD_voidSendNibble(u8 Copy_u8Nibble)
{
    12fe:	df 93       	push	r29
    1300:	cf 93       	push	r28
    1302:	0f 92       	push	r0
    1304:	cd b7       	in	r28, 0x3d	; 61
    1306:	de b7       	in	r29, 0x3e	; 62
    1308:	89 83       	std	Y+1, r24	; 0x01
    DIO_voidSetPinValue(LCD_PORT, LCD_D4_PIN, GET_BIT(Copy_u8Nibble, 0));
    130a:	89 81       	ldd	r24, Y+1	; 0x01
    130c:	98 2f       	mov	r25, r24
    130e:	91 70       	andi	r25, 0x01	; 1
    1310:	82 e0       	ldi	r24, 0x02	; 2
    1312:	64 e0       	ldi	r22, 0x04	; 4
    1314:	49 2f       	mov	r20, r25
    1316:	0e 94 c2 06 	call	0xd84	; 0xd84 <DIO_voidSetPinValue>
    DIO_voidSetPinValue(LCD_PORT, LCD_D5_PIN, GET_BIT(Copy_u8Nibble, 1));
    131a:	89 81       	ldd	r24, Y+1	; 0x01
    131c:	86 95       	lsr	r24
    131e:	98 2f       	mov	r25, r24
    1320:	91 70       	andi	r25, 0x01	; 1
    1322:	82 e0       	ldi	r24, 0x02	; 2
    1324:	65 e0       	ldi	r22, 0x05	; 5
    1326:	49 2f       	mov	r20, r25
    1328:	0e 94 c2 06 	call	0xd84	; 0xd84 <DIO_voidSetPinValue>
    DIO_voidSetPinValue(LCD_PORT, LCD_D6_PIN, GET_BIT(Copy_u8Nibble, 2));
    132c:	89 81       	ldd	r24, Y+1	; 0x01
    132e:	86 95       	lsr	r24
    1330:	86 95       	lsr	r24
    1332:	98 2f       	mov	r25, r24
    1334:	91 70       	andi	r25, 0x01	; 1
    1336:	82 e0       	ldi	r24, 0x02	; 2
    1338:	66 e0       	ldi	r22, 0x06	; 6
    133a:	49 2f       	mov	r20, r25
    133c:	0e 94 c2 06 	call	0xd84	; 0xd84 <DIO_voidSetPinValue>
    DIO_voidSetPinValue(LCD_PORT, LCD_D7_PIN, GET_BIT(Copy_u8Nibble, 3));
    1340:	89 81       	ldd	r24, Y+1	; 0x01
    1342:	86 95       	lsr	r24
    1344:	86 95       	lsr	r24
    1346:	86 95       	lsr	r24
    1348:	98 2f       	mov	r25, r24
    134a:	91 70       	andi	r25, 0x01	; 1
    134c:	82 e0       	ldi	r24, 0x02	; 2
    134e:	67 e0       	ldi	r22, 0x07	; 7
    1350:	49 2f       	mov	r20, r25
    1352:	0e 94 c2 06 	call	0xd84	; 0xd84 <DIO_voidSetPinValue>
    LCD_voidEnablePulse();
    1356:	0e 94 66 09 	call	0x12cc	; 0x12cc <LCD_voidEnablePulse>
}
    135a:	0f 90       	pop	r0
    135c:	cf 91       	pop	r28
    135e:	df 91       	pop	r29
    1360:	08 95       	ret

00001362 <LCD_voidSendCommand>:

void LCD_voidSendCommand(u8 Copy_u8Command)
{
    1362:	df 93       	push	r29
    1364:	cf 93       	push	r28
    1366:	0f 92       	push	r0
    1368:	cd b7       	in	r28, 0x3d	; 61
    136a:	de b7       	in	r29, 0x3e	; 62
    136c:	89 83       	std	Y+1, r24	; 0x01
    DIO_voidSetPinValue(LCD_PORT, LCD_RS_PIN, DIO_LOW);
    136e:	82 e0       	ldi	r24, 0x02	; 2
    1370:	60 e0       	ldi	r22, 0x00	; 0
    1372:	40 e0       	ldi	r20, 0x00	; 0
    1374:	0e 94 c2 06 	call	0xd84	; 0xd84 <DIO_voidSetPinValue>
    LCD_voidSendNibble(Copy_u8Command >> 4);
    1378:	89 81       	ldd	r24, Y+1	; 0x01
    137a:	82 95       	swap	r24
    137c:	8f 70       	andi	r24, 0x0F	; 15
    137e:	0e 94 7f 09 	call	0x12fe	; 0x12fe <LCD_voidSendNibble>
    LCD_voidSendNibble(Copy_u8Command & 0x0F);
    1382:	89 81       	ldd	r24, Y+1	; 0x01
    1384:	8f 70       	andi	r24, 0x0F	; 15
    1386:	0e 94 7f 09 	call	0x12fe	; 0x12fe <LCD_voidSendNibble>
    TIMER_voidDelayMs(2);
    138a:	82 e0       	ldi	r24, 0x02	; 2
    138c:	90 e0       	ldi	r25, 0x00	; 0
    138e:	0e 94 3a 0b 	call	0x1674	; 0x1674 <TIMER_voidDelayMs>
}
    1392:	0f 90       	pop	r0
    1394:	cf 91       	pop	r28
    1396:	df 91       	pop	r29
    1398:	08 95       	ret

0000139a <LCD_voidSendChar>:

void LCD_voidSendChar(u8 Copy_u8Char)
{
    139a:	df 93       	push	r29
    139c:	cf 93       	push	r28
    139e:	0f 92       	push	r0
    13a0:	cd b7       	in	r28, 0x3d	; 61
    13a2:	de b7       	in	r29, 0x3e	; 62
    13a4:	89 83       	std	Y+1, r24	; 0x01
    DIO_voidSetPinValue(LCD_PORT, LCD_RS_PIN, DIO_HIGH);
    13a6:	82 e0       	ldi	r24, 0x02	; 2
    13a8:	60 e0       	ldi	r22, 0x00	; 0
    13aa:	41 e0       	ldi	r20, 0x01	; 1
    13ac:	0e 94 c2 06 	call	0xd84	; 0xd84 <DIO_voidSetPinValue>
    LCD_voidSendNibble(Copy_u8Char >> 4);
    13b0:	89 81       	ldd	r24, Y+1	; 0x01
    13b2:	82 95       	swap	r24
    13b4:	8f 70       	andi	r24, 0x0F	; 15
    13b6:	0e 94 7f 09 	call	0x12fe	; 0x12fe <LCD_voidSendNibble>
    LCD_voidSendNibble(Copy_u8Char & 0x0F);
    13ba:	89 81       	ldd	r24, Y+1	; 0x01
    13bc:	8f 70       	andi	r24, 0x0F	; 15
    13be:	0e 94 7f 09 	call	0x12fe	; 0x12fe <LCD_voidSendNibble>
    TIMER_voidDelayMs(1);
    13c2:	81 e0       	ldi	r24, 0x01	; 1
    13c4:	90 e0       	ldi	r25, 0x00	; 0
    13c6:	0e 94 3a 0b 	call	0x1674	; 0x1674 <TIMER_voidDelayMs>
}
    13ca:	0f 90       	pop	r0
    13cc:	cf 91       	pop	r28
    13ce:	df 91       	pop	r29
    13d0:	08 95       	ret

000013d2 <LCD_voidInit>:

void LCD_voidInit(void)
{
    13d2:	df 93       	push	r29
    13d4:	cf 93       	push	r28
    13d6:	cd b7       	in	r28, 0x3d	; 61
    13d8:	de b7       	in	r29, 0x3e	; 62
    DIO_voidSetPinDirection(LCD_PORT, LCD_RS_PIN, DIO_OUTPUT);
    13da:	82 e0       	ldi	r24, 0x02	; 2
    13dc:	60 e0       	ldi	r22, 0x00	; 0
    13de:	41 e0       	ldi	r20, 0x01	; 1
    13e0:	0e 94 df 05 	call	0xbbe	; 0xbbe <DIO_voidSetPinDirection>
    DIO_voidSetPinDirection(LCD_PORT, LCD_EN_PIN, DIO_OUTPUT);
    13e4:	82 e0       	ldi	r24, 0x02	; 2
    13e6:	61 e0       	ldi	r22, 0x01	; 1
    13e8:	41 e0       	ldi	r20, 0x01	; 1
    13ea:	0e 94 df 05 	call	0xbbe	; 0xbbe <DIO_voidSetPinDirection>
    DIO_voidSetPinDirection(LCD_PORT, LCD_D4_PIN, DIO_OUTPUT);
    13ee:	82 e0       	ldi	r24, 0x02	; 2
    13f0:	64 e0       	ldi	r22, 0x04	; 4
    13f2:	41 e0       	ldi	r20, 0x01	; 1
    13f4:	0e 94 df 05 	call	0xbbe	; 0xbbe <DIO_voidSetPinDirection>
    DIO_voidSetPinDirection(LCD_PORT, LCD_D5_PIN, DIO_OUTPUT);
    13f8:	82 e0       	ldi	r24, 0x02	; 2
    13fa:	65 e0       	ldi	r22, 0x05	; 5
    13fc:	41 e0       	ldi	r20, 0x01	; 1
    13fe:	0e 94 df 05 	call	0xbbe	; 0xbbe <DIO_voidSetPinDirection>
    DIO_voidSetPinDirection(LCD_PORT, LCD_D6_PIN, DIO_OUTPUT);
    1402:	82 e0       	ldi	r24, 0x02	; 2
    1404:	66 e0       	ldi	r22, 0x06	; 6
    1406:	41 e0       	ldi	r20, 0x01	; 1
    1408:	0e 94 df 05 	call	0xbbe	; 0xbbe <DIO_voidSetPinDirection>
    DIO_voidSetPinDirection(LCD_PORT, LCD_D7_PIN, DIO_OUTPUT);
    140c:	82 e0       	ldi	r24, 0x02	; 2
    140e:	67 e0       	ldi	r22, 0x07	; 7
    1410:	41 e0       	ldi	r20, 0x01	; 1
    1412:	0e 94 df 05 	call	0xbbe	; 0xbbe <DIO_voidSetPinDirection>

    TIMER_voidDelayMs(30); /* power-on delay */
    1416:	8e e1       	ldi	r24, 0x1E	; 30
    1418:	90 e0       	ldi	r25, 0x00	; 0
    141a:	0e 94 3a 0b 	call	0x1674	; 0x1674 <TIMER_voidDelayMs>

    /* Forced 4-bit init sequence (HD44780 datasheet) */
    DIO_voidSetPinValue(LCD_PORT, LCD_RS_PIN, DIO_LOW);
    141e:	82 e0       	ldi	r24, 0x02	; 2
    1420:	60 e0       	ldi	r22, 0x00	; 0
    1422:	40 e0       	ldi	r20, 0x00	; 0
    1424:	0e 94 c2 06 	call	0xd84	; 0xd84 <DIO_voidSetPinValue>
    LCD_voidSendNibble(0x03);
    1428:	83 e0       	ldi	r24, 0x03	; 3
    142a:	0e 94 7f 09 	call	0x12fe	; 0x12fe <LCD_voidSendNibble>
    TIMER_voidDelayMs(5);
    142e:	85 e0       	ldi	r24, 0x05	; 5
    1430:	90 e0       	ldi	r25, 0x00	; 0
    1432:	0e 94 3a 0b 	call	0x1674	; 0x1674 <TIMER_voidDelayMs>
    LCD_voidSendNibble(0x03);
    1436:	83 e0       	ldi	r24, 0x03	; 3
    1438:	0e 94 7f 09 	call	0x12fe	; 0x12fe <LCD_voidSendNibble>
    TIMER_voidDelayMs(1);
    143c:	81 e0       	ldi	r24, 0x01	; 1
    143e:	90 e0       	ldi	r25, 0x00	; 0
    1440:	0e 94 3a 0b 	call	0x1674	; 0x1674 <TIMER_voidDelayMs>
    LCD_voidSendNibble(0x03);
    1444:	83 e0       	ldi	r24, 0x03	; 3
    1446:	0e 94 7f 09 	call	0x12fe	; 0x12fe <LCD_voidSendNibble>
    TIMER_voidDelayMs(1);
    144a:	81 e0       	ldi	r24, 0x01	; 1
    144c:	90 e0       	ldi	r25, 0x00	; 0
    144e:	0e 94 3a 0b 	call	0x1674	; 0x1674 <TIMER_voidDelayMs>
    LCD_voidSendNibble(0x02);
    1452:	82 e0       	ldi	r24, 0x02	; 2
    1454:	0e 94 7f 09 	call	0x12fe	; 0x12fe <LCD_voidSendNibble>

    LCD_voidSendCommand(LCD_CMD_4BIT_2LINE);
    1458:	88 e2       	ldi	r24, 0x28	; 40
    145a:	0e 94 b1 09 	call	0x1362	; 0x1362 <LCD_voidSendCommand>
    LCD_voidSendCommand(LCD_CMD_DISPLAY_ON);
    145e:	8c e0       	ldi	r24, 0x0C	; 12
    1460:	0e 94 b1 09 	call	0x1362	; 0x1362 <LCD_voidSendCommand>
    LCD_voidSendCommand(LCD_CMD_CLEAR);
    1464:	81 e0       	ldi	r24, 0x01	; 1
    1466:	0e 94 b1 09 	call	0x1362	; 0x1362 <LCD_voidSendCommand>
    LCD_voidSendCommand(LCD_CMD_ENTRY_MODE);
    146a:	86 e0       	ldi	r24, 0x06	; 6
    146c:	0e 94 b1 09 	call	0x1362	; 0x1362 <LCD_voidSendCommand>
}
    1470:	cf 91       	pop	r28
    1472:	df 91       	pop	r29
    1474:	08 95       	ret

00001476 <LCD_voidSendString>:

void LCD_voidSendString(u8 *Copy_pu8String)
{
    1476:	df 93       	push	r29
    1478:	cf 93       	push	r28
    147a:	00 d0       	rcall	.+0      	; 0x147c <LCD_voidSendString+0x6>
    147c:	0f 92       	push	r0
    147e:	cd b7       	in	r28, 0x3d	; 61
    1480:	de b7       	in	r29, 0x3e	; 62
    1482:	9b 83       	std	Y+3, r25	; 0x03
    1484:	8a 83       	std	Y+2, r24	; 0x02
    u8 Local_u8Idx = 0;
    1486:	19 82       	std	Y+1, r1	; 0x01
    1488:	0e c0       	rjmp	.+28     	; 0x14a6 <LCD_voidSendString+0x30>
    while(Copy_pu8String[Local_u8Idx] != '\0')
    {
        LCD_voidSendChar(Copy_pu8String[Local_u8Idx]);
    148a:	89 81       	ldd	r24, Y+1	; 0x01
    148c:	28 2f       	mov	r18, r24
    148e:	30 e0       	ldi	r19, 0x00	; 0
    1490:	8a 81       	ldd	r24, Y+2	; 0x02
    1492:	9b 81       	ldd	r25, Y+3	; 0x03
    1494:	fc 01       	movw	r30, r24
    1496:	e2 0f       	add	r30, r18
    1498:	f3 1f       	adc	r31, r19
    149a:	80 81       	ld	r24, Z
    149c:	0e 94 cd 09 	call	0x139a	; 0x139a <LCD_voidSendChar>
        Local_u8Idx++;
    14a0:	89 81       	ldd	r24, Y+1	; 0x01
    14a2:	8f 5f       	subi	r24, 0xFF	; 255
    14a4:	89 83       	std	Y+1, r24	; 0x01
}

void LCD_voidSendString(u8 *Copy_pu8String)
{
    u8 Local_u8Idx = 0;
    while(Copy_pu8String[Local_u8Idx] != '\0')
    14a6:	89 81       	ldd	r24, Y+1	; 0x01
    14a8:	28 2f       	mov	r18, r24
    14aa:	30 e0       	ldi	r19, 0x00	; 0
    14ac:	8a 81       	ldd	r24, Y+2	; 0x02
    14ae:	9b 81       	ldd	r25, Y+3	; 0x03
    14b0:	fc 01       	movw	r30, r24
    14b2:	e2 0f       	add	r30, r18
    14b4:	f3 1f       	adc	r31, r19
    14b6:	80 81       	ld	r24, Z
    14b8:	88 23       	and	r24, r24
    14ba:	39 f7       	brne	.-50     	; 0x148a <LCD_voidSendString+0x14>
    {
        LCD_voidSendChar(Copy_pu8String[Local_u8Idx]);
        Local_u8Idx++;
    }
}
    14bc:	0f 90       	pop	r0
    14be:	0f 90       	pop	r0
    14c0:	0f 90       	pop	r0
    14c2:	cf 91       	pop	r28
    14c4:	df 91       	pop	r29
    14c6:	08 95       	ret

000014c8 <LCD_voidGoToXY>:

void LCD_voidGoToXY(u8 Copy_u8Row, u8 Copy_u8Col)
{
    14c8:	df 93       	push	r29
    14ca:	cf 93       	push	r28
    14cc:	00 d0       	rcall	.+0      	; 0x14ce <LCD_voidGoToXY+0x6>
    14ce:	0f 92       	push	r0
    14d0:	cd b7       	in	r28, 0x3d	; 61
    14d2:	de b7       	in	r29, 0x3e	; 62
    14d4:	8a 83       	std	Y+2, r24	; 0x02
    14d6:	6b 83       	std	Y+3, r22	; 0x03
    u8 Local_u8Address;
    if(Copy_u8Row == 0) { Local_u8Address = LCD_CMD_DDRAM_LINE1 + Copy_u8Col; }
    14d8:	8a 81       	ldd	r24, Y+2	; 0x02
    14da:	88 23       	and	r24, r24
    14dc:	21 f4       	brne	.+8      	; 0x14e6 <LCD_voidGoToXY+0x1e>
    14de:	8b 81       	ldd	r24, Y+3	; 0x03
    14e0:	80 58       	subi	r24, 0x80	; 128
    14e2:	89 83       	std	Y+1, r24	; 0x01
    14e4:	03 c0       	rjmp	.+6      	; 0x14ec <LCD_voidGoToXY+0x24>
    else                { Local_u8Address = LCD_CMD_DDRAM_LINE2 + Copy_u8Col; }
    14e6:	8b 81       	ldd	r24, Y+3	; 0x03
    14e8:	80 54       	subi	r24, 0x40	; 64
    14ea:	89 83       	std	Y+1, r24	; 0x01
    LCD_voidSendCommand(Local_u8Address);
    14ec:	89 81       	ldd	r24, Y+1	; 0x01
    14ee:	0e 94 b1 09 	call	0x1362	; 0x1362 <LCD_voidSendCommand>
}
    14f2:	0f 90       	pop	r0
    14f4:	0f 90       	pop	r0
    14f6:	0f 90       	pop	r0
    14f8:	cf 91       	pop	r28
    14fa:	df 91       	pop	r29
    14fc:	08 95       	ret

000014fe <LCD_voidClear>:

void LCD_voidClear(void)
{
    14fe:	df 93       	push	r29
    1500:	cf 93       	push	r28
    1502:	cd b7       	in	r28, 0x3d	; 61
    1504:	de b7       	in	r29, 0x3e	; 62
    LCD_voidSendCommand(LCD_CMD_CLEAR);
    1506:	81 e0       	ldi	r24, 0x01	; 1
    1508:	0e 94 b1 09 	call	0x1362	; 0x1362 <LCD_voidSendCommand>
    TIMER_voidDelayMs(2);
    150c:	82 e0       	ldi	r24, 0x02	; 2
    150e:	90 e0       	ldi	r25, 0x00	; 0
    1510:	0e 94 3a 0b 	call	0x1674	; 0x1674 <TIMER_voidDelayMs>
}
    1514:	cf 91       	pop	r28
    1516:	df 91       	pop	r29
    1518:	08 95       	ret

0000151a <LCD_voidSendNumber>:

void LCD_voidSendNumber(s32 Copy_s32Number)
{
    151a:	0f 93       	push	r16
    151c:	1f 93       	push	r17
    151e:	df 93       	push	r29
    1520:	cf 93       	push	r28
    1522:	cd b7       	in	r28, 0x3d	; 61
    1524:	de b7       	in	r29, 0x3e	; 62
    1526:	62 97       	sbiw	r28, 0x12	; 18
    1528:	0f b6       	in	r0, 0x3f	; 63
    152a:	f8 94       	cli
    152c:	de bf       	out	0x3e, r29	; 62
    152e:	0f be       	out	0x3f, r0	; 63
    1530:	cd bf       	out	0x3d, r28	; 61
    1532:	6f 87       	std	Y+15, r22	; 0x0f
    1534:	78 8b       	std	Y+16, r23	; 0x10
    1536:	89 8b       	std	Y+17, r24	; 0x11
    1538:	9a 8b       	std	Y+18, r25	; 0x12
    u8 Local_au8Buffer[12];
    s8 Local_s8Idx = 0;
    153a:	1a 82       	std	Y+2, r1	; 0x02
    u8 Local_u8IsNegative = 0;
    153c:	19 82       	std	Y+1, r1	; 0x01

    if(Copy_s32Number == 0)
    153e:	8f 85       	ldd	r24, Y+15	; 0x0f
    1540:	98 89       	ldd	r25, Y+16	; 0x10
    1542:	a9 89       	ldd	r26, Y+17	; 0x11
    1544:	ba 89       	ldd	r27, Y+18	; 0x12
    1546:	00 97       	sbiw	r24, 0x00	; 0
    1548:	a1 05       	cpc	r26, r1
    154a:	b1 05       	cpc	r27, r1
    154c:	21 f4       	brne	.+8      	; 0x1556 <LCD_voidSendNumber+0x3c>
    {
        LCD_voidSendChar('0');
    154e:	80 e3       	ldi	r24, 0x30	; 48
    1550:	0e 94 cd 09 	call	0x139a	; 0x139a <LCD_voidSendChar>
    1554:	6c c0       	rjmp	.+216    	; 0x162e <LCD_voidSendNumber+0x114>
        return;
    }
    if(Copy_s32Number < 0)
    1556:	8f 85       	ldd	r24, Y+15	; 0x0f
    1558:	98 89       	ldd	r25, Y+16	; 0x10
    155a:	a9 89       	ldd	r26, Y+17	; 0x11
    155c:	ba 89       	ldd	r27, Y+18	; 0x12
    155e:	bb 23       	and	r27, r27
    1560:	0c f0       	brlt	.+2      	; 0x1564 <LCD_voidSendNumber+0x4a>
    1562:	42 c0       	rjmp	.+132    	; 0x15e8 <LCD_voidSendNumber+0xce>
    {
        Local_u8IsNegative = 1;
    1564:	81 e0       	ldi	r24, 0x01	; 1
    1566:	89 83       	std	Y+1, r24	; 0x01
        Copy_s32Number = -Copy_s32Number;
    1568:	8f 85       	ldd	r24, Y+15	; 0x0f
    156a:	98 89       	ldd	r25, Y+16	; 0x10
    156c:	a9 89       	ldd	r26, Y+17	; 0x11
    156e:	ba 89       	ldd	r27, Y+18	; 0x12
    1570:	b0 95       	com	r27
    1572:	a0 95       	com	r26
    1574:	90 95       	com	r25
    1576:	81 95       	neg	r24
    1578:	9f 4f       	sbci	r25, 0xFF	; 255
    157a:	af 4f       	sbci	r26, 0xFF	; 255
    157c:	bf 4f       	sbci	r27, 0xFF	; 255
    157e:	8f 87       	std	Y+15, r24	; 0x0f
    1580:	98 8b       	std	Y+16, r25	; 0x10
    1582:	a9 8b       	std	Y+17, r26	; 0x11
    1584:	ba 8b       	std	Y+18, r27	; 0x12
    1586:	30 c0       	rjmp	.+96     	; 0x15e8 <LCD_voidSendNumber+0xce>
    }
    while(Copy_s32Number > 0)
    {
        Local_au8Buffer[Local_s8Idx++] = (u8)((Copy_s32Number % 10) + '0');
    1588:	8a 81       	ldd	r24, Y+2	; 0x02
    158a:	08 2f       	mov	r16, r24
    158c:	11 27       	eor	r17, r17
    158e:	07 fd       	sbrc	r16, 7
    1590:	10 95       	com	r17
    1592:	8f 85       	ldd	r24, Y+15	; 0x0f
    1594:	98 89       	ldd	r25, Y+16	; 0x10
    1596:	a9 89       	ldd	r26, Y+17	; 0x11
    1598:	ba 89       	ldd	r27, Y+18	; 0x12
    159a:	2a e0       	ldi	r18, 0x0A	; 10
    159c:	30 e0       	ldi	r19, 0x00	; 0
    159e:	40 e0       	ldi	r20, 0x00	; 0
    15a0:	50 e0       	ldi	r21, 0x00	; 0
    15a2:	bc 01       	movw	r22, r24
    15a4:	cd 01       	movw	r24, r26
    15a6:	0e 94 45 0d 	call	0x1a8a	; 0x1a8a <__divmodsi4>
    15aa:	dc 01       	movw	r26, r24
    15ac:	cb 01       	movw	r24, r22
    15ae:	28 2f       	mov	r18, r24
    15b0:	20 5d       	subi	r18, 0xD0	; 208
    15b2:	ce 01       	movw	r24, r28
    15b4:	03 96       	adiw	r24, 0x03	; 3
    15b6:	fc 01       	movw	r30, r24
    15b8:	e0 0f       	add	r30, r16
    15ba:	f1 1f       	adc	r31, r17
    15bc:	20 83       	st	Z, r18
    15be:	8a 81       	ldd	r24, Y+2	; 0x02
    15c0:	8f 5f       	subi	r24, 0xFF	; 255
    15c2:	8a 83       	std	Y+2, r24	; 0x02
        Copy_s32Number /= 10;
    15c4:	8f 85       	ldd	r24, Y+15	; 0x0f
    15c6:	98 89       	ldd	r25, Y+16	; 0x10
    15c8:	a9 89       	ldd	r26, Y+17	; 0x11
    15ca:	ba 89       	ldd	r27, Y+18	; 0x12
    15cc:	2a e0       	ldi	r18, 0x0A	; 10
    15ce:	30 e0       	ldi	r19, 0x00	; 0
    15d0:	40 e0       	ldi	r20, 0x00	; 0
    15d2:	50 e0       	ldi	r21, 0x00	; 0
    15d4:	bc 01       	movw	r22, r24
    15d6:	cd 01       	movw	r24, r26
    15d8:	0e 94 45 0d 	call	0x1a8a	; 0x1a8a <__divmodsi4>
    15dc:	da 01       	movw	r26, r20
    15de:	c9 01       	movw	r24, r18
    15e0:	8f 87       	std	Y+15, r24	; 0x0f
    15e2:	98 8b       	std	Y+16, r25	; 0x10
    15e4:	a9 8b       	std	Y+17, r26	; 0x11
    15e6:	ba 8b       	std	Y+18, r27	; 0x12
    if(Copy_s32Number < 0)
    {
        Local_u8IsNegative = 1;
        Copy_s32Number = -Copy_s32Number;
    }
    while(Copy_s32Number > 0)
    15e8:	8f 85       	ldd	r24, Y+15	; 0x0f
    15ea:	98 89       	ldd	r25, Y+16	; 0x10
    15ec:	a9 89       	ldd	r26, Y+17	; 0x11
    15ee:	ba 89       	ldd	r27, Y+18	; 0x12
    15f0:	18 16       	cp	r1, r24
    15f2:	19 06       	cpc	r1, r25
    15f4:	1a 06       	cpc	r1, r26
    15f6:	1b 06       	cpc	r1, r27
    15f8:	3c f2       	brlt	.-114    	; 0x1588 <LCD_voidSendNumber+0x6e>
    {
        Local_au8Buffer[Local_s8Idx++] = (u8)((Copy_s32Number % 10) + '0');
        Copy_s32Number /= 10;
    }
    if(Local_u8IsNegative) { LCD_voidSendChar('-'); }
    15fa:	89 81       	ldd	r24, Y+1	; 0x01
    15fc:	88 23       	and	r24, r24
    15fe:	a1 f0       	breq	.+40     	; 0x1628 <LCD_voidSendNumber+0x10e>
    1600:	8d e2       	ldi	r24, 0x2D	; 45
    1602:	0e 94 cd 09 	call	0x139a	; 0x139a <LCD_voidSendChar>
    1606:	10 c0       	rjmp	.+32     	; 0x1628 <LCD_voidSendNumber+0x10e>
    while(Local_s8Idx > 0)
    {
        LCD_voidSendChar(Local_au8Buffer[--Local_s8Idx]);
    1608:	8a 81       	ldd	r24, Y+2	; 0x02
    160a:	81 50       	subi	r24, 0x01	; 1
    160c:	8a 83       	std	Y+2, r24	; 0x02
    160e:	8a 81       	ldd	r24, Y+2	; 0x02
    1610:	28 2f       	mov	r18, r24
    1612:	33 27       	eor	r19, r19
    1614:	27 fd       	sbrc	r18, 7
    1616:	30 95       	com	r19
    1618:	ce 01       	movw	r24, r28
    161a:	03 96       	adiw	r24, 0x03	; 3
    161c:	fc 01       	movw	r30, r24
    161e:	e2 0f       	add	r30, r18
    1620:	f3 1f       	adc	r31, r19
    1622:	80 81       	ld	r24, Z
    1624:	0e 94 cd 09 	call	0x139a	; 0x139a <LCD_voidSendChar>
    {
        Local_au8Buffer[Local_s8Idx++] = (u8)((Copy_s32Number % 10) + '0');
        Copy_s32Number /= 10;
    }
    if(Local_u8IsNegative) { LCD_voidSendChar('-'); }
    while(Local_s8Idx > 0)
    1628:	8a 81       	ldd	r24, Y+2	; 0x02
    162a:	18 16       	cp	r1, r24
    162c:	6c f3       	brlt	.-38     	; 0x1608 <LCD_voidSendNumber+0xee>
    {
        LCD_voidSendChar(Local_au8Buffer[--Local_s8Idx]);
    }
}
    162e:	62 96       	adiw	r28, 0x12	; 18
    1630:	0f b6       	in	r0, 0x3f	; 63
    1632:	f8 94       	cli
    1634:	de bf       	out	0x3e, r29	; 62
    1636:	0f be       	out	0x3f, r0	; 63
    1638:	cd bf       	out	0x3d, r28	; 61
    163a:	cf 91       	pop	r28
    163c:	df 91       	pop	r29
    163e:	1f 91       	pop	r17
    1640:	0f 91       	pop	r16
    1642:	08 95       	ret

00001644 <TIMER_voidInit>:
#include "TIMER_interface.h"
#include "TIMER_private.h"
#include "TIMER_config.h"

void TIMER_voidInit(void)
{
    1644:	df 93       	push	r29
    1646:	cf 93       	push	r28
    1648:	cd b7       	in	r28, 0x3d	; 61
    164a:	de b7       	in	r29, 0x3e	; 62
    /* Normal mode, free running counter - also used later as a random seed source */
    TIMER0_REG_TCCR0 = TIMER0_PRESCALER;
    164c:	e3 e5       	ldi	r30, 0x53	; 83
    164e:	f0 e0       	ldi	r31, 0x00	; 0
    1650:	83 e0       	ldi	r24, 0x03	; 3
    1652:	80 83       	st	Z, r24
    TIMER0_REG_TCNT0 = 0;
    1654:	e2 e5       	ldi	r30, 0x52	; 82
    1656:	f0 e0       	ldi	r31, 0x00	; 0
    1658:	10 82       	st	Z, r1
}
    165a:	cf 91       	pop	r28
    165c:	df 91       	pop	r29
    165e:	08 95       	ret

00001660 <TIMER_u8GetCounterValue>:

u8 TIMER_u8GetCounterValue(void)
{
    1660:	df 93       	push	r29
    1662:	cf 93       	push	r28
    1664:	cd b7       	in	r28, 0x3d	; 61
    1666:	de b7       	in	r29, 0x3e	; 62
    return TIMER0_REG_TCNT0;
    1668:	e2 e5       	ldi	r30, 0x52	; 82
    166a:	f0 e0       	ldi	r31, 0x00	; 0
    166c:	80 81       	ld	r24, Z
}
    166e:	cf 91       	pop	r28
    1670:	df 91       	pop	r29
    1672:	08 95       	ret

00001674 <TIMER_voidDelayMs>:

void TIMER_voidDelayMs(u16 Copy_u16Ms)
{
    1674:	df 93       	push	r29
    1676:	cf 93       	push	r28
    1678:	cd b7       	in	r28, 0x3d	; 61
    167a:	de b7       	in	r29, 0x3e	; 62
    167c:	62 97       	sbiw	r28, 0x12	; 18
    167e:	0f b6       	in	r0, 0x3f	; 63
    1680:	f8 94       	cli
    1682:	de bf       	out	0x3e, r29	; 62
    1684:	0f be       	out	0x3f, r0	; 63
    1686:	cd bf       	out	0x3d, r28	; 61
    1688:	9a 8b       	std	Y+18, r25	; 0x12
    168a:	89 8b       	std	Y+17, r24	; 0x11
    u16 Local_u16Counter;
    for(Local_u16Counter = 0; Local_u16Counter < Copy_u16Ms; Local_u16Counter++)
    168c:	18 8a       	std	Y+16, r1	; 0x10
    168e:	1f 86       	std	Y+15, r1	; 0x0f
    1690:	77 c0       	rjmp	.+238    	; 0x1780 <TIMER_voidDelayMs+0x10c>
    1692:	80 e0       	ldi	r24, 0x00	; 0
    1694:	90 e0       	ldi	r25, 0x00	; 0
    1696:	a0 e8       	ldi	r26, 0x80	; 128
    1698:	bf e3       	ldi	r27, 0x3F	; 63
    169a:	8b 87       	std	Y+11, r24	; 0x0b
    169c:	9c 87       	std	Y+12, r25	; 0x0c
    169e:	ad 87       	std	Y+13, r26	; 0x0d
    16a0:	be 87       	std	Y+14, r27	; 0x0e
 */
void
_delay_ms(double __ms)
{
	uint16_t __ticks;
	double __tmp = ((F_CPU) / 4e3) * __ms;
    16a2:	6b 85       	ldd	r22, Y+11	; 0x0b
    16a4:	7c 85       	ldd	r23, Y+12	; 0x0c
    16a6:	8d 85       	ldd	r24, Y+13	; 0x0d
    16a8:	9e 85       	ldd	r25, Y+14	; 0x0e
    16aa:	20 e0       	ldi	r18, 0x00	; 0
    16ac:	30 e0       	ldi	r19, 0x00	; 0
    16ae:	4a ef       	ldi	r20, 0xFA	; 250
    16b0:	54 e4       	ldi	r21, 0x44	; 68
    16b2:	0e 94 1f 02 	call	0x43e	; 0x43e <__mulsf3>
    16b6:	dc 01       	movw	r26, r24
    16b8:	cb 01       	movw	r24, r22
    16ba:	8f 83       	std	Y+7, r24	; 0x07
    16bc:	98 87       	std	Y+8, r25	; 0x08
    16be:	a9 87       	std	Y+9, r26	; 0x09
    16c0:	ba 87       	std	Y+10, r27	; 0x0a
	if (__tmp < 1.0)
    16c2:	6f 81       	ldd	r22, Y+7	; 0x07
    16c4:	78 85       	ldd	r23, Y+8	; 0x08
    16c6:	89 85       	ldd	r24, Y+9	; 0x09
    16c8:	9a 85       	ldd	r25, Y+10	; 0x0a
    16ca:	20 e0       	ldi	r18, 0x00	; 0
    16cc:	30 e0       	ldi	r19, 0x00	; 0
    16ce:	40 e8       	ldi	r20, 0x80	; 128
    16d0:	5f e3       	ldi	r21, 0x3F	; 63
    16d2:	0e 94 79 03 	call	0x6f2	; 0x6f2 <__ltsf2>
    16d6:	88 23       	and	r24, r24
    16d8:	2c f4       	brge	.+10     	; 0x16e4 <TIMER_voidDelayMs+0x70>
		__ticks = 1;
    16da:	81 e0       	ldi	r24, 0x01	; 1
    16dc:	90 e0       	ldi	r25, 0x00	; 0
    16de:	9e 83       	std	Y+6, r25	; 0x06
    16e0:	8d 83       	std	Y+5, r24	; 0x05
    16e2:	3f c0       	rjmp	.+126    	; 0x1762 <TIMER_voidDelayMs+0xee>
	else if (__tmp > 65535)
    16e4:	6f 81       	ldd	r22, Y+7	; 0x07
    16e6:	78 85       	ldd	r23, Y+8	; 0x08
    16e8:	89 85       	ldd	r24, Y+9	; 0x09
    16ea:	9a 85       	ldd	r25, Y+10	; 0x0a
    16ec:	20 e0       	ldi	r18, 0x00	; 0
    16ee:	3f ef       	ldi	r19, 0xFF	; 255
    16f0:	4f e7       	ldi	r20, 0x7F	; 127
    16f2:	57 e4       	ldi	r21, 0x47	; 71
    16f4:	0e 94 19 03 	call	0x632	; 0x632 <__gtsf2>
    16f8:	18 16       	cp	r1, r24
    16fa:	4c f5       	brge	.+82     	; 0x174e <TIMER_voidDelayMs+0xda>
	{
		//	__ticks = requested delay in 1/10 ms
		__ticks = (uint16_t) (__ms * 10.0);
    16fc:	6b 85       	ldd	r22, Y+11	; 0x0b
    16fe:	7c 85       	ldd	r23, Y+12	; 0x0c
    1700:	8d 85       	ldd	r24, Y+13	; 0x0d
    1702:	9e 85       	ldd	r25, Y+14	; 0x0e
    1704:	20 e0       	ldi	r18, 0x00	; 0
    1706:	30 e0       	ldi	r19, 0x00	; 0
    1708:	40 e2       	ldi	r20, 0x20	; 32
    170a:	51 e4       	ldi	r21, 0x41	; 65
    170c:	0e 94 1f 02 	call	0x43e	; 0x43e <__mulsf3>
    1710:	dc 01       	movw	r26, r24
    1712:	cb 01       	movw	r24, r22
    1714:	bc 01       	movw	r22, r24
    1716:	cd 01       	movw	r24, r26
    1718:	0e 94 49 00 	call	0x92	; 0x92 <__fixunssfsi>
    171c:	dc 01       	movw	r26, r24
    171e:	cb 01       	movw	r24, r22
    1720:	9e 83       	std	Y+6, r25	; 0x06
    1722:	8d 83       	std	Y+5, r24	; 0x05
    1724:	0f c0       	rjmp	.+30     	; 0x1744 <TIMER_voidDelayMs+0xd0>
    1726:	88 ec       	ldi	r24, 0xC8	; 200
    1728:	90 e0       	ldi	r25, 0x00	; 0
    172a:	9c 83       	std	Y+4, r25	; 0x04
    172c:	8b 83       	std	Y+3, r24	; 0x03
    milliseconds can be achieved.
 */
void
_delay_loop_2(uint16_t __count)
{
	__asm__ volatile (
    172e:	8b 81       	ldd	r24, Y+3	; 0x03
    1730:	9c 81       	ldd	r25, Y+4	; 0x04
    1732:	01 97       	sbiw	r24, 0x01	; 1
    1734:	f1 f7       	brne	.-4      	; 0x1732 <TIMER_voidDelayMs+0xbe>
    1736:	9c 83       	std	Y+4, r25	; 0x04
    1738:	8b 83       	std	Y+3, r24	; 0x03
		while(__ticks)
		{
			// wait 1/10 ms
			_delay_loop_2(((F_CPU) / 4e3) / 10);
			__ticks --;
    173a:	8d 81       	ldd	r24, Y+5	; 0x05
    173c:	9e 81       	ldd	r25, Y+6	; 0x06
    173e:	01 97       	sbiw	r24, 0x01	; 1
    1740:	9e 83       	std	Y+6, r25	; 0x06
    1742:	8d 83       	std	Y+5, r24	; 0x05
		__ticks = 1;
	else if (__tmp > 65535)
	{
		//	__ticks = requested delay in 1/10 ms
		__ticks = (uint16_t) (__ms * 10.0);
		while(__ticks)
    1744:	8d 81       	ldd	r24, Y+5	; 0x05
    1746:	9e 81       	ldd	r25, Y+6	; 0x06
    1748:	00 97       	sbiw	r24, 0x00	; 0
    174a:	69 f7       	brne	.-38     	; 0x1726 <TIMER_voidDelayMs+0xb2>
    174c:	14 c0       	rjmp	.+40     	; 0x1776 <TIMER_voidDelayMs+0x102>
			__ticks --;
		}
		return;
	}
	else
		__ticks = (uint16_t)__tmp;
    174e:	6f 81       	ldd	r22, Y+7	; 0x07
    1750:	78 85       	ldd	r23, Y+8	; 0x08
    1752:	89 85       	ldd	r24, Y+9	; 0x09
    1754:	9a 85       	ldd	r25, Y+10	; 0x0a
    1756:	0e 94 49 00 	call	0x92	; 0x92 <__fixunssfsi>
    175a:	dc 01       	movw	r26, r24
    175c:	cb 01       	movw	r24, r22
    175e:	9e 83       	std	Y+6, r25	; 0x06
    1760:	8d 83       	std	Y+5, r24	; 0x05
    1762:	8d 81       	ldd	r24, Y+5	; 0x05
    1764:	9e 81       	ldd	r25, Y+6	; 0x06
    1766:	9a 83       	std	Y+2, r25	; 0x02
    1768:	89 83       	std	Y+1, r24	; 0x01
    176a:	89 81       	ldd	r24, Y+1	; 0x01
    176c:	9a 81       	ldd	r25, Y+2	; 0x02
    176e:	01 97       	sbiw	r24, 0x01	; 1
    1770:	f1 f7       	brne	.-4      	; 0x176e <TIMER_voidDelayMs+0xfa>
    1772:	9a 83       	std	Y+2, r25	; 0x02
    1774:	89 83       	std	Y+1, r24	; 0x01
    1776:	8f 85       	ldd	r24, Y+15	; 0x0f
    1778:	98 89       	ldd	r25, Y+16	; 0x10
    177a:	01 96       	adiw	r24, 0x01	; 1
    177c:	98 8b       	std	Y+16, r25	; 0x10
    177e:	8f 87       	std	Y+15, r24	; 0x0f
    1780:	2f 85       	ldd	r18, Y+15	; 0x0f
    1782:	38 89       	ldd	r19, Y+16	; 0x10
    1784:	89 89       	ldd	r24, Y+17	; 0x11
    1786:	9a 89       	ldd	r25, Y+18	; 0x12
    1788:	28 17       	cp	r18, r24
    178a:	39 07       	cpc	r19, r25
    178c:	08 f4       	brcc	.+2      	; 0x1790 <TIMER_voidDelayMs+0x11c>
    178e:	81 cf       	rjmp	.-254    	; 0x1692 <TIMER_voidDelayMs+0x1e>
    {
        _delay_ms(1);
    }
}
    1790:	62 96       	adiw	r28, 0x12	; 18
    1792:	0f b6       	in	r0, 0x3f	; 63
    1794:	f8 94       	cli
    1796:	de bf       	out	0x3e, r29	; 62
    1798:	0f be       	out	0x3f, r0	; 63
    179a:	cd bf       	out	0x3d, r28	; 61
    179c:	cf 91       	pop	r28
    179e:	df 91       	pop	r29
    17a0:	08 95       	ret

000017a2 <main>:
static void DisplaySequence(u8 *Copy_pu8Seq, u8 Copy_u8Level);
static u8 GetPlayerInput(u8 *Copy_pu8Seq, u8 Copy_u8Level);
static void GameOver(u8 Copy_u8Level);

int main(void)
{
    17a2:	0f 93       	push	r16
    17a4:	1f 93       	push	r17
    17a6:	df 93       	push	r29
    17a8:	cf 93       	push	r28
    17aa:	cd b7       	in	r28, 0x3d	; 61
    17ac:	de b7       	in	r29, 0x3e	; 62
    17ae:	66 97       	sbiw	r28, 0x16	; 22
    17b0:	0f b6       	in	r0, 0x3f	; 63
    17b2:	f8 94       	cli
    17b4:	de bf       	out	0x3e, r29	; 62
    17b6:	0f be       	out	0x3f, r0	; 63
    17b8:	cd bf       	out	0x3d, r28	; 61
    u8 Local_u8Level = 1;
    17ba:	81 e0       	ldi	r24, 0x01	; 1
    17bc:	8a 83       	std	Y+2, r24	; 0x02
    u8 Local_au8Sequence[MAX_LEVEL];
    u8 Local_u8Result;

    /* ---- Initialization ---- */
    DIO_voidSetPinDirection(BUZZER_PORT, BUZZER_PIN, DIO_OUTPUT);
    17be:	83 e0       	ldi	r24, 0x03	; 3
    17c0:	67 e0       	ldi	r22, 0x07	; 7
    17c2:	41 e0       	ldi	r20, 0x01	; 1
    17c4:	0e 94 df 05 	call	0xbbe	; 0xbbe <DIO_voidSetPinDirection>
    DIO_voidSetPinValue(BUZZER_PORT, BUZZER_PIN, DIO_LOW);
    17c8:	83 e0       	ldi	r24, 0x03	; 3
    17ca:	67 e0       	ldi	r22, 0x07	; 7
    17cc:	40 e0       	ldi	r20, 0x00	; 0
    17ce:	0e 94 c2 06 	call	0xd84	; 0xd84 <DIO_voidSetPinValue>

    TIMER_voidInit();
    17d2:	0e 94 22 0b 	call	0x1644	; 0x1644 <TIMER_voidInit>
    ADC_voidInit();
    17d6:	0e 94 a3 05 	call	0xb46	; 0xb46 <ADC_voidInit>
    LCD_voidInit();
    17da:	0e 94 e9 09 	call	0x13d2	; 0x13d2 <LCD_voidInit>
    KEYPAD_voidInit();
    17de:	0e 94 ad 08 	call	0x115a	; 0x115a <KEYPAD_voidInit>

    LCD_voidSendString((u8*)"Simon Game");
    17e2:	80 e6       	ldi	r24, 0x60	; 96
    17e4:	90 e0       	ldi	r25, 0x00	; 0
    17e6:	0e 94 3b 0a 	call	0x1476	; 0x1476 <LCD_voidSendString>
    LCD_voidGoToXY(1, 0);
    17ea:	81 e0       	ldi	r24, 0x01	; 1
    17ec:	60 e0       	ldi	r22, 0x00	; 0
    17ee:	0e 94 64 0a 	call	0x14c8	; 0x14c8 <LCD_voidGoToXY>
    LCD_voidSendString((u8*)"Press any key");
    17f2:	8b e6       	ldi	r24, 0x6B	; 107
    17f4:	90 e0       	ldi	r25, 0x00	; 0
    17f6:	0e 94 3b 0a 	call	0x1476	; 0x1476 <LCD_voidSendString>
    KEYPAD_u8WaitForKey();
    17fa:	0e 94 56 09 	call	0x12ac	; 0x12ac <KEYPAD_u8WaitForKey>
    LCD_voidClear();
    17fe:	0e 94 7f 0a 	call	0x14fe	; 0x14fe <LCD_voidClear>

    while(1)
    {
        /* Step 2: generate a new random number and append it to the sequence */
        Local_au8Sequence[Local_u8Level - 1] = GenerateRandomNumber();
    1802:	8a 81       	ldd	r24, Y+2	; 0x02
    1804:	88 2f       	mov	r24, r24
    1806:	90 e0       	ldi	r25, 0x00	; 0
    1808:	8c 01       	movw	r16, r24
    180a:	01 50       	subi	r16, 0x01	; 1
    180c:	10 40       	sbci	r17, 0x00	; 0
    180e:	0e 94 37 0c 	call	0x186e	; 0x186e <GenerateRandomNumber>
    1812:	28 2f       	mov	r18, r24
    1814:	ce 01       	movw	r24, r28
    1816:	03 96       	adiw	r24, 0x03	; 3
    1818:	fc 01       	movw	r30, r24
    181a:	e0 0f       	add	r30, r16
    181c:	f1 1f       	adc	r31, r17
    181e:	20 83       	st	Z, r18

        /* Step 3: display the whole sequence so far */
        DisplaySequence(Local_au8Sequence, Local_u8Level);
    1820:	ce 01       	movw	r24, r28
    1822:	03 96       	adiw	r24, 0x03	; 3
    1824:	6a 81       	ldd	r22, Y+2	; 0x02
    1826:	0e 94 57 0c 	call	0x18ae	; 0x18ae <DisplaySequence>

        /* Step 4: read player input and compare */
        Local_u8Result = GetPlayerInput(Local_au8Sequence, Local_u8Level);
    182a:	ce 01       	movw	r24, r28
    182c:	03 96       	adiw	r24, 0x03	; 3
    182e:	6a 81       	ldd	r22, Y+2	; 0x02
    1830:	0e 94 b0 0c 	call	0x1960	; 0x1960 <GetPlayerInput>
    1834:	89 83       	std	Y+1, r24	; 0x01

        if(Local_u8Result == 1)
    1836:	89 81       	ldd	r24, Y+1	; 0x01
    1838:	81 30       	cpi	r24, 0x01	; 1
    183a:	99 f4       	brne	.+38     	; 0x1862 <main+0xc0>
        {
            if(Local_u8Level < MAX_LEVEL)
    183c:	8a 81       	ldd	r24, Y+2	; 0x02
    183e:	84 31       	cpi	r24, 0x14	; 20
    1840:	18 f4       	brcc	.+6      	; 0x1848 <main+0xa6>
            {
                Local_u8Level++;
    1842:	8a 81       	ldd	r24, Y+2	; 0x02
    1844:	8f 5f       	subi	r24, 0xFF	; 255
    1846:	8a 83       	std	Y+2, r24	; 0x02
            }
            LCD_voidClear();
    1848:	0e 94 7f 0a 	call	0x14fe	; 0x14fe <LCD_voidClear>
            LCD_voidSendString((u8*)"Correct!");
    184c:	89 e7       	ldi	r24, 0x79	; 121
    184e:	90 e0       	ldi	r25, 0x00	; 0
    1850:	0e 94 3b 0a 	call	0x1476	; 0x1476 <LCD_voidSendString>
            TIMER_voidDelayMs(500);
    1854:	84 ef       	ldi	r24, 0xF4	; 244
    1856:	91 e0       	ldi	r25, 0x01	; 1
    1858:	0e 94 3a 0b 	call	0x1674	; 0x1674 <TIMER_voidDelayMs>
            LCD_voidClear();
    185c:	0e 94 7f 0a 	call	0x14fe	; 0x14fe <LCD_voidClear>
    1860:	d0 cf       	rjmp	.-96     	; 0x1802 <main+0x60>
        }
        else
        {
            /* Step 5: game over */
            GameOver(Local_u8Level);
    1862:	8a 81       	ldd	r24, Y+2	; 0x02
    1864:	0e 94 f3 0c 	call	0x19e6	; 0x19e6 <GameOver>
            Local_u8Level = 1;
    1868:	81 e0       	ldi	r24, 0x01	; 1
    186a:	8a 83       	std	Y+2, r24	; 0x02
    186c:	ca cf       	rjmp	.-108    	; 0x1802 <main+0x60>

0000186e <GenerateRandomNumber>:
}

/* Uses the free-running Timer0 counter as an entropy source, since AVR
   has no hardware random number generator. */
static u8 GenerateRandomNumber(void)
{
    186e:	df 93       	push	r29
    1870:	cf 93       	push	r28
    1872:	cd b7       	in	r28, 0x3d	; 61
    1874:	de b7       	in	r29, 0x3e	; 62
    static u16 Local_u16Seed = 0;
    Local_u16Seed += (u16)TIMER_u8GetCounterValue() + 17;
    1876:	0e 94 30 0b 	call	0x1660	; 0x1660 <TIMER_u8GetCounterValue>
    187a:	28 2f       	mov	r18, r24
    187c:	30 e0       	ldi	r19, 0x00	; 0
    187e:	80 91 ce 00 	lds	r24, 0x00CE
    1882:	90 91 cf 00 	lds	r25, 0x00CF
    1886:	82 0f       	add	r24, r18
    1888:	93 1f       	adc	r25, r19
    188a:	41 96       	adiw	r24, 0x11	; 17
    188c:	90 93 cf 00 	sts	0x00CF, r25
    1890:	80 93 ce 00 	sts	0x00CE, r24
    return (u8)((Local_u16Seed % 9) + 1); /* number from 1 to 9 */
    1894:	80 91 ce 00 	lds	r24, 0x00CE
    1898:	90 91 cf 00 	lds	r25, 0x00CF
    189c:	29 e0       	ldi	r18, 0x09	; 9
    189e:	30 e0       	ldi	r19, 0x00	; 0
    18a0:	b9 01       	movw	r22, r18
    18a2:	0e 94 31 0d 	call	0x1a62	; 0x1a62 <__udivmodhi4>
    18a6:	8f 5f       	subi	r24, 0xFF	; 255
}
    18a8:	cf 91       	pop	r28
    18aa:	df 91       	pop	r29
    18ac:	08 95       	ret

000018ae <DisplaySequence>:

/* Displays the sequence digit by digit. The delay between digits is
   controlled live by the potentiometer connected to ADC channel 0. */
static void DisplaySequence(u8 *Copy_pu8Seq, u8 Copy_u8Level)
{
    18ae:	df 93       	push	r29
    18b0:	cf 93       	push	r28
    18b2:	cd b7       	in	r28, 0x3d	; 61
    18b4:	de b7       	in	r29, 0x3e	; 62
    18b6:	28 97       	sbiw	r28, 0x08	; 8
    18b8:	0f b6       	in	r0, 0x3f	; 63
    18ba:	f8 94       	cli
    18bc:	de bf       	out	0x3e, r29	; 62
    18be:	0f be       	out	0x3f, r0	; 63
    18c0:	cd bf       	out	0x3d, r28	; 61
    18c2:	9f 83       	std	Y+7, r25	; 0x07
    18c4:	8e 83       	std	Y+6, r24	; 0x06
    18c6:	68 87       	std	Y+8, r22	; 0x08
    u8  Local_u8Idx;
    u16 Local_u16AdcValue;
    u16 Local_u16Delay;

    Local_u16AdcValue = ADC_u16Read(0);
    18c8:	80 e0       	ldi	r24, 0x00	; 0
    18ca:	0e 94 b2 05 	call	0xb64	; 0xb64 <ADC_u16Read>
    18ce:	9c 83       	std	Y+4, r25	; 0x04
    18d0:	8b 83       	std	Y+3, r24	; 0x03
    Local_u16Delay = 200 + (Local_u16AdcValue / 2); /* ~200ms .. ~711ms */
    18d2:	8b 81       	ldd	r24, Y+3	; 0x03
    18d4:	9c 81       	ldd	r25, Y+4	; 0x04
    18d6:	96 95       	lsr	r25
    18d8:	87 95       	ror	r24
    18da:	88 53       	subi	r24, 0x38	; 56
    18dc:	9f 4f       	sbci	r25, 0xFF	; 255
    18de:	9a 83       	std	Y+2, r25	; 0x02
    18e0:	89 83       	std	Y+1, r24	; 0x01

    LCD_voidClear();
    18e2:	0e 94 7f 0a 	call	0x14fe	; 0x14fe <LCD_voidClear>
    LCD_voidSendString((u8*)"Watch:");
    18e6:	82 e8       	ldi	r24, 0x82	; 130
    18e8:	90 e0       	ldi	r25, 0x00	; 0
    18ea:	0e 94 3b 0a 	call	0x1476	; 0x1476 <LCD_voidSendString>

    for(Local_u8Idx = 0; Local_u8Idx < Copy_u8Level; Local_u8Idx++)
    18ee:	1d 82       	std	Y+5, r1	; 0x05
    18f0:	28 c0       	rjmp	.+80     	; 0x1942 <DisplaySequence+0x94>
    {
        LCD_voidGoToXY(1, 0);
    18f2:	81 e0       	ldi	r24, 0x01	; 1
    18f4:	60 e0       	ldi	r22, 0x00	; 0
    18f6:	0e 94 64 0a 	call	0x14c8	; 0x14c8 <LCD_voidGoToXY>
        LCD_voidSendNumber(Copy_pu8Seq[Local_u8Idx]);
    18fa:	8d 81       	ldd	r24, Y+5	; 0x05
    18fc:	28 2f       	mov	r18, r24
    18fe:	30 e0       	ldi	r19, 0x00	; 0
    1900:	8e 81       	ldd	r24, Y+6	; 0x06
    1902:	9f 81       	ldd	r25, Y+7	; 0x07
    1904:	fc 01       	movw	r30, r24
    1906:	e2 0f       	add	r30, r18
    1908:	f3 1f       	adc	r31, r19
    190a:	80 81       	ld	r24, Z
    190c:	88 2f       	mov	r24, r24
    190e:	90 e0       	ldi	r25, 0x00	; 0
    1910:	a0 e0       	ldi	r26, 0x00	; 0
    1912:	b0 e0       	ldi	r27, 0x00	; 0
    1914:	bc 01       	movw	r22, r24
    1916:	cd 01       	movw	r24, r26
    1918:	0e 94 8d 0a 	call	0x151a	; 0x151a <LCD_voidSendNumber>
        TIMER_voidDelayMs(Local_u16Delay);
    191c:	89 81       	ldd	r24, Y+1	; 0x01
    191e:	9a 81       	ldd	r25, Y+2	; 0x02
    1920:	0e 94 3a 0b 	call	0x1674	; 0x1674 <TIMER_voidDelayMs>

        LCD_voidGoToXY(1, 0);
    1924:	81 e0       	ldi	r24, 0x01	; 1
    1926:	60 e0       	ldi	r22, 0x00	; 0
    1928:	0e 94 64 0a 	call	0x14c8	; 0x14c8 <LCD_voidGoToXY>
        LCD_voidSendString((u8*)"  "); /* blink off before next digit */
    192c:	89 e8       	ldi	r24, 0x89	; 137
    192e:	90 e0       	ldi	r25, 0x00	; 0
    1930:	0e 94 3b 0a 	call	0x1476	; 0x1476 <LCD_voidSendString>
        TIMER_voidDelayMs(200);
    1934:	88 ec       	ldi	r24, 0xC8	; 200
    1936:	90 e0       	ldi	r25, 0x00	; 0
    1938:	0e 94 3a 0b 	call	0x1674	; 0x1674 <TIMER_voidDelayMs>
    Local_u16Delay = 200 + (Local_u16AdcValue / 2); /* ~200ms .. ~711ms */

    LCD_voidClear();
    LCD_voidSendString((u8*)"Watch:");

    for(Local_u8Idx = 0; Local_u8Idx < Copy_u8Level; Local_u8Idx++)
    193c:	8d 81       	ldd	r24, Y+5	; 0x05
    193e:	8f 5f       	subi	r24, 0xFF	; 255
    1940:	8d 83       	std	Y+5, r24	; 0x05
    1942:	9d 81       	ldd	r25, Y+5	; 0x05
    1944:	88 85       	ldd	r24, Y+8	; 0x08
    1946:	98 17       	cp	r25, r24
    1948:	a0 f2       	brcs	.-88     	; 0x18f2 <DisplaySequence+0x44>

        LCD_voidGoToXY(1, 0);
        LCD_voidSendString((u8*)"  "); /* blink off before next digit */
        TIMER_voidDelayMs(200);
    }
    LCD_voidClear();
    194a:	0e 94 7f 0a 	call	0x14fe	; 0x14fe <LCD_voidClear>
}
    194e:	28 96       	adiw	r28, 0x08	; 8
    1950:	0f b6       	in	r0, 0x3f	; 63
    1952:	f8 94       	cli
    1954:	de bf       	out	0x3e, r29	; 62
    1956:	0f be       	out	0x3f, r0	; 63
    1958:	cd bf       	out	0x3d, r28	; 61
    195a:	cf 91       	pop	r28
    195c:	df 91       	pop	r29
    195e:	08 95       	ret

00001960 <GetPlayerInput>:

/* Waits for Copy_u8Level digit key presses and compares them, in order,
   against the stored sequence. Returns 1 on full match, 0 on first mismatch. */
static u8 GetPlayerInput(u8 *Copy_pu8Seq, u8 Copy_u8Level)
{
    1960:	df 93       	push	r29
    1962:	cf 93       	push	r28
    1964:	00 d0       	rcall	.+0      	; 0x1966 <GetPlayerInput+0x6>
    1966:	00 d0       	rcall	.+0      	; 0x1968 <GetPlayerInput+0x8>
    1968:	00 d0       	rcall	.+0      	; 0x196a <GetPlayerInput+0xa>
    196a:	cd b7       	in	r28, 0x3d	; 61
    196c:	de b7       	in	r29, 0x3e	; 62
    196e:	9c 83       	std	Y+4, r25	; 0x04
    1970:	8b 83       	std	Y+3, r24	; 0x03
    1972:	6d 83       	std	Y+5, r22	; 0x05
    u8 Local_u8Idx;
    u8 Local_u8Key;

    LCD_voidSendString((u8*)"Your turn:");
    1974:	8c e8       	ldi	r24, 0x8C	; 140
    1976:	90 e0       	ldi	r25, 0x00	; 0
    1978:	0e 94 3b 0a 	call	0x1476	; 0x1476 <LCD_voidSendString>
    LCD_voidGoToXY(1, 0);
    197c:	81 e0       	ldi	r24, 0x01	; 1
    197e:	60 e0       	ldi	r22, 0x00	; 0
    1980:	0e 94 64 0a 	call	0x14c8	; 0x14c8 <LCD_voidGoToXY>

    for(Local_u8Idx = 0; Local_u8Idx < Copy_u8Level; Local_u8Idx++)
    1984:	1a 82       	std	Y+2, r1	; 0x02
    1986:	1f c0       	rjmp	.+62     	; 0x19c6 <GetPlayerInput+0x66>
    {
        do
        {
            Local_u8Key = KEYPAD_u8WaitForKey();
    1988:	0e 94 56 09 	call	0x12ac	; 0x12ac <KEYPAD_u8WaitForKey>
    198c:	89 83       	std	Y+1, r24	; 0x01
        } while(Local_u8Key < '0' || Local_u8Key > '9'); /* digits only */
    198e:	89 81       	ldd	r24, Y+1	; 0x01
    1990:	80 33       	cpi	r24, 0x30	; 48
    1992:	d0 f3       	brcs	.-12     	; 0x1988 <GetPlayerInput+0x28>
    1994:	89 81       	ldd	r24, Y+1	; 0x01
    1996:	8a 33       	cpi	r24, 0x3A	; 58
    1998:	b8 f7       	brcc	.-18     	; 0x1988 <GetPlayerInput+0x28>

        LCD_voidSendChar(Local_u8Key);
    199a:	89 81       	ldd	r24, Y+1	; 0x01
    199c:	0e 94 cd 09 	call	0x139a	; 0x139a <LCD_voidSendChar>

        if((u8)(Local_u8Key - '0') != Copy_pu8Seq[Local_u8Idx])
    19a0:	89 81       	ldd	r24, Y+1	; 0x01
    19a2:	48 2f       	mov	r20, r24
    19a4:	40 53       	subi	r20, 0x30	; 48
    19a6:	8a 81       	ldd	r24, Y+2	; 0x02
    19a8:	28 2f       	mov	r18, r24
    19aa:	30 e0       	ldi	r19, 0x00	; 0
    19ac:	8b 81       	ldd	r24, Y+3	; 0x03
    19ae:	9c 81       	ldd	r25, Y+4	; 0x04
    19b0:	fc 01       	movw	r30, r24
    19b2:	e2 0f       	add	r30, r18
    19b4:	f3 1f       	adc	r31, r19
    19b6:	80 81       	ld	r24, Z
    19b8:	48 17       	cp	r20, r24
    19ba:	11 f0       	breq	.+4      	; 0x19c0 <GetPlayerInput+0x60>
        {
            return 0; /* wrong digit */
    19bc:	1e 82       	std	Y+6, r1	; 0x06
    19be:	09 c0       	rjmp	.+18     	; 0x19d2 <GetPlayerInput+0x72>
    u8 Local_u8Key;

    LCD_voidSendString((u8*)"Your turn:");
    LCD_voidGoToXY(1, 0);

    for(Local_u8Idx = 0; Local_u8Idx < Copy_u8Level; Local_u8Idx++)
    19c0:	8a 81       	ldd	r24, Y+2	; 0x02
    19c2:	8f 5f       	subi	r24, 0xFF	; 255
    19c4:	8a 83       	std	Y+2, r24	; 0x02
    19c6:	9a 81       	ldd	r25, Y+2	; 0x02
    19c8:	8d 81       	ldd	r24, Y+5	; 0x05
    19ca:	98 17       	cp	r25, r24
    19cc:	e8 f2       	brcs	.-70     	; 0x1988 <GetPlayerInput+0x28>
        if((u8)(Local_u8Key - '0') != Copy_pu8Seq[Local_u8Idx])
        {
            return 0; /* wrong digit */
        }
    }
    return 1; /* full sequence correct */
    19ce:	81 e0       	ldi	r24, 0x01	; 1
    19d0:	8e 83       	std	Y+6, r24	; 0x06
    19d2:	8e 81       	ldd	r24, Y+6	; 0x06
}
    19d4:	26 96       	adiw	r28, 0x06	; 6
    19d6:	0f b6       	in	r0, 0x3f	; 63
    19d8:	f8 94       	cli
    19da:	de bf       	out	0x3e, r29	; 62
    19dc:	0f be       	out	0x3f, r0	; 63
    19de:	cd bf       	out	0x3d, r28	; 61
    19e0:	cf 91       	pop	r28
    19e2:	df 91       	pop	r29
    19e4:	08 95       	ret

000019e6 <GameOver>:

static void GameOver(u8 Copy_u8Level)
{
    19e6:	df 93       	push	r29
    19e8:	cf 93       	push	r28
    19ea:	0f 92       	push	r0
    19ec:	cd b7       	in	r28, 0x3d	; 61
    19ee:	de b7       	in	r29, 0x3e	; 62
    19f0:	89 83       	std	Y+1, r24	; 0x01
    LCD_voidClear();
    19f2:	0e 94 7f 0a 	call	0x14fe	; 0x14fe <LCD_voidClear>
    LCD_voidSendString((u8*)"Game Over!");
    19f6:	87 e9       	ldi	r24, 0x97	; 151
    19f8:	90 e0       	ldi	r25, 0x00	; 0
    19fa:	0e 94 3b 0a 	call	0x1476	; 0x1476 <LCD_voidSendString>
    LCD_voidGoToXY(1, 0);
    19fe:	81 e0       	ldi	r24, 0x01	; 1
    1a00:	60 e0       	ldi	r22, 0x00	; 0
    1a02:	0e 94 64 0a 	call	0x14c8	; 0x14c8 <LCD_voidGoToXY>
    LCD_voidSendString((u8*)"Score:");
    1a06:	82 ea       	ldi	r24, 0xA2	; 162
    1a08:	90 e0       	ldi	r25, 0x00	; 0
    1a0a:	0e 94 3b 0a 	call	0x1476	; 0x1476 <LCD_voidSendString>
    LCD_voidSendNumber(Copy_u8Level - 1);
    1a0e:	89 81       	ldd	r24, Y+1	; 0x01
    1a10:	88 2f       	mov	r24, r24
    1a12:	90 e0       	ldi	r25, 0x00	; 0
    1a14:	01 97       	sbiw	r24, 0x01	; 1
    1a16:	aa 27       	eor	r26, r26
    1a18:	97 fd       	sbrc	r25, 7
    1a1a:	a0 95       	com	r26
    1a1c:	ba 2f       	mov	r27, r26
    1a1e:	bc 01       	movw	r22, r24
    1a20:	cd 01       	movw	r24, r26
    1a22:	0e 94 8d 0a 	call	0x151a	; 0x151a <LCD_voidSendNumber>

    DIO_voidSetPinValue(BUZZER_PORT, BUZZER_PIN, DIO_HIGH);
    1a26:	83 e0       	ldi	r24, 0x03	; 3
    1a28:	67 e0       	ldi	r22, 0x07	; 7
    1a2a:	41 e0       	ldi	r20, 0x01	; 1
    1a2c:	0e 94 c2 06 	call	0xd84	; 0xd84 <DIO_voidSetPinValue>
    TIMER_voidDelayMs(1000);
    1a30:	88 ee       	ldi	r24, 0xE8	; 232
    1a32:	93 e0       	ldi	r25, 0x03	; 3
    1a34:	0e 94 3a 0b 	call	0x1674	; 0x1674 <TIMER_voidDelayMs>
    DIO_voidSetPinValue(BUZZER_PORT, BUZZER_PIN, DIO_LOW);
    1a38:	83 e0       	ldi	r24, 0x03	; 3
    1a3a:	67 e0       	ldi	r22, 0x07	; 7
    1a3c:	40 e0       	ldi	r20, 0x00	; 0
    1a3e:	0e 94 c2 06 	call	0xd84	; 0xd84 <DIO_voidSetPinValue>

    LCD_voidGoToXY(1, 10);
    1a42:	81 e0       	ldi	r24, 0x01	; 1
    1a44:	6a e0       	ldi	r22, 0x0A	; 10
    1a46:	0e 94 64 0a 	call	0x14c8	; 0x14c8 <LCD_voidGoToXY>
    LCD_voidSendString((u8*)"Key?");
    1a4a:	89 ea       	ldi	r24, 0xA9	; 169
    1a4c:	90 e0       	ldi	r25, 0x00	; 0
    1a4e:	0e 94 3b 0a 	call	0x1476	; 0x1476 <LCD_voidSendString>
    KEYPAD_u8WaitForKey();
    1a52:	0e 94 56 09 	call	0x12ac	; 0x12ac <KEYPAD_u8WaitForKey>
    LCD_voidClear();
    1a56:	0e 94 7f 0a 	call	0x14fe	; 0x14fe <LCD_voidClear>
}
    1a5a:	0f 90       	pop	r0
    1a5c:	cf 91       	pop	r28
    1a5e:	df 91       	pop	r29
    1a60:	08 95       	ret

00001a62 <__udivmodhi4>:
    1a62:	aa 1b       	sub	r26, r26
    1a64:	bb 1b       	sub	r27, r27
    1a66:	51 e1       	ldi	r21, 0x11	; 17
    1a68:	07 c0       	rjmp	.+14     	; 0x1a78 <__udivmodhi4_ep>

00001a6a <__udivmodhi4_loop>:
    1a6a:	aa 1f       	adc	r26, r26
    1a6c:	bb 1f       	adc	r27, r27
    1a6e:	a6 17       	cp	r26, r22
    1a70:	b7 07       	cpc	r27, r23
    1a72:	10 f0       	brcs	.+4      	; 0x1a78 <__udivmodhi4_ep>
    1a74:	a6 1b       	sub	r26, r22
    1a76:	b7 0b       	sbc	r27, r23

00001a78 <__udivmodhi4_ep>:
    1a78:	88 1f       	adc	r24, r24
    1a7a:	99 1f       	adc	r25, r25
    1a7c:	5a 95       	dec	r21
    1a7e:	a9 f7       	brne	.-22     	; 0x1a6a <__udivmodhi4_loop>
    1a80:	80 95       	com	r24
    1a82:	90 95       	com	r25
    1a84:	bc 01       	movw	r22, r24
    1a86:	cd 01       	movw	r24, r26
    1a88:	08 95       	ret

00001a8a <__divmodsi4>:
    1a8a:	97 fb       	bst	r25, 7
    1a8c:	09 2e       	mov	r0, r25
    1a8e:	05 26       	eor	r0, r21
    1a90:	0e d0       	rcall	.+28     	; 0x1aae <__divmodsi4_neg1>
    1a92:	57 fd       	sbrc	r21, 7
    1a94:	04 d0       	rcall	.+8      	; 0x1a9e <__divmodsi4_neg2>
    1a96:	14 d0       	rcall	.+40     	; 0x1ac0 <__udivmodsi4>
    1a98:	0a d0       	rcall	.+20     	; 0x1aae <__divmodsi4_neg1>
    1a9a:	00 1c       	adc	r0, r0
    1a9c:	38 f4       	brcc	.+14     	; 0x1aac <__divmodsi4_exit>

00001a9e <__divmodsi4_neg2>:
    1a9e:	50 95       	com	r21
    1aa0:	40 95       	com	r20
    1aa2:	30 95       	com	r19
    1aa4:	21 95       	neg	r18
    1aa6:	3f 4f       	sbci	r19, 0xFF	; 255
    1aa8:	4f 4f       	sbci	r20, 0xFF	; 255
    1aaa:	5f 4f       	sbci	r21, 0xFF	; 255

00001aac <__divmodsi4_exit>:
    1aac:	08 95       	ret

00001aae <__divmodsi4_neg1>:
    1aae:	f6 f7       	brtc	.-4      	; 0x1aac <__divmodsi4_exit>
    1ab0:	90 95       	com	r25
    1ab2:	80 95       	com	r24
    1ab4:	70 95       	com	r23
    1ab6:	61 95       	neg	r22
    1ab8:	7f 4f       	sbci	r23, 0xFF	; 255
    1aba:	8f 4f       	sbci	r24, 0xFF	; 255
    1abc:	9f 4f       	sbci	r25, 0xFF	; 255
    1abe:	08 95       	ret

00001ac0 <__udivmodsi4>:
    1ac0:	a1 e2       	ldi	r26, 0x21	; 33
    1ac2:	1a 2e       	mov	r1, r26
    1ac4:	aa 1b       	sub	r26, r26
    1ac6:	bb 1b       	sub	r27, r27
    1ac8:	fd 01       	movw	r30, r26
    1aca:	0d c0       	rjmp	.+26     	; 0x1ae6 <__udivmodsi4_ep>

00001acc <__udivmodsi4_loop>:
    1acc:	aa 1f       	adc	r26, r26
    1ace:	bb 1f       	adc	r27, r27
    1ad0:	ee 1f       	adc	r30, r30
    1ad2:	ff 1f       	adc	r31, r31
    1ad4:	a2 17       	cp	r26, r18
    1ad6:	b3 07       	cpc	r27, r19
    1ad8:	e4 07       	cpc	r30, r20
    1ada:	f5 07       	cpc	r31, r21
    1adc:	20 f0       	brcs	.+8      	; 0x1ae6 <__udivmodsi4_ep>
    1ade:	a2 1b       	sub	r26, r18
    1ae0:	b3 0b       	sbc	r27, r19
    1ae2:	e4 0b       	sbc	r30, r20
    1ae4:	f5 0b       	sbc	r31, r21

00001ae6 <__udivmodsi4_ep>:
    1ae6:	66 1f       	adc	r22, r22
    1ae8:	77 1f       	adc	r23, r23
    1aea:	88 1f       	adc	r24, r24
    1aec:	99 1f       	adc	r25, r25
    1aee:	1a 94       	dec	r1
    1af0:	69 f7       	brne	.-38     	; 0x1acc <__udivmodsi4_loop>
    1af2:	60 95       	com	r22
    1af4:	70 95       	com	r23
    1af6:	80 95       	com	r24
    1af8:	90 95       	com	r25
    1afa:	9b 01       	movw	r18, r22
    1afc:	ac 01       	movw	r20, r24
    1afe:	bd 01       	movw	r22, r26
    1b00:	cf 01       	movw	r24, r30
    1b02:	08 95       	ret

00001b04 <__prologue_saves__>:
    1b04:	2f 92       	push	r2
    1b06:	3f 92       	push	r3
    1b08:	4f 92       	push	r4
    1b0a:	5f 92       	push	r5
    1b0c:	6f 92       	push	r6
    1b0e:	7f 92       	push	r7
    1b10:	8f 92       	push	r8
    1b12:	9f 92       	push	r9
    1b14:	af 92       	push	r10
    1b16:	bf 92       	push	r11
    1b18:	cf 92       	push	r12
    1b1a:	df 92       	push	r13
    1b1c:	ef 92       	push	r14
    1b1e:	ff 92       	push	r15
    1b20:	0f 93       	push	r16
    1b22:	1f 93       	push	r17
    1b24:	cf 93       	push	r28
    1b26:	df 93       	push	r29
    1b28:	cd b7       	in	r28, 0x3d	; 61
    1b2a:	de b7       	in	r29, 0x3e	; 62
    1b2c:	ca 1b       	sub	r28, r26
    1b2e:	db 0b       	sbc	r29, r27
    1b30:	0f b6       	in	r0, 0x3f	; 63
    1b32:	f8 94       	cli
    1b34:	de bf       	out	0x3e, r29	; 62
    1b36:	0f be       	out	0x3f, r0	; 63
    1b38:	cd bf       	out	0x3d, r28	; 61
    1b3a:	09 94       	ijmp

00001b3c <__epilogue_restores__>:
    1b3c:	2a 88       	ldd	r2, Y+18	; 0x12
    1b3e:	39 88       	ldd	r3, Y+17	; 0x11
    1b40:	48 88       	ldd	r4, Y+16	; 0x10
    1b42:	5f 84       	ldd	r5, Y+15	; 0x0f
    1b44:	6e 84       	ldd	r6, Y+14	; 0x0e
    1b46:	7d 84       	ldd	r7, Y+13	; 0x0d
    1b48:	8c 84       	ldd	r8, Y+12	; 0x0c
    1b4a:	9b 84       	ldd	r9, Y+11	; 0x0b
    1b4c:	aa 84       	ldd	r10, Y+10	; 0x0a
    1b4e:	b9 84       	ldd	r11, Y+9	; 0x09
    1b50:	c8 84       	ldd	r12, Y+8	; 0x08
    1b52:	df 80       	ldd	r13, Y+7	; 0x07
    1b54:	ee 80       	ldd	r14, Y+6	; 0x06
    1b56:	fd 80       	ldd	r15, Y+5	; 0x05
    1b58:	0c 81       	ldd	r16, Y+4	; 0x04
    1b5a:	1b 81       	ldd	r17, Y+3	; 0x03
    1b5c:	aa 81       	ldd	r26, Y+2	; 0x02
    1b5e:	b9 81       	ldd	r27, Y+1	; 0x01
    1b60:	ce 0f       	add	r28, r30
    1b62:	d1 1d       	adc	r29, r1
    1b64:	0f b6       	in	r0, 0x3f	; 63
    1b66:	f8 94       	cli
    1b68:	de bf       	out	0x3e, r29	; 62
    1b6a:	0f be       	out	0x3f, r0	; 63
    1b6c:	cd bf       	out	0x3d, r28	; 61
    1b6e:	ed 01       	movw	r28, r26
    1b70:	08 95       	ret

00001b72 <_exit>:
    1b72:	f8 94       	cli

00001b74 <__stop_program>:
    1b74:	ff cf       	rjmp	.-2      	; 0x1b74 <__stop_program>
